name,article,price,delivery_terms,url,characteristics_json
Бытовка строительная металлическая Б 01,,130880,Срок изготовления: 2-5 рабочих дней,https://unistroy.pro/bytovka-stroitelnaya-metallicheskaya-b-01,"[{""section"":""Общие характеристики"",""label"":""Высота:"",""value"":""2,5 м.""},{""section"":""Общие характеристики"",""label"":""Высота потолков:"",""value"":""2,2 м.""},{""section"":""Металлокаркас"",""label"":""Верхняя обвязка"",""value"":""Швеллер сложногнутый х/к 120х50х3 мм.""},{""section"":""Металлокаркас"",""label"":""Нижняя обвязка:"",""value"":""Швеллер х/к 120х50х3 мм.""},{""section"":""Металлокаркас"",""label"":""Угловая стойка:"",""value"":""Угол усиленный х/к 90х90х3 мм.""},{""section"":""Металлокаркас"",""label"":""Усиление пола:"",""value"":""Сдвоенный металлический уголок, шаг 1200 мм.""},{""section"":""Металлокаркас"",""label"":""Плоская кровля:"",""value"":""Х/к стальной лист 1 мм. Швы проварены сплошным швом, листы окрашены суриком, эмалированы.""},{""section"":""Металлокаркас"",""label"":""Цвет:"",""value"":""RAL 7024, либо другой стандартный цвет.""},{""section"":""Деревянный каркас"",""label"":""Второстепенный каркас стен:"",""value"":""Доска 100х40 мм 1-ого сорта.""},{""section"":""Деревянный каркас"",""label"":""Второстепенный каркас потолка:"",""value"":""Доска 100х40 мм, настил из обрезанной доски 25х100 мм.""},{""section"":""Деревянный каркас"",""label"":""Второстепенный каркас пола:"",""value"":""Настил из обрезанной доски 25х100 мм, доска 100х40 мм, настил обрезанная доска 25х100 мм.""},{""section"":""Отделка"",""label"":""Наружная обшивка:"",""value"":""Стальной оцинкованный профилированный лист «С8», толщина 0,45 мм.""},{""section"":""Отделка"",""label"":""Теплоизоляция:"",""value"":""Рулонная минеральная вата 50 мм пола, потолка, стен, плотность 11 кг/м³""},{""section"":""Отделка"",""label"":""Ветро-парозащита:"",""value"":""ПВХ пленка, толщиной 80 мкр.""},{""section"":""Отделка"",""label"":""Финишная отделка пола:"",""value"":""ДСП 16 мм.""},{""section"":""Двери"",""label"":""Входная дверь:"",""value"":""Каркасная обшитая ДВП, снаружи обшита гладким оцинкованным листом, с врезанным замком и ручкой, 800х2000 мм.""},{""section"":""Окна"",""label"":""Окно:"",""value"":""Деревянное, с двойным остеклением, размер 1000х1000 мм, с поворотной створкой.""},{""section"":""Дополнительное оборудование"",""label"":""Слаботочные системы (СЛС): оповещение, видеонаблюдение, контроль доступа, охранная сигнализация, LAN и Wi‑Fi."",""value"":""Оставьте заявку для расчета в тендер""},{""section"":""Дополнительное оборудование"",""label"":""Готовы рассмотреть предложения по участию в тендерах по строительству, монтажу и поставке бытовок, блок контейнеров и модульных зданий"",""value"":""Фотографии""}]"
Бытовка строительная металлическая Б 02,,141800,,https://unistroy.pro/bytovka-stroitelnaya-metallicheskaya-b-02,"[{""section"":""Общие характеристики"",""label"":""Высота:"",""value"":""2,5 м.""},{""section"":""Общие характеристики"",""label"":""Высота потолков:"",""value"":""2,2 м.""},{""section"":""Металлокаркас"",""label"":""Верхняя обвязка"",""value"":""Швеллер сложногнутый х/к 120х50х3 мм.""},{""section"":""Металлокаркас"",""label"":""Нижняя обвязка:"",""value"":""Швеллер х/к 120х50х3 мм.""},{""section"":""Металлокаркас"",""label"":""Угловая стойка:"",""value"":""Угол усиленный х/к 90х90х3 мм.""},{""section"":""Металлокаркас"",""label"":""Усиление пола:"",""value"":""Сдвоенный металлический уголок, шаг 1200 мм.""},{""section"":""Металлокаркас"",""label"":""Плоская кровля:"",""value"":""Х/к стальной лист 1 мм. Швы проварены сплошным швом, листы окрашены суриком, эмалированы.""},{""section"":""Металлокаркас"",""label"":""Цвет:"",""value"":""RAL 7024, либо другой стандартный цвет.""},{""section"":""Деревянный каркас"",""label"":""Второстепенный каркас стен:"",""value"":""Доска 100х40 мм 1-ого сорта.""},{""section"":""Деревянный каркас"",""label"":""Второстепенный каркас потолка:"",""value"":""Доска 100х40 мм, настил из обрезанной доски 25х100 мм.""},{""section"":""Деревянный каркас"",""label"":""Второстепенный каркас пола:"",""value"":""Настил из обрезанной доски 25х100 мм, доска 100х40 мм, настил обрезанная доска 25х100 мм.""},{""section"":""Отделка"",""label"":""Наружная обшивка:"",""value"":""Стальной оцинкованный профилированный лист «С8», толщина 0,45 мм.""},{""section"":""Отделка"",""label"":""Теплоизоляция:"",""value"":""Рулонная минеральная вата 50 мм пола, потолка, стен, плотность 11 кг/м³""},{""section"":""Отделка"",""label"":""Ветро-парозащита:"",""value"":""ПВХ пленка, толщиной 80 мкр.""},{""section"":""Отделка"",""label"":""Финишная отделка пола:"",""value"":""ДСП 16 мм.""},{""section"":""Двери"",""label"":""Входная дверь:"",""value"":""Каркасная обшитая ДВП, снаружи обшита гладким оцинкованным листом, с врезанным замком и ручкой, 800х2000 мм.""},{""section"":""Двери"",""label"":""Межкомнатная дверь:"",""value"":""Каркасная обшитая ДВП, с врезанным замком и ручкой, 800х2000 мм.""},{""section"":""Окна"",""label"":""Окно:"",""value"":""Деревянное, с двойным остеклением, размер 1000х1000 мм, с поворотной створкой.""},{""section"":""Дополнительное оборудование"",""label"":""Слаботочные системы (СЛС): оповещение, видеонаблюдение, контроль доступа, охранная сигнализация, LAN и Wi‑Fi."",""value"":""Оставьте заявку для расчета в тендер""},{""section"":""Дополнительное оборудование"",""label"":""Готовы рассмотреть предложения по участию в тендерах по строительству, монтажу и поставке бытовок, блок контейнеров и модульных зданий"",""value"":""Фотографии""}]"
Бытовка строительная металлическая Б 03,,141800,,https://unistroy.pro/bytovka-stroitelnaya-metallicheskaya-b-03,"[{""section"":""Общие характеристики"",""label"":""Высота:"",""value"":""2,5 м.""},{""section"":""Общие характеристики"",""label"":""Высота потолков:"",""value"":""2,2 м.""},{""section"":""Металлокаркас"",""label"":""Верхняя обвязка"",""value"":""Швеллер сложногнутый х/к 120х50х3 мм.""},{""section"":""Металлокаркас"",""label"":""Нижняя обвязка:"",""value"":""Швеллер х/к 120х50х3 мм.""},{""section"":""Металлокаркас"",""label"":""Угловая стойка:"",""value"":""Угол усиленный х/к 90х90х3 мм.""},{""section"":""Металлокаркас"",""label"":""Усиление пола:"",""value"":""Сдвоенный металлический уголок, шаг 1200 мм.""},{""section"":""Металлокаркас"",""label"":""Плоская кровля:"",""value"":""Х/к стальной лист 1 мм. Швы проварены сплошным швом, листы окрашены суриком, эмалированы.""},{""section"":""Металлокаркас"",""label"":""Цвет:"",""value"":""RAL 7024, либо другой стандартный цвет.""},{""section"":""Деревянный каркас"",""label"":""Второстепенный каркас стен:"",""value"":""Доска 100х40 мм 1-ого сорта.""},{""section"":""Деревянный каркас"",""label"":""Второстепенный каркас потолка:"",""value"":""Доска 100х40 мм, настил из обрезанной доски 25х100 мм.""},{""section"":""Деревянный каркас"",""label"":""Второстепенный каркас пола:"",""value"":""Настил из обрезанной доски 25х100 мм, доска 100х40 мм, настил обрезанная доска 25х100 мм.""},{""section"":""Отделка"",""label"":""Наружная обшивка:"",""value"":""Стальной оцинкованный профилированный лист «С8», толщина 0,45 мм.""},{""section"":""Отделка"",""label"":""Теплоизоляция:"",""value"":""Рулонная минеральная вата 50 мм пола, потолка, стен, плотность 11 кг/м³""},{""section"":""Отделка"",""label"":""Ветро-парозащита:"",""value"":""ПВХ пленка, толщиной 80 мкр.""},{""section"":""Отделка"",""label"":""Финишная отделка пола:"",""value"":""ДСП 16 мм.""},{""section"":""Двери"",""label"":""Входная дверь:"",""value"":""Каркасная обшитая ДВП, снаружи обшита гладким оцинкованным листом, с врезанным замком и ручкой, 800х2000 мм.""},{""section"":""Двери"",""label"":""Межкомнатная дверь:"",""value"":""Каркасная обшитая ДВП, с врезанным замком и ручкой, 800х2000 мм.""},{""section"":""Окна"",""label"":""Окно:"",""value"":""Деревянное, с двойным остеклением, размер 1000х1000 мм, с поворотной створкой.""},{""section"":""Дополнительное оборудование"",""label"":""Слаботочные системы (СЛС): оповещение, видеонаблюдение, контроль доступа, охранная сигнализация, LAN и Wi‑Fi."",""value"":""Оставьте заявку для расчета в тендер""},{""section"":""Дополнительное оборудование"",""label"":""Готовы рассмотреть предложения по участию в тендерах по строительству, монтажу и поставке бытовок, блок контейнеров и модульных зданий"",""value"":""Фотографии""}]"
Бытовка строительная металлическая Б 04,,144800,,https://unistroy.pro/bytovka-stroitelnaya-metallicheskaya-b-04,"[{""section"":""Общие характеристики"",""label"":""Высота:"",""value"":""2,5 м.""},{""section"":""Общие характеристики"",""label"":""Высота потолков:"",""value"":""2,2 м.""},{""section"":""Металлокаркас"",""label"":""Верхняя обвязка"",""value"":""Швеллер сложногнутый х/к 120х50х3 мм.""},{""section"":""Металлокаркас"",""label"":""Нижняя обвязка:"",""value"":""Швеллер х/к 120х50х3 мм.""},{""section"":""Металлокаркас"",""label"":""Угловая стойка:"",""value"":""Угол усиленный х/к 90х90х3 мм.""},{""section"":""Металлокаркас"",""label"":""Усиление пола:"",""value"":""Сдвоенный металлический уголок, шаг 1200 мм.""},{""section"":""Металлокаркас"",""label"":""Плоская кровля:"",""value"":""Х/к стальной лист 1 мм. Швы проварены сплошным швом, листы окрашены суриком, эмалированы.""},{""section"":""Металлокаркас"",""label"":""Цвет:"",""value"":""RAL 7024, либо другой стандартный цвет.""},{""section"":""Деревянный каркас"",""label"":""Второстепенный каркас стен:"",""value"":""Доска 100х40 мм 1-ого сорта.""},{""section"":""Деревянный каркас"",""label"":""Второстепенный каркас потолка:"",""value"":""Доска 100х40 мм, настил из обрезанной доски 25х100 мм.""},{""section"":""Деревянный каркас"",""label"":""Второстепенный каркас пола:"",""value"":""Настил из обрезанной доски 25х100 мм, доска 100х40 мм, настил обрезанная доска 25х100 мм.""},{""section"":""Отделка"",""label"":""Наружная обшивка:"",""value"":""Стальной оцинкованный профилированный лист «С8», толщина 0,45 мм.""},{""section"":""Отделка"",""label"":""Теплоизоляция:"",""value"":""Рулонная минеральная вата 50 мм пола, потолка, стен, плотность 11 кг/м³""},{""section"":""Отделка"",""label"":""Ветро-парозащита:"",""value"":""ПВХ пленка, толщиной 80 мкр.""},{""section"":""Отделка"",""label"":""Финишная отделка пола:"",""value"":""ДСП 16 мм.""},{""section"":""Двери"",""label"":""Входная дверь:"",""value"":""Каркасная обшитая ДВП, снаружи обшита гладким оцинкованным листом, с врезанным замком и ручкой, 800х2000 мм.""},{""section"":""Двери"",""label"":""Межкомнатная дверь:"",""value"":""Каркасная обшитая ДВП, с врезанным замком и ручкой, 800х2000 мм.""},{""section"":""Окна"",""label"":""Окно:"",""value"":""Деревянное, с двойным остеклением, размер 1000х1000 мм, с поворотной створкой.""},{""section"":""Дополнительное оборудование"",""label"":""Слаботочные системы (СЛС): оповещение, видеонаблюдение, контроль доступа, охранная сигнализация, LAN и Wi‑Fi."",""value"":""Оставьте заявку для расчета в тендер""},{""section"":""Дополнительное оборудование"",""label"":""Готовы рассмотреть предложения по участию в тендерах по строительству, монтажу и поставке бытовок, блок контейнеров и модульных зданий"",""value"":""Фотографии""}]"
Бытовка строительная металлическая Б 05,,155800,,https://unistroy.pro/bytovka-stroitelnaya-metallicheskaya-b-05,"[{""section"":""Общие характеристики"",""label"":""Высота:"",""value"":""2,5 м.""},{""section"":""Общие характеристики"",""label"":""Высота потолков:"",""value"":""2,2 м.""},{""section"":""Металлокаркас"",""label"":""Верхняя обвязка"",""value"":""Швеллер сложногнутый х/к 120х50х3 мм.""},{""section"":""Металлокаркас"",""label"":""Нижняя обвязка:"",""value"":""Швеллер х/к 120х50х3 мм.""},{""section"":""Металлокаркас"",""label"":""Угловая стойка:"",""value"":""Угол усиленный х/к 90х90х3 мм.""},{""section"":""Металлокаркас"",""label"":""Усиление пола:"",""value"":""Сдвоенный металлический уголок, шаг 1200 мм.""},{""section"":""Металлокаркас"",""label"":""Плоская кровля:"",""value"":""Х/к стальной лист 1 мм. Швы проварены сплошным швом, листы окрашены суриком, эмалированы.""},{""section"":""Металлокаркас"",""label"":""Цвет:"",""value"":""RAL 7024, либо другой стандартный цвет.""},{""section"":""Деревянный каркас"",""label"":""Второстепенный каркас стен:"",""value"":""Доска 100х40 мм 1-ого сорта.""},{""section"":""Деревянный каркас"",""label"":""Второстепенный каркас потолка:"",""value"":""Доска 100х40 мм, настил из обрезанной доски 25х100 мм.""},{""section"":""Деревянный каркас"",""label"":""Второстепенный каркас пола:"",""value"":""Настил из обрезанной доски 25х100 мм, доска 100х40 мм, настил обрезанная доска 25х100 мм.""},{""section"":""Отделка"",""label"":""Наружная обшивка:"",""value"":""Стальной оцинкованный профилированный лист «С8», толщина 0,45 мм.""},{""section"":""Отделка"",""label"":""Теплоизоляция:"",""value"":""Рулонная минеральная вата 50 мм пола, потолка, стен, плотность 11 кг/м³""},{""section"":""Отделка"",""label"":""Ветро-парозащита:"",""value"":""ПВХ пленка, толщиной 80 мкр.""},{""section"":""Отделка"",""label"":""Финишная отделка пола:"",""value"":""ДСП 16 мм.""},{""section"":""Двери"",""label"":""Входная дверь:"",""value"":""Каркасная обшитая ДВП, снаружи обшита гладким оцинкованным листом, с врезанным замком и ручкой, 800х2000 мм.""},{""section"":""Двери"",""label"":""Межкомнатная дверь:"",""value"":""Каркасная обшитая ДВП, с врезанным замком и ручкой, 800х2000 мм.""},{""section"":""Окна"",""label"":""Окно:"",""value"":""Деревянное, с двойным остеклением, размер 1000х1000 мм, с поворотной створкой.""},{""section"":""Дополнительное оборудование"",""label"":""Слаботочные системы (СЛС): оповещение, видеонаблюдение, контроль доступа, охранная сигнализация, LAN и Wi‑Fi."",""value"":""Оставьте заявку для расчета в тендер""},{""section"":""Дополнительное оборудование"",""label"":""Готовы рассмотреть предложения по участию в тендерах по строительству, монтажу и поставке бытовок, блок контейнеров и модульных зданий"",""value"":""Фотографии""}]"
Бытовка строительная металлическая Б 06,,155800,,https://unistroy.pro/bytovka-stroitelnaya-metallicheskaya-b-06,"[{""section"":""Общие характеристики"",""label"":""Высота:"",""value"":""2,5 м.""},{""section"":""Общие характеристики"",""label"":""Высота потолков:"",""value"":""2,2 м.""},{""section"":""Металлокаркас"",""label"":""Верхняя обвязка"",""value"":""Швеллер сложногнутый х/к 120х50х3 мм.""},{""section"":""Металлокаркас"",""label"":""Нижняя обвязка:"",""value"":""Швеллер х/к 120х50х3 мм.""},{""section"":""Металлокаркас"",""label"":""Угловая стойка:"",""value"":""Угол усиленный х/к 90х90х3 мм.""},{""section"":""Металлокаркас"",""label"":""Усиление пола:"",""value"":""Сдвоенный металлический уголок, шаг 1200 мм.""},{""section"":""Металлокаркас"",""label"":""Плоская кровля:"",""value"":""Х/к стальной лист 1 мм. Швы проварены сплошным швом, листы окрашены суриком, эмалированы.""},{""section"":""Металлокаркас"",""label"":""Цвет:"",""value"":""RAL 7024, либо другой стандартный цвет.""},{""section"":""Деревянный каркас"",""label"":""Второстепенный каркас стен:"",""value"":""Доска 100х40 мм 1-ого сорта.""},{""section"":""Деревянный каркас"",""label"":""Второстепенный каркас потолка:"",""value"":""Доска 100х40 мм, настил из обрезанной доски 25х100 мм.""},{""section"":""Деревянный каркас"",""label"":""Второстепенный каркас пола:"",""value"":""Настил из обрезанной доски 25х100 мм, доска 100х40 мм, настил обрезанная доска 25х100 мм.""},{""section"":""Отделка"",""label"":""Наружная обшивка:"",""value"":""Стальной оцинкованный профилированный лист «С8», толщина 0,45 мм.""},{""section"":""Отделка"",""label"":""Теплоизоляция:"",""value"":""Рулонная минеральная вата 50 мм пола, потолка, стен, плотность 11 кг/м³""},{""section"":""Отделка"",""label"":""Ветро-парозащита:"",""value"":""ПВХ пленка, толщиной 80 мкр.""},{""section"":""Отделка"",""label"":""Финишная отделка пола:"",""value"":""ДСП 16 мм.""},{""section"":""Двери"",""label"":""Входная дверь:"",""value"":""Каркасная обшитая ДВП, снаружи обшита гладким оцинкованным листом, с врезанным замком и ручкой, 800х2000 мм.""},{""section"":""Двери"",""label"":""Межкомнатная дверь:"",""value"":""Каркасная обшитая ДВП, с врезанным замком и ручкой, 800х2000 мм.""},{""section"":""Окна"",""label"":""Окно:"",""value"":""Деревянное, с двойным остеклением, размер 1000х1000 мм, с поворотной створкой.""},{""section"":""Дополнительное оборудование"",""label"":""Слаботочные системы (СЛС): оповещение, видеонаблюдение, контроль доступа, охранная сигнализация, LAN и Wi‑Fi."",""value"":""Оставьте заявку для расчета в тендер""},{""section"":""Дополнительное оборудование"",""label"":""Готовы рассмотреть предложения по участию в тендерах по строительству, монтажу и поставке бытовок, блок контейнеров и модульных зданий"",""value"":""Фотографии""}]"
Бытовка строительная металлическая Б 07,,144800,,https://unistroy.pro/bytovka-stroitelnaya-metallicheskaya-b-07,"[{""section"":""Общие характеристики"",""label"":""Высота:"",""value"":""2,5 м.""},{""section"":""Общие характеристики"",""label"":""Высота потолков:"",""value"":""2,2 м.""},{""section"":""Металлокаркас"",""label"":""Верхняя обвязка"",""value"":""Швеллер сложногнутый х/к 120х50х3 мм.""},{""section"":""Металлокаркас"",""label"":""Нижняя обвязка:"",""value"":""Швеллер х/к 120х50х3 мм.""},{""section"":""Металлокаркас"",""label"":""Угловая стойка:"",""value"":""Угол усиленный х/к 90х90х3 мм.""},{""section"":""Металлокаркас"",""label"":""Усиление пола:"",""value"":""Сдвоенный металлический уголок, шаг 1200 мм.""},{""section"":""Металлокаркас"",""label"":""Плоская кровля:"",""value"":""Х/к стальной лист 1 мм. Швы проварены сплошным швом, листы окрашены суриком, эмалированы.""},{""section"":""Металлокаркас"",""label"":""Цвет:"",""value"":""RAL 7024, либо другой стандартный цвет.""},{""section"":""Деревянный каркас"",""label"":""Второстепенный каркас стен:"",""value"":""Доска 100х40 мм 1-ого сорта.""},{""section"":""Деревянный каркас"",""label"":""Второстепенный каркас потолка:"",""value"":""Доска 100х40 мм, настил из обрезанной доски 25х100 мм.""},{""section"":""Деревянный каркас"",""label"":""Второстепенный каркас пола:"",""value"":""Настил из обрезанной доски 25х100 мм, доска 100х40 мм, настил обрезанная доска 25х100 мм.""},{""section"":""Отделка"",""label"":""Наружная обшивка:"",""value"":""Стальной оцинкованный профилированный лист «С8», толщина 0,45 мм.""},{""section"":""Отделка"",""label"":""Теплоизоляция:"",""value"":""Рулонная минеральная вата 50 мм пола, потолка, стен, плотность 11 кг/м³""},{""section"":""Отделка"",""label"":""Ветро-парозащита:"",""value"":""ПВХ пленка, толщиной 80 мкр.""},{""section"":""Отделка"",""label"":""Финишная отделка пола:"",""value"":""ДСП 16 мм.""},{""section"":""Двери"",""label"":""Входная дверь:"",""value"":""Каркасная обшитая ДВП, снаружи обшита гладким оцинкованным листом, с врезанным замком и ручкой, 800х2000 мм.""},{""section"":""Двери"",""label"":""Межкомнатная дверь:"",""value"":""Каркасная обшитая ДВП, с врезанным замком и ручкой, 800х2000 мм.""},{""section"":""Окна"",""label"":""Окно:"",""value"":""Деревянное, с двойным остеклением, размер 1000х1000 мм, с поворотной створкой.""},{""section"":""Дополнительное оборудование"",""label"":""Слаботочные системы (СЛС): оповещение, видеонаблюдение, контроль доступа, охранная сигнализация, LAN и Wi‑Fi."",""value"":""Оставьте заявку для расчета в тендер""},{""section"":""Дополнительное оборудование"",""label"":""Готовы рассмотреть предложения по участию в тендерах по строительству, монтажу и поставке бытовок, блок контейнеров и модульных зданий"",""value"":""Фотографии""}]"
Бытовка строительная металлическая Б 08,,155800,,https://unistroy.pro/bytovka-stroitelnaya-metallicheskaya-b-08,"[{""section"":""Общие характеристики"",""label"":""Высота:"",""value"":""2,5 м.""},{""section"":""Общие характеристики"",""label"":""Высота потолков:"",""value"":""2,2 м.""},{""section"":""Металлокаркас"",""label"":""Верхняя обвязка"",""value"":""Швеллер сложногнутый х/к 120х50х3 мм.""},{""section"":""Металлокаркас"",""label"":""Нижняя обвязка:"",""value"":""Швеллер х/к 120х50х3 мм.""},{""section"":""Металлокаркас"",""label"":""Угловая стойка:"",""value"":""Угол усиленный х/к 90х90х3 мм.""},{""section"":""Металлокаркас"",""label"":""Усиление пола:"",""value"":""Сдвоенный металлический уголок, шаг 1200 мм.""},{""section"":""Металлокаркас"",""label"":""Плоская кровля:"",""value"":""Х/к стальной лист 1 мм. Швы проварены сплошным швом, листы окрашены суриком, эмалированы.""},{""section"":""Металлокаркас"",""label"":""Цвет:"",""value"":""RAL 7024, либо другой стандартный цвет.""},{""section"":""Деревянный каркас"",""label"":""Второстепенный каркас стен:"",""value"":""Доска 100х40 мм 1-ого сорта.""},{""section"":""Деревянный каркас"",""label"":""Второстепенный каркас потолка:"",""value"":""Доска 100х40 мм, настил из обрезанной доски 25х100 мм.""},{""section"":""Деревянный каркас"",""label"":""Второстепенный каркас пола:"",""value"":""Настил из обрезанной доски 25х100 мм, доска 100х40 мм, настил обрезанная доска 25х100 мм.""},{""section"":""Отделка"",""label"":""Наружная обшивка:"",""value"":""Стальной оцинкованный профилированный лист «С8», толщина 0,45 мм.""},{""section"":""Отделка"",""label"":""Теплоизоляция:"",""value"":""Рулонная минеральная вата 50 мм пола, потолка, стен, плотность 11 кг/м³""},{""section"":""Отделка"",""label"":""Ветро-парозащита:"",""value"":""ПВХ пленка, толщиной 80 мкр.""},{""section"":""Отделка"",""label"":""Финишная отделка пола:"",""value"":""ДСП 16 мм.""},{""section"":""Двери"",""label"":""Входная дверь:"",""value"":""Каркасная обшитая ДВП, снаружи обшита гладким оцинкованным листом, с врезанным замком и ручкой, 800х2000 мм.""},{""section"":""Двери"",""label"":""Межкомнатная дверь:"",""value"":""Каркасная обшитая ДВП, с врезанным замком и ручкой, 800х2000 мм.""},{""section"":""Окна"",""label"":""Окно:"",""value"":""Деревянное, с двойным остеклением, размер 1000х1000 мм, с поворотной створкой.""},{""section"":""Дополнительное оборудование"",""label"":""Слаботочные системы (СЛС): оповещение, видеонаблюдение, контроль доступа, охранная сигнализация, LAN и Wi‑Fi."",""value"":""Оставьте заявку для расчета в тендер""},{""section"":""Дополнительное оборудование"",""label"":""Готовы рассмотреть предложения по участию в тендерах по строительству, монтажу и поставке бытовок, блок контейнеров и модульных зданий"",""value"":""Фотографии""}]"
Бытовка строительная металлическая Б 09,,155800,,https://unistroy.pro/bytovka-stroitelnaya-metallicheskaya-b-09,"[{""section"":""Общие характеристики"",""label"":""Высота:"",""value"":""2,5 м.""},{""section"":""Общие характеристики"",""label"":""Высота потолков:"",""value"":""2,2 м.""},{""section"":""Металлокаркас"",""label"":""Верхняя обвязка"",""value"":""Швеллер сложногнутый х/к 120х50х3 мм.""},{""section"":""Металлокаркас"",""label"":""Нижняя обвязка:"",""value"":""Швеллер х/к 120х50х3 мм.""},{""section"":""Металлокаркас"",""label"":""Угловая стойка:"",""value"":""Угол усиленный х/к 90х90х3 мм.""},{""section"":""Металлокаркас"",""label"":""Усиление пола:"",""value"":""Сдвоенный металлический уголок, шаг 1200 мм.""},{""section"":""Металлокаркас"",""label"":""Плоская кровля:"",""value"":""Х/к стальной лист 1 мм. Швы проварены сплошным швом, листы окрашены суриком, эмалированы.""},{""section"":""Металлокаркас"",""label"":""Цвет:"",""value"":""RAL 7024, либо другой стандартный цвет.""},{""section"":""Деревянный каркас"",""label"":""Второстепенный каркас стен:"",""value"":""Доска 100х40 мм 1-ого сорта.""},{""section"":""Деревянный каркас"",""label"":""Второстепенный каркас потолка:"",""value"":""Доска 100х40 мм, настил из обрезанной доски 25х100 мм.""},{""section"":""Деревянный каркас"",""label"":""Второстепенный каркас пола:"",""value"":""Настил из обрезанной доски 25х100 мм, доска 100х40 мм, настил обрезанная доска 25х100 мм.""},{""section"":""Отделка"",""label"":""Наружная обшивка:"",""value"":""Стальной оцинкованный профилированный лист «С8», толщина 0,45 мм.""},{""section"":""Отделка"",""label"":""Теплоизоляция:"",""value"":""Рулонная минеральная вата 50 мм пола, потолка, стен, плотность 11 кг/м³""},{""section"":""Отделка"",""label"":""Ветро-парозащита:"",""value"":""ПВХ пленка, толщиной 80 мкр.""},{""section"":""Отделка"",""label"":""Финишная отделка пола:"",""value"":""ДСП 16 мм.""},{""section"":""Двери"",""label"":""Входная дверь:"",""value"":""Каркасная обшитая ДВП, снаружи обшита гладким оцинкованным листом, с врезанным замком и ручкой, 800х2000 мм.""},{""section"":""Двери"",""label"":""Межкомнатная дверь:"",""value"":""Каркасная обшитая ДВП, с врезанным замком и ручкой, 800х2000 мм.""},{""section"":""Окна"",""label"":""Окно:"",""value"":""Деревянное, с двойным остеклением, размер 1000х1000 мм, с поворотной створкой.""},{""section"":""Дополнительное оборудование"",""label"":""Слаботочные системы (СЛС): оповещение, видеонаблюдение, контроль доступа, охранная сигнализация, LAN и Wi‑Fi."",""value"":""Оставьте заявку для расчета в тендер""},{""section"":""Дополнительное оборудование"",""label"":""Готовы рассмотреть предложения по участию в тендерах по строительству, монтажу и поставке бытовок, блок контейнеров и модульных зданий"",""value"":""Фотографии""}]"
Бытовка сантехническая БС 01,,404900,,https://unistroy.pro/bytovka-santehnicheskaya-bs-01,"[{""section"":""Общие характеристики"",""label"":""Высота:"",""value"":""2,5 м.""},{""section"":""Общие характеристики"",""label"":""Высота потолков:"",""value"":""2,2 м.""},{""section"":""Металлокаркас"",""label"":""Верхняя обвязка"",""value"":""Швеллер сложногнутый х/к 120х50х3 мм.""},{""section"":""Металлокаркас"",""label"":""Нижняя обвязка:"",""value"":""Швеллер х/к 120х50х3 мм.""},{""section"":""Металлокаркас"",""label"":""Угловая стойка:"",""value"":""Угол усиленный х/к 90х90х3 мм.""},{""section"":""Металлокаркас"",""label"":""Усиление пола:"",""value"":""Сдвоенный металлический уголок, шаг 600 мм.""},{""section"":""Металлокаркас"",""label"":""Плоская кровля:"",""value"":""Х/к стальной лист 1 мм. Швы проварены сплошным швом, листы окрашены суриком, эмалированы.""},{""section"":""Металлокаркас"",""label"":""Цвет:"",""value"":""RAL 7024, либо другой стандартный цвет.""},{""section"":""Деревянный каркас"",""label"":""Второстепенный каркас стен:"",""value"":""Доска 100х40 мм 1-ого сорта.""},{""section"":""Деревянный каркас"",""label"":""Второстепенный каркас потолка:"",""value"":""Доска 100х40 мм, настил из обрезанной доски 25х100 мм.""},{""section"":""Деревянный каркас"",""label"":""Второстепенный каркас пола:"",""value"":""Настил из обрезанной доски 25х100 мм, доска 100х40 мм, настил обрезанная доска 25х100 мм.""},{""section"":""Отделка"",""label"":""Наружная обшивка:"",""value"":""Стальной оцинкованный профилированный лист «С8», толщина 0,45 мм.""},{""section"":""Отделка"",""label"":""Теплоизоляция:"",""value"":""Рулонная минеральная вата 50 мм пола, потолка, стен, плотность 11 кг/м³.""},{""section"":""Отделка"",""label"":""Ветро-парозащита:"",""value"":""Наноизол А-В.""},{""section"":""Отделка"",""label"":""Финишная отделка пола:"",""value"":""ДСП 16 мм, линолеум бытовой и плинтус ПВХ.""},{""section"":""Двери"",""label"":""Входная дверь:"",""value"":""Металлическая, утепленная, с врезанным замком и ручкой, размер 800х2000 мм, цвет коричневый, производство «Промет».""},{""section"":""Двери"",""label"":""Межкомнатная дверь:"",""value"":""ПВХ, глухая сэндвич-панель, с врезанным замком и ручкой, цвет белый, размер 800х2000 мм.""},{""section"":""Окна"",""label"":""Окно:"",""value"":""ПВХ, однокамерное, цвет белый, размер 500х500 мм, с поворотно-откидной створкой.""},{""section"":""Сантехника"",""label"":""Туалет:"",""value"":""Унитаз Компакт со сливным бачком.""},{""section"":""Сантехника"",""label"":""Раковина:"",""value"":""Раковина фаянс со смесителем.""},{""section"":""Сантехника"",""label"":""ГВС:"",""value"":""Накопительный электрический бойлер объемом 50 л.""},{""section"":""Сантехника"",""label"":""Туалетная кабинка:"",""value"":""Выполненные из ЛДСП белого цвета на металлических каркасах.""},{""section"":""Сантехника"",""label"":""Инженерные системы:"",""value"":""Разводка водоснабжения и канализации, вывод на контур здания.""},{""section"":""Дополнительное оборудование"",""label"":""Слаботочные системы (СЛС): оповещение, видеонаблюдение, контроль доступа, охранная сигнализация, LAN и Wi‑Fi."",""value"":""Оставьте заявку для расчета в тендер""},{""section"":""Дополнительное оборудование"",""label"":""Готовы рассмотреть предложения по участию в тендерах по строительству, монтажу и поставке бытовок, блок контейнеров и модульных зданий"",""value"":""Фотографии""}]"
Бытовка сантехническая БС 02,,467300,,https://unistroy.pro/bytovka-santehnicheskaya-bs-02,"[{""section"":""Общие характеристики"",""label"":""Высота:"",""value"":""2,5 м.""},{""section"":""Общие характеристики"",""label"":""Высота потолков:"",""value"":""2,2 м.""},{""section"":""Металлокаркас"",""label"":""Верхняя обвязка"",""value"":""Швеллер сложногнутый х/к 120х50х3 мм.""},{""section"":""Металлокаркас"",""label"":""Нижняя обвязка:"",""value"":""Швеллер х/к 120х50х3 мм.""},{""section"":""Металлокаркас"",""label"":""Угловая стойка:"",""value"":""Угол усиленный х/к 90х90х3 мм.""},{""section"":""Металлокаркас"",""label"":""Усиление пола:"",""value"":""Сдвоенный металлический уголок, шаг 600 мм.""},{""section"":""Металлокаркас"",""label"":""Плоская кровля:"",""value"":""Х/к стальной лист 1 мм. Швы проварены сплошным швом, листы окрашены суриком, эмалированы.""},{""section"":""Металлокаркас"",""label"":""Цвет:"",""value"":""RAL 7024, либо другой стандартный цвет.""},{""section"":""Деревянный каркас"",""label"":""Второстепенный каркас стен:"",""value"":""Доска 100х40 мм 1-ого сорта.""},{""section"":""Деревянный каркас"",""label"":""Второстепенный каркас потолка:"",""value"":""Доска 100х40 мм, настил из обрезанной доски 25х100 мм.""},{""section"":""Деревянный каркас"",""label"":""Второстепенный каркас пола:"",""value"":""Настил из обрезанной доски 25х100 мм, доска 100х40 мм, настил обрезанная доска 25х100 мм.""},{""section"":""Отделка"",""label"":""Наружная обшивка:"",""value"":""Стальной оцинкованный профилированный лист «С8», толщина 0,45 мм.""},{""section"":""Отделка"",""label"":""Теплоизоляция:"",""value"":""Рулонная минеральная вата 50 мм пола, потолка, стен, плотность 11 кг/м³.""},{""section"":""Отделка"",""label"":""Ветро-парозащита:"",""value"":""Наноизол А-В.""},{""section"":""Отделка"",""label"":""Финишная отделка пола:"",""value"":""ДСП 16 мм, линолеум бытовой и плинтус ПВХ.""},{""section"":""Двери"",""label"":""Входная дверь:"",""value"":""Металлическая, утепленная, с врезанным замком и ручкой, размер 800х2000 мм, цвет коричневый, производство «Промет».""},{""section"":""Окна"",""label"":""Окно:"",""value"":""ПВХ, однокамерное, цвет белый, размер 500х500 мм, с поворотно-откидной створкой.""},{""section"":""Сантехника"",""label"":""Душ:"",""value"":""Душевой поддон металлический 800х800 мм.""},{""section"":""Сантехника"",""label"":""Раковина:"",""value"":""Раковина фаянс со смесителем.""},{""section"":""Сантехника"",""label"":""ГВС:"",""value"":""Накопительный электрический бойлер объемом 50 л.""},{""section"":""Сантехника"",""label"":""Душевая кабинка:"",""value"":""Выполненные из ЛДСП белого цвета на металлических каркасах.""},{""section"":""Сантехника"",""label"":""Инженерные системы:"",""value"":""Разводка водоснабжения и канализации, вывод на контур здания.""},{""section"":""Дополнительное оборудование"",""label"":""Слаботочные системы (СЛС): оповещение, видеонаблюдение, контроль доступа, охранная сигнализация, LAN и Wi‑Fi."",""value"":""Оставьте заявку для расчета в тендер""},{""section"":""Дополнительное оборудование"",""label"":""Готовы рассмотреть предложения по участию в тендерах по строительству, монтажу и поставке бытовок, блок контейнеров и модульных зданий"",""value"":""Фотографии""}]"
Бытовка сантехническая БС 03,,431000,,https://unistroy.pro/bytovka-santehnicheskaya-bs-03,"[{""section"":""Общие характеристики"",""label"":""Высота:"",""value"":""2,5 м.""},{""section"":""Общие характеристики"",""label"":""Высота потолков:"",""value"":""2,2 м.""},{""section"":""Металлокаркас"",""label"":""Верхняя обвязка"",""value"":""Швеллер сложногнутый х/к 120х50х3 мм.""},{""section"":""Металлокаркас"",""label"":""Нижняя обвязка:"",""value"":""Швеллер х/к 120х50х3 мм.""},{""section"":""Металлокаркас"",""label"":""Угловая стойка:"",""value"":""Угол усиленный х/к 90х90х3 мм.""},{""section"":""Металлокаркас"",""label"":""Усиление пола:"",""value"":""Сдвоенный металлический уголок, шаг 600 мм.""},{""section"":""Металлокаркас"",""label"":""Плоская кровля:"",""value"":""Х/к стальной лист 1 мм. Швы проварены сплошным швом, листы окрашены суриком, эмалированы.""},{""section"":""Металлокаркас"",""label"":""Цвет:"",""value"":""RAL 7024, либо другой стандартный цвет.""},{""section"":""Деревянный каркас"",""label"":""Второстепенный каркас стен:"",""value"":""Доска 100х40 мм 1-ого сорта.""},{""section"":""Деревянный каркас"",""label"":""Второстепенный каркас потолка:"",""value"":""Доска 100х40 мм, настил из обрезанной доски 25х100 мм.""},{""section"":""Деревянный каркас"",""label"":""Второстепенный каркас пола:"",""value"":""Настил из обрезанной доски 25х100 мм, доска 100х40 мм, настил обрезанная доска 25х100 мм.""},{""section"":""Отделка"",""label"":""Наружная обшивка:"",""value"":""Стальной оцинкованный профилированный лист «С8», толщина 0,45 мм.""},{""section"":""Отделка"",""label"":""Теплоизоляция:"",""value"":""Рулонная минеральная вата 50 мм пола, потолка, стен, плотность 11 кг/м³.""},{""section"":""Отделка"",""label"":""Ветро-парозащита:"",""value"":""Наноизол А-В.""},{""section"":""Отделка"",""label"":""Финишная отделка пола:"",""value"":""ДСП 16 мм, линолеум бытовой и плинтус ПВХ.""},{""section"":""Двери"",""label"":""Входная дверь:"",""value"":""Металлическая, утепленная, с врезанным замком и ручкой, размер 800х2000 мм, цвет коричневый, производство «Промет».""},{""section"":""Окна"",""label"":""Окно:"",""value"":""ПВХ, однокамерное, цвет белый, размер 500х500 мм, с поворотно-откидной створкой.""},{""section"":""Сантехника"",""label"":""Раковина:"",""value"":""Раковина фаянс со смесителем.""},{""section"":""Сантехника"",""label"":""ГВС:"",""value"":""Накопительный электрический бойлер объемом 50 л.""},{""section"":""Сантехника"",""label"":""Инженерные системы:"",""value"":""Разводка водоснабжения и канализации, вывод на контур здания.""},{""section"":""Дополнительное оборудование"",""label"":""Слаботочные системы (СЛС): оповещение, видеонаблюдение, контроль доступа, охранная сигнализация, LAN и Wi‑Fi."",""value"":""Оставьте заявку для расчета в тендер""},{""section"":""Дополнительное оборудование"",""label"":""Готовы рассмотреть предложения по участию в тендерах по строительству, монтажу и поставке бытовок, блок контейнеров и модульных зданий"",""value"":""Фотографии""}]"
Бытовка сантехническая БС 04,,427300,,https://unistroy.pro/bytovka-santehnicheskaya-bs-04,"[{""section"":""Общие характеристики"",""label"":""Высота:"",""value"":""2,5 м.""},{""section"":""Общие характеристики"",""label"":""Высота потолков:"",""value"":""2,2 м.""},{""section"":""Металлокаркас"",""label"":""Верхняя обвязка"",""value"":""Швеллер сложногнутый х/к 120х50х3 мм.""},{""section"":""Металлокаркас"",""label"":""Нижняя обвязка:"",""value"":""Швеллер х/к 120х50х3 мм.""},{""section"":""Металлокаркас"",""label"":""Угловая стойка:"",""value"":""Угол усиленный х/к 90х90х3 мм.""},{""section"":""Металлокаркас"",""label"":""Усиление пола:"",""value"":""Сдвоенный металлический уголок, шаг 600 мм.""},{""section"":""Металлокаркас"",""label"":""Плоская кровля:"",""value"":""Х/к стальной лист 1 мм. Швы проварены сплошным швом, листы окрашены суриком, эмалированы.""},{""section"":""Металлокаркас"",""label"":""Цвет:"",""value"":""RAL 7024, либо другой стандартный цвет.""},{""section"":""Деревянный каркас"",""label"":""Второстепенный каркас стен:"",""value"":""Доска 100х40 мм 1-ого сорта.""},{""section"":""Деревянный каркас"",""label"":""Второстепенный каркас потолка:"",""value"":""Доска 100х40 мм, настил из обрезанной доски 25х100 мм.""},{""section"":""Деревянный каркас"",""label"":""Второстепенный каркас пола:"",""value"":""Настил из обрезанной доски 25х100 мм, доска 100х40 мм, настил обрезанная доска 25х100 мм.""},{""section"":""Отделка"",""label"":""Наружная обшивка:"",""value"":""Стальной оцинкованный профилированный лист «С8», толщина 0,45 мм.""},{""section"":""Отделка"",""label"":""Теплоизоляция:"",""value"":""Рулонная минеральная вата 50 мм пола, потолка, стен, плотность 11 кг/м³.""},{""section"":""Отделка"",""label"":""Ветро-парозащита:"",""value"":""Наноизол А-В.""},{""section"":""Отделка"",""label"":""Финишная отделка пола:"",""value"":""ДСП 16 мм, линолеум бытовой и плинтус ПВХ.""},{""section"":""Двери"",""label"":""Входная дверь:"",""value"":""Металлическая, утепленная, с врезанным замком и ручкой, размер 800х2000 мм, цвет коричневый, производство «Промет».""},{""section"":""Окна"",""label"":""Окно:"",""value"":""ПВХ, однокамерное, цвет белый, размер 500х500 мм, с поворотно-откидной створкой.""},{""section"":""Сантехника"",""label"":""Туалет:"",""value"":""Унитаз Компакт со сливным бачком.""},{""section"":""Сантехника"",""label"":""Душ:"",""value"":""Душевой поддон металлический 800х800 мм.""},{""section"":""Сантехника"",""label"":""Раковина:"",""value"":""Раковина фаянс со смесителем.""},{""section"":""Сантехника"",""label"":""Туалетная и душевая кабинка:"",""value"":""Выполненные из ЛДСП белого цвета на металлических каркасах.""},{""section"":""Сантехника"",""label"":""Инженерные системы:"",""value"":""Разводка водоснабжения и канализации, вывод на контур здания.""},{""section"":""Дополнительное оборудование"",""label"":""Слаботочные системы (СЛС): оповещение, видеонаблюдение, контроль доступа, охранная сигнализация, LAN и Wi‑Fi."",""value"":""Оставьте заявку для расчета в тендер""},{""section"":""Дополнительное оборудование"",""label"":""Готовы рассмотреть предложения по участию в тендерах по строительству, монтажу и поставке бытовок, блок контейнеров и модульных зданий"",""value"":""Фотографии""}]"
Бытовка сантехническая автономная БС 05,,552500,,https://unistroy.pro/bytovka-santehnicheskaya-avtonomnaya-bs-05,"[{""section"":""Общие характеристики"",""label"":""Высота:"",""value"":""2,5 м.""},{""section"":""Общие характеристики"",""label"":""Высота потолков:"",""value"":""2,2 м.""},{""section"":""Металлокаркас"",""label"":""Верхняя обвязка"",""value"":""Швеллер сложногнутый х/к 120х50х3 мм.""},{""section"":""Металлокаркас"",""label"":""Нижняя обвязка:"",""value"":""Швеллер х/к 120х50х3 мм.""},{""section"":""Металлокаркас"",""label"":""Угловая стойка:"",""value"":""Угол усиленный х/к 90х90х3 мм.""},{""section"":""Металлокаркас"",""label"":""Усиление пола:"",""value"":""Сдвоенный металлический уголок, шаг 600 мм.""},{""section"":""Металлокаркас"",""label"":""Плоская кровля:"",""value"":""Х/к стальной лист 1 мм. Швы проварены сплошным швом, листы окрашены суриком, эмалированы.""},{""section"":""Металлокаркас"",""label"":""Цвет:"",""value"":""RAL 7024, либо другой стандартный цвет.""},{""section"":""Деревянный каркас"",""label"":""Второстепенный каркас стен:"",""value"":""Доска 100х40 мм 1-ого сорта.""},{""section"":""Деревянный каркас"",""label"":""Второстепенный каркас потолка:"",""value"":""Доска 100х40 мм, настил из обрезанной доски 25х100 мм.""},{""section"":""Деревянный каркас"",""label"":""Второстепенный каркас пола:"",""value"":""Настил из обрезанной доски 25х100 мм, доска 100х40 мм, настил обрезанная доска 25х100 мм.""},{""section"":""Отделка"",""label"":""Наружная обшивка:"",""value"":""Стальной оцинкованный профилированный лист «С8», толщина 0,45 мм.""},{""section"":""Отделка"",""label"":""Теплоизоляция:"",""value"":""Рулонная минеральная вата 50 мм пола, потолка, стен, плотность 11 кг/м³.""},{""section"":""Отделка"",""label"":""Ветро-парозащита:"",""value"":""Наноизол А-В.""},{""section"":""Отделка"",""label"":""Финишная отделка пола:"",""value"":""ДСП 16 мм, линолеум бытовой и плинтус ПВХ.""},{""section"":""Двери"",""label"":""Входная дверь:"",""value"":""Металлическая, утепленная, с врезанным замком и ручкой, размер 800х2000 мм, цвет коричневый, производство «Промет».""},{""section"":""Двери"",""label"":""Межкомнатная дверь:"",""value"":""ПВХ, глухая сэндвич-панель, с врезанным замком и ручкой, цвет белый, размер 800х2000 мм.""},{""section"":""Окна"",""label"":""Окно:"",""value"":""ПВХ, однокамерное, цвет белый, размер 500х500 мм, с поворотно-откидной створкой.""},{""section"":""Сантехника"",""label"":""Душ:"",""value"":""Душевой поддон металлический 800х800 мм.""},{""section"":""Сантехника"",""label"":""Раковина:"",""value"":""Раковина фаянс со смесителем.""},{""section"":""Сантехника"",""label"":""ГВС:"",""value"":""Накопительный электрический бойлер объемом 200 л.""},{""section"":""Сантехника"",""label"":""Туалетная и душевая кабинка:"",""value"":""Выполненные из ЛДСП белого цвета на металлических каркасах.""},{""section"":""Сантехника"",""label"":""Ёмкость:"",""value"":""Пластиковая бочка под чистую воду на 1 куб. м.""},{""section"":""Сантехника"",""label"":""Насос:"",""value"":""Насосная станция на 50-60 л/мин.""},{""section"":""Сантехника"",""label"":""Инженерные системы:"",""value"":""Разводка водоснабжения и канализации, вывод на контур здания.""},{""section"":""Дополнительное оборудование"",""label"":""Слаботочные системы (СЛС): оповещение, видеонаблюдение, контроль доступа, охранная сигнализация, LAN и Wi‑Fi."",""value"":""Оставьте заявку для расчета в тендер""},{""section"":""Дополнительное оборудование"",""label"":""Готовы рассмотреть предложения по участию в тендерах по строительству, монтажу и поставке бытовок, блок контейнеров и модульных зданий"",""value"":""Фотографии""}]"
Бытовка сантехническая автономная БС 06,,778600,,https://unistroy.pro/bytovka-santehnicheskaya-avtonomnaya-bs-06,"[{""section"":""Общие характеристики"",""label"":""Высота:"",""value"":""2,5 м.""},{""section"":""Общие характеристики"",""label"":""Высота потолков:"",""value"":""2,2 м.""},{""section"":""Металлокаркас"",""label"":""Верхняя обвязка"",""value"":""Швеллер сложногнутый х/к 120х50х3 мм.""},{""section"":""Металлокаркас"",""label"":""Нижняя обвязка:"",""value"":""Швеллер х/к 120х50х3 мм.""},{""section"":""Металлокаркас"",""label"":""Угловая стойка:"",""value"":""Угол усиленный х/к 90х90х3 мм.""},{""section"":""Металлокаркас"",""label"":""Усиление пола:"",""value"":""Сдвоенный металлический уголок, шаг 600 мм.""},{""section"":""Металлокаркас"",""label"":""Плоская кровля:"",""value"":""Х/к стальной лист 1 мм. Швы проварены сплошным швом, листы окрашены суриком, эмалированы.""},{""section"":""Металлокаркас"",""label"":""Цвет:"",""value"":""RAL 7024, либо другой стандартный цвет.""},{""section"":""Деревянный каркас"",""label"":""Второстепенный каркас стен:"",""value"":""Доска 100х40 мм 1-ого сорта.""},{""section"":""Деревянный каркас"",""label"":""Второстепенный каркас потолка:"",""value"":""Доска 100х40 мм, настил из обрезанной доски 25х100 мм.""},{""section"":""Деревянный каркас"",""label"":""Второстепенный каркас пола:"",""value"":""Настил из обрезанной доски 25х100 мм, доска 100х40 мм, настил обрезанная доска 25х100 мм.""},{""section"":""Отделка"",""label"":""Наружная обшивка:"",""value"":""Стальной оцинкованный профилированный лист «С8», толщина 0,45 мм.""},{""section"":""Отделка"",""label"":""Теплоизоляция:"",""value"":""Рулонная минеральная вата 50 мм пола, потолка, стен, плотность 11 кг/м³.""},{""section"":""Отделка"",""label"":""Ветро-парозащита:"",""value"":""Наноизол А-В.""},{""section"":""Отделка"",""label"":""Финишная отделка пола:"",""value"":""ДСП 16 мм, линолеум бытовой и плинтус ПВХ.""},{""section"":""Двери"",""label"":""Входная дверь:"",""value"":""Металлическая, утепленная, с врезанным замком и ручкой, размер 800х2000 мм, цвет коричневый, производство «Промет».""},{""section"":""Окна"",""label"":""Окно:"",""value"":""ПВХ, однокамерное, цвет белый, размер 500х500 мм, с поворотно-откидной створкой.""},{""section"":""Сантехника"",""label"":""Душ:"",""value"":""Душевой поддон металлический 800х800 мм.""},{""section"":""Сантехника"",""label"":""Раковина:"",""value"":""Раковина фаянс со смесителем.""},{""section"":""Сантехника"",""label"":""ГВС:"",""value"":""Накопительный электрический бойлер объемом 200 л.""},{""section"":""Сантехника"",""label"":""Туалетная и душевая кабинка:"",""value"":""Выполненные из ЛДСП белого цвета на металлических каркасах.""},{""section"":""Сантехника"",""label"":""Ёмкость:"",""value"":""Пластиковая бочка под чистую воду на 2 куб. м.""},{""section"":""Сантехника"",""label"":""Насос:"",""value"":""Насосная станция на 50-60 л/мин.""},{""section"":""Сантехника"",""label"":""Инженерные системы:"",""value"":""Разводка водоснабжения и канализации, вывод на контур здания.""},{""section"":""Дополнительное оборудование"",""label"":""Слаботочные системы (СЛС): оповещение, видеонаблюдение, контроль доступа, охранная сигнализация, LAN и Wi‑Fi."",""value"":""Оставьте заявку для расчета в тендер""},{""section"":""Дополнительное оборудование"",""label"":""Готовы рассмотреть предложения по участию в тендерах по строительству, монтажу и поставке бытовок, блок контейнеров и модульных зданий"",""value"":""Фотографии""}]"
Бытовка сантехническая туалет БС 07,,245200,,https://unistroy.pro/bytovka-santehnicheskaya-tualet-bs-07,"[{""section"":""Общие характеристики"",""label"":""Высота:"",""value"":""2,5 м.""},{""section"":""Общие характеристики"",""label"":""Высота потолков:"",""value"":""2,2 м.""},{""section"":""Металлокаркас"",""label"":""Верхняя обвязка"",""value"":""Швеллер сложногнутый х/к 120х50х3 мм.""},{""section"":""Металлокаркас"",""label"":""Нижняя обвязка:"",""value"":""Швеллер х/к 120х50х3 мм.""},{""section"":""Металлокаркас"",""label"":""Угловая стойка:"",""value"":""Угол усиленный х/к 90х90х3 мм.""},{""section"":""Металлокаркас"",""label"":""Усиление пола:"",""value"":""Сдвоенный металлический уголок, шаг 600 мм.""},{""section"":""Металлокаркас"",""label"":""Плоская кровля:"",""value"":""Х/к стальной лист 1 мм. Швы проварены сплошным швом, листы окрашены суриком, эмалированы.""},{""section"":""Металлокаркас"",""label"":""Цвет:"",""value"":""RAL 7024, либо другой стандартный цвет.""},{""section"":""Деревянный каркас"",""label"":""Второстепенный каркас стен:"",""value"":""Доска 100х40 мм 1-ого сорта.""},{""section"":""Деревянный каркас"",""label"":""Второстепенный каркас потолка:"",""value"":""Доска 100х40 мм, настил из обрезанной доски 25х100 мм.""},{""section"":""Деревянный каркас"",""label"":""Второстепенный каркас пола:"",""value"":""Настил из обрезанной доски 25х100 мм, доска 100х40 мм, настил обрезанная доска 25х100 мм.""},{""section"":""Отделка"",""label"":""Наружная обшивка:"",""value"":""Стальной оцинкованный профилированный лист «С8», толщина 0,45 мм.""},{""section"":""Отделка"",""label"":""Теплоизоляция:"",""value"":""Рулонная минеральная вата 50 мм пола, потолка, стен, плотность 11 кг/м³.""},{""section"":""Отделка"",""label"":""Ветро-парозащита:"",""value"":""Наноизол А-В.""},{""section"":""Отделка"",""label"":""Финишная отделка пола:"",""value"":""ДСП 16 мм, линолеум бытовой и плинтус ПВХ.""},{""section"":""Двери"",""label"":""Входная дверь:"",""value"":""Металлическая, утепленная, с врезанным замком и ручкой, размер 800х2000 мм, цвет коричневый, производство «Промет».""},{""section"":""Сантехника"",""label"":""Туалет:"",""value"":""Унитаз Компакт со сливным бачком.""},{""section"":""Сантехника"",""label"":""Раковина:"",""value"":""Раковина фаянс со смесителем.""},{""section"":""Сантехника"",""label"":""Инженерные системы:"",""value"":""Разводка водоснабжения и канализации, вывод на контур здания.""},{""section"":""Дополнительное оборудование"",""label"":""Слаботочные системы (СЛС): оповещение, видеонаблюдение, контроль доступа, охранная сигнализация, LAN и Wi‑Fi."",""value"":""Оставьте заявку для расчета в тендер""},{""section"":""Дополнительное оборудование"",""label"":""Готовы рассмотреть предложения по участию в тендерах по строительству, монтажу и поставке бытовок, блок контейнеров и модульных зданий"",""value"":""Фотографии""}]"
Бытовка из сэндвич панелей Б 01,,385900,,https://unistroy.pro/bytovka-iz-sendvich-panelej-b-01,"[{""section"":""Общие характеристики"",""label"":""Высота:"",""value"":""2,5 м.""},{""section"":""Общие характеристики"",""label"":""Высота потолков:"",""value"":""2,2 м.""},{""section"":""Металлокаркас"",""label"":""Верхняя обвязка"",""value"":""Швеллер сложногнутый х/к 120х50х3 мм.""},{""section"":""Металлокаркас"",""label"":""Нижняя обвязка:"",""value"":""Швеллер х/к 120х50х3 мм.""},{""section"":""Металлокаркас"",""label"":""Угловая стойка:"",""value"":""Угол усиленный х/к 150х170х3 мм.""},{""section"":""Металлокаркас"",""label"":""Усиление пола:"",""value"":""Сдвоенный металлический уголок, шаг 600 мм.""},{""section"":""Металлокаркас"",""label"":""Плоская кровля:"",""value"":""Х/к стальной лист 1 мм. Швы проварены сплошным швом, листы окрашены суриком, эмалированы.""},{""section"":""Металлокаркас"",""label"":""Дно:"",""value"":""Оцинкованный гладкий лист, толщина 0,45 мм.""},{""section"":""Металлокаркас"",""label"":""Цвет:"",""value"":""RAL 7024, либо другой стандартный цвет.""},{""section"":""Деревянный каркас"",""label"":""Второстепенный каркас потолка:"",""value"":""Доска 100х40 мм, настил из обрезанной доски 25х100 мм.""},{""section"":""Деревянный каркас"",""label"":""Второстепенный каркас пола:"",""value"":""Настил из обрезанной доски 25х100 мм, доска 100х40 мм, настил обрезанная доска 25х100 мм.""},{""section"":""Отделка"",""label"":""Стеновые элементы:"",""value"":""Сэндвич-панель трехслойная заводская, с замком Z - lock, с утеплителем толщиной 100 мм, RAL 9003.""},{""section"":""Отделка"",""label"":""Внутренняя отделка потолка:"",""value"":""ЛДСП 12 мм, цвет белый, панели прокладываются через омега-профилем.""},{""section"":""Отделка"",""label"":""Теплоизоляция пола и потолка:"",""value"":""Рулонная минеральная вата 100 мм пола, потолка, стен, плотность 11 кг/м³""},{""section"":""Отделка"",""label"":""Ветро-парозащита:"",""value"":""Наноизол А-В.""},{""section"":""Отделка"",""label"":""Финишная отделка пола:"",""value"":""ДСП 16 мм.""},{""section"":""Двери"",""label"":""Входная дверь:"",""value"":""Металлическая, утепленная, с врезанным замком и ручкой, размер 800х2000 мм, цвет коричневый, производство «Промет».""},{""section"":""Окна"",""label"":""Окно:"",""value"":""ПВХ, однокамерное, цвет белый, размер 900х1100 мм, с поворотно-откидной створкой.""},{""section"":""Дополнительное оборудование"",""label"":""Слаботочные системы (СЛС): оповещение, видеонаблюдение, контроль доступа, охранная сигнализация, LAN и Wi‑Fi."",""value"":""Оставьте заявку для расчета в тендер""},{""section"":""Дополнительное оборудование"",""label"":""Готовы рассмотреть предложения по участию в тендерах по строительству, монтажу и поставке бытовок, блок контейнеров и модульных зданий"",""value"":""Фотографии""}]"
Бытовка из сэндвич панелей Б 02,,419200,,https://unistroy.pro/bytovka-iz-sendvich-panelej-b-02,"[{""section"":""Общие характеристики"",""label"":""Высота:"",""value"":""2,5 м.""},{""section"":""Общие характеристики"",""label"":""Высота потолков:"",""value"":""2,2 м.""},{""section"":""Металлокаркас"",""label"":""Верхняя обвязка"",""value"":""Швеллер сложногнутый х/к 120х50х3 мм.""},{""section"":""Металлокаркас"",""label"":""Нижняя обвязка:"",""value"":""Швеллер х/к 120х50х3 мм.""},{""section"":""Металлокаркас"",""label"":""Угловая стойка:"",""value"":""Угол усиленный х/к 150х170х3 мм.""},{""section"":""Металлокаркас"",""label"":""Усиление пола:"",""value"":""Сдвоенный металлический уголок, шаг 600 мм.""},{""section"":""Металлокаркас"",""label"":""Дно:"",""value"":""Оцинкованный гладкий лист, толщина 0,45 мм.""},{""section"":""Металлокаркас"",""label"":""Плоская кровля:"",""value"":""Х/к стальной лист 1 мм. Швы проварены сплошным швом, листы окрашены суриком, эмалированы.""},{""section"":""Металлокаркас"",""label"":""Цвет:"",""value"":""RAL 7024, либо другой стандартный цвет.""},{""section"":""Деревянный каркас"",""label"":""Второстепенный каркас потолка:"",""value"":""Доска 100х40 мм, настил из обрезанной доски 25х100 мм.""},{""section"":""Деревянный каркас"",""label"":""Второстепенный каркас пола:"",""value"":""Настил из обрезанной доски 25х100 мм, доска 100х40 мм, настил обрезанная доска 25х100 мм.""},{""section"":""Отделка"",""label"":""Стеновые элементы:"",""value"":""Сэндвич-панель трехслойная заводская, с замком Z - lock, с утеплителем толщиной 100 мм, RAL 9003.""},{""section"":""Отделка"",""label"":""Внутренняя отделка потолка:"",""value"":""ЛДСП 12 мм, цвет белый, панели прокладываются через омега-профилем.""},{""section"":""Отделка"",""label"":""Теплоизоляция пола и потолка:"",""value"":""Рулонная минеральная вата 100 мм пола, потолка, стен, плотность 11 кг/м³""},{""section"":""Отделка"",""label"":""Ветро-парозащита:"",""value"":""Наноизол А-В.""},{""section"":""Отделка"",""label"":""Финишная отделка пола:"",""value"":""ДСП 16 мм.""},{""section"":""Двери"",""label"":""Входная дверь:"",""value"":""Металлическая, утепленная, с врезанным замком и ручкой, размер 800х2000 мм, цвет коричневый, производство «Промет».""},{""section"":""Двери"",""label"":""Межкомнатная дверь:"",""value"":""МДФ «ОЛОВИ», с врезанным замком и ручкой, цвет&nbsp;белый, размер 800х2000 мм.""},{""section"":""Окна"",""label"":""Окно:"",""value"":""ПВХ, однокамерное, цвет белый, размер 900х1100 мм, с поворотно-откидной створкой.""},{""section"":""Дополнительное оборудование"",""label"":""Слаботочные системы (СЛС): оповещение, видеонаблюдение, контроль доступа, охранная сигнализация, LAN и Wi‑Fi."",""value"":""Оставьте заявку для расчета в тендер""},{""section"":""Дополнительное оборудование"",""label"":""Готовы рассмотреть предложения по участию в тендерах по строительству, монтажу и поставке бытовок, блок контейнеров и модульных зданий"",""value"":""Фотографии""}]"
Бытовка из сэндвич панелей Б 03,,419200,,https://unistroy.pro/bytovka-iz-sendvich-panelej-b-03,"[{""section"":""Общие характеристики"",""label"":""Высота:"",""value"":""2,5 м.""},{""section"":""Общие характеристики"",""label"":""Высота потолков:"",""value"":""2,2 м.""},{""section"":""Металлокаркас"",""label"":""Верхняя обвязка"",""value"":""Швеллер сложногнутый х/к 120х50х3 мм.""},{""section"":""Металлокаркас"",""label"":""Нижняя обвязка:"",""value"":""Швеллер х/к 120х50х3 мм.""},{""section"":""Металлокаркас"",""label"":""Угловая стойка:"",""value"":""Угол усиленный х/к 150х170х3 мм.""},{""section"":""Металлокаркас"",""label"":""Усиление пола:"",""value"":""Сдвоенный металлический уголок, шаг 600 мм.""},{""section"":""Металлокаркас"",""label"":""Дно:"",""value"":""Оцинкованный гладкий лист, толщина 0,45 мм.""},{""section"":""Металлокаркас"",""label"":""Плоская кровля:"",""value"":""Х/к стальной лист 1 мм. Швы проварены сплошным швом, листы окрашены суриком, эмалированы.""},{""section"":""Металлокаркас"",""label"":""Цвет:"",""value"":""RAL 7024, либо другой стандартный цвет.""},{""section"":""Деревянный каркас"",""label"":""Второстепенный каркас потолка:"",""value"":""Доска 100х40 мм, настил из обрезанной доски 25х100 мм.""},{""section"":""Деревянный каркас"",""label"":""Второстепенный каркас пола:"",""value"":""Настил из обрезанной доски 25х100 мм, доска 100х40 мм, настил обрезанная доска 25х100 мм.""},{""section"":""Отделка"",""label"":""Стеновые элементы:"",""value"":""Сэндвич-панель трехслойная заводская, с замком Z - lock, с утеплителем толщиной 100 мм, RAL 9003.""},{""section"":""Отделка"",""label"":""Внутренняя отделка потолка:"",""value"":""ЛДСП 12 мм, цвет белый, панели прокладываются через омега-профилем.""},{""section"":""Отделка"",""label"":""Теплоизоляция пола и потолка:"",""value"":""Рулонная минеральная вата 100 мм пола, потолка, стен, плотность 11 кг/м³""},{""section"":""Отделка"",""label"":""Ветро-парозащита:"",""value"":""Наноизол А-В.""},{""section"":""Отделка"",""label"":""Финишная отделка пола:"",""value"":""ДСП 16 мм.""},{""section"":""Двери"",""label"":""Входная дверь:"",""value"":""Металлическая, утепленная, с врезанным замком и ручкой, размер 800х2000 мм, цвет коричневый, производство «Промет».""},{""section"":""Двери"",""label"":""Межкомнатная дверь:"",""value"":""МДФ «ОЛОВИ», с врезанным замком и ручкой, цвет&nbsp;белый, размер 800х2000 мм.""},{""section"":""Окна"",""label"":""Окно:"",""value"":""ПВХ, однокамерное, цвет белый, размер 900х1100 мм, с поворотно-откидной створкой.""},{""section"":""Дополнительное оборудование"",""label"":""Слаботочные системы (СЛС): оповещение, видеонаблюдение, контроль доступа, охранная сигнализация, LAN и Wi‑Fi."",""value"":""Оставьте заявку для расчета в тендер""},{""section"":""Дополнительное оборудование"",""label"":""Готовы рассмотреть предложения по участию в тендерах по строительству, монтажу и поставке бытовок, блок контейнеров и модульных зданий"",""value"":""Фотографии""}]"
Бытовка из сэндвич панелей Б 05,,482500,,https://unistroy.pro/bytovka-iz-sendvich-panelej-b-05,"[{""section"":""Общие характеристики"",""label"":""Высота:"",""value"":""2,5 м.""},{""section"":""Общие характеристики"",""label"":""Высота потолков:"",""value"":""2,2 м.""},{""section"":""Металлокаркас"",""label"":""Верхняя обвязка"",""value"":""Швеллер сложногнутый х/к 120х50х3 мм.""},{""section"":""Металлокаркас"",""label"":""Нижняя обвязка:"",""value"":""Швеллер х/к 120х50х3 мм.""},{""section"":""Металлокаркас"",""label"":""Угловая стойка:"",""value"":""Угол усиленный х/к 150х170х3 мм.""},{""section"":""Металлокаркас"",""label"":""Усиление пола:"",""value"":""Сдвоенный металлический уголок, шаг 600 мм.""},{""section"":""Металлокаркас"",""label"":""Дно:"",""value"":""Оцинкованный гладкий лист, толщина 0,45 мм.""},{""section"":""Металлокаркас"",""label"":""Плоская кровля:"",""value"":""Х/к стальной лист 1 мм. Швы проварены сплошным швом, листы окрашены суриком, эмалированы.""},{""section"":""Металлокаркас"",""label"":""Цвет:"",""value"":""RAL 7024, либо другой стандартный цвет.""},{""section"":""Деревянный каркас"",""label"":""Второстепенный каркас потолка:"",""value"":""Доска 100х40 мм, настил из обрезанной доски 25х100 мм.""},{""section"":""Деревянный каркас"",""label"":""Второстепенный каркас пола:"",""value"":""Настил из обрезанной доски 25х100 мм, доска 100х40 мм, настил обрезанная доска 25х100 мм.""},{""section"":""Отделка"",""label"":""Стеновые элементы:"",""value"":""Сэндвич-панель трехслойная заводская, с замком Z - lock, с утеплителем толщиной 100 мм, RAL 9003.""},{""section"":""Отделка"",""label"":""Внутренняя отделка потолка:"",""value"":""ЛДСП 12 мм, цвет белый, панели прокладываются через омега-профилем.""},{""section"":""Отделка"",""label"":""Теплоизоляция пола и потолка:"",""value"":""Рулонная минеральная вата 100 мм пола, потолка, стен, плотность 11 кг/м³""},{""section"":""Отделка"",""label"":""Ветро-парозащита:"",""value"":""Наноизол А-В.""},{""section"":""Отделка"",""label"":""Финишная отделка пола:"",""value"":""ДСП 16 мм.""},{""section"":""Двери"",""label"":""Входная дверь:"",""value"":""Металлическая, утепленная, с врезанным замком и ручкой, размер 800х2000 мм, цвет коричневый, производство «Промет».""},{""section"":""Двери"",""label"":""Межкомнатная дверь:"",""value"":""МДФ «ОЛОВИ», с врезанным замком и ручкой, цвет&nbsp;белый, размер 800х2000 мм.""},{""section"":""Окна"",""label"":""Окно:"",""value"":""ПВХ, однокамерное, цвет белый, размер 900х1100 мм, с поворотно-откидной створкой.""},{""section"":""Дополнительное оборудование"",""label"":""Слаботочные системы (СЛС): оповещение, видеонаблюдение, контроль доступа, охранная сигнализация, LAN и Wi‑Fi."",""value"":""Оставьте заявку для расчета в тендер""},{""section"":""Дополнительное оборудование"",""label"":""Готовы рассмотреть предложения по участию в тендерах по строительству, монтажу и поставке бытовок, блок контейнеров и модульных зданий"",""value"":""Фотографии""}]"
Бытовка из сэндвич панелей Б 06,,482500,,https://unistroy.pro/bytovka-iz-sendvich-panelej-b-06,"[{""section"":""Общие характеристики"",""label"":""Высота:"",""value"":""2,5 м.""},{""section"":""Общие характеристики"",""label"":""Высота потолков:"",""value"":""2,2 м.""},{""section"":""Металлокаркас"",""label"":""Верхняя обвязка"",""value"":""Швеллер сложногнутый х/к 120х50х3 мм.""},{""section"":""Металлокаркас"",""label"":""Нижняя обвязка:"",""value"":""Швеллер х/к 120х50х3 мм.""},{""section"":""Металлокаркас"",""label"":""Угловая стойка:"",""value"":""Угол усиленный х/к 150х170х3 мм.""},{""section"":""Металлокаркас"",""label"":""Усиление пола:"",""value"":""Сдвоенный металлический уголок, шаг 600 мм.""},{""section"":""Металлокаркас"",""label"":""Дно:"",""value"":""Оцинкованный гладкий лист, толщина 0,45 мм.""},{""section"":""Металлокаркас"",""label"":""Плоская кровля:"",""value"":""Х/к стальной лист 1 мм. Швы проварены сплошным швом, листы окрашены суриком, эмалированы.""},{""section"":""Металлокаркас"",""label"":""Цвет:"",""value"":""RAL 7024, либо другой стандартный цвет.""},{""section"":""Деревянный каркас"",""label"":""Второстепенный каркас потолка:"",""value"":""Доска 100х40 мм, настил из обрезанной доски 25х100 мм.""},{""section"":""Деревянный каркас"",""label"":""Второстепенный каркас пола:"",""value"":""Настил из обрезанной доски 25х100 мм, доска 100х40 мм, настил обрезанная доска 25х100 мм.""},{""section"":""Отделка"",""label"":""Стеновые элементы:"",""value"":""Сэндвич-панель трехслойная заводская, с замком Z - lock, с утеплителем толщиной 100 мм, RAL 9003.""},{""section"":""Отделка"",""label"":""Внутренняя отделка потолка:"",""value"":""ЛДСП 12 мм, цвет белый, панели прокладываются через омега-профилем.""},{""section"":""Отделка"",""label"":""Теплоизоляция пола и потолка:"",""value"":""Рулонная минеральная вата 100 мм пола, потолка, стен, плотность 11 кг/м³""},{""section"":""Отделка"",""label"":""Ветро-парозащита:"",""value"":""Наноизол А-В.""},{""section"":""Отделка"",""label"":""Финишная отделка пола:"",""value"":""ДСП 16 мм.""},{""section"":""Двери"",""label"":""Входная дверь:"",""value"":""Металлическая, утепленная, с врезанным замком и ручкой, размер 800х2000 мм, цвет коричневый, производство «Промет».""},{""section"":""Двери"",""label"":""Межкомнатная дверь:"",""value"":""МДФ «ОЛОВИ», с врезанным замком и ручкой, цвет&nbsp;белый, размер 800х2000 мм.""},{""section"":""Окна"",""label"":""Окно:"",""value"":""ПВХ, однокамерное, цвет белый, размер 900х1100 мм, с поворотно-откидной створкой.""},{""section"":""Дополнительное оборудование"",""label"":""Слаботочные системы (СЛС): оповещение, видеонаблюдение, контроль доступа, охранная сигнализация, LAN и Wi‑Fi."",""value"":""Оставьте заявку для расчета в тендер""},{""section"":""Дополнительное оборудование"",""label"":""Готовы рассмотреть предложения по участию в тендерах по строительству, монтажу и поставке бытовок, блок контейнеров и модульных зданий"",""value"":""Фотографии""}]"
Бытовка из сэндвич панелей сантехническая БС 01,,592100,,https://unistroy.pro/bytovka-iz-sendvich-panelej-santehnicheskaya-bs-01,"[{""section"":""Общие характеристики"",""label"":""Высота:"",""value"":""2,5 м.""},{""section"":""Общие характеристики"",""label"":""Высота потолков:"",""value"":""2,2 м.""},{""section"":""Металлокаркас"",""label"":""Верхняя обвязка"",""value"":""Швеллер сложногнутый х/к 120х50х3 мм.""},{""section"":""Металлокаркас"",""label"":""Нижняя обвязка:"",""value"":""Швеллер х/к 120х50х3 мм.""},{""section"":""Металлокаркас"",""label"":""Угловая стойка:"",""value"":""Угол усиленный х/к 150х170х3 мм.""},{""section"":""Металлокаркас"",""label"":""Усиление пола:"",""value"":""Сдвоенный металлический уголок, шаг 600 мм.""},{""section"":""Металлокаркас"",""label"":""Дно:"",""value"":""Оцинкованный гладкий лист, толщина 0,45 мм.""},{""section"":""Металлокаркас"",""label"":""Плоская кровля:"",""value"":""Х/к стальной лист 1 мм. Швы проварены сплошным швом, листы окрашены суриком, эмалированы.""},{""section"":""Металлокаркас"",""label"":""Цвет:"",""value"":""RAL 7024, либо другой стандартный цвет.""},{""section"":""Деревянный каркас"",""label"":""Второстепенный каркас потолка:"",""value"":""Доска 100х40 мм, настил из обрезанной доски 25х100 мм.""},{""section"":""Деревянный каркас"",""label"":""Второстепенный каркас пола:"",""value"":""Настил из обрезанной доски 25х100 мм, доска 100х40 мм, настил обрезанная доска 25х100 мм.""},{""section"":""Отделка"",""label"":""Стеновые элементы:"",""value"":""Сэндвич-панель трехслойная заводская, с замком Z - lock, с утеплителем толщиной 100 мм, RAL 9003.""},{""section"":""Отделка"",""label"":""Внутренняя отделка потолка:"",""value"":""ЛДСП 12 мм, цвет белый, панели прокладываются через омега-профилем.""},{""section"":""Отделка"",""label"":""Теплоизоляция пола и потолка:"",""value"":""Рулонная минеральная вата 100 мм пола, потолка, стен, плотность 11 кг/м³""},{""section"":""Отделка"",""label"":""Ветро-парозащита:"",""value"":""Наноизол А-В.""},{""section"":""Отделка"",""label"":""Финишная отделка пола:"",""value"":""ДСП 16 мм, линолеум бытовой и плинтус ПВХ.""},{""section"":""Двери"",""label"":""Входная дверь:"",""value"":""Металлическая, утепленная, с врезанным замком и ручкой, размер 800х2000 мм, цвет коричневый, производство «Промет».""},{""section"":""Двери"",""label"":""Межкомнатная дверь:"",""value"":""ПВХ, глухая сэндвич-панель, с врезанным замком и ручкой, цвет белый, размер 800х2000 мм.""},{""section"":""Окна"",""label"":""Окно:"",""value"":""ПВХ, однокамерное, цвет белый, размер 500х500 мм, с поворотно-откидной створкой.""},{""section"":""Сантехника"",""label"":""Туалет:"",""value"":""Унитаз Компакт со сливным бачком.""},{""section"":""Сантехника"",""label"":""Раковина:"",""value"":""Раковина фаянс со смесителем.""},{""section"":""Сантехника"",""label"":""ГВС:"",""value"":""Накопительный электрический бойлер объемом 50 л.""},{""section"":""Сантехника"",""label"":""Туалетная кабинка:"",""value"":""Выполненные из ЛДСП белого цвета на металлических каркасах.""},{""section"":""Сантехника"",""label"":""Инженерные системы:"",""value"":""Разводка водоснабжения и канализации, вывод на контур здания.""},{""section"":""Дополнительное оборудование"",""label"":""Слаботочные системы (СЛС): оповещение, видеонаблюдение, контроль доступа, охранная сигнализация, LAN и Wi‑Fi."",""value"":""Оставьте заявку для расчета в тендер""},{""section"":""Дополнительное оборудование"",""label"":""Готовы рассмотреть предложения по участию в тендерах по строительству, монтажу и поставке бытовок, блок контейнеров и модульных зданий"",""value"":""Фотографии""}]"
Бытовка из сэндвич панелей сантехническая БС 02,,640900,,https://unistroy.pro/bytovka-iz-sendvich-panelej-santehnicheskaya-bs-02,"[{""section"":""Общие характеристики"",""label"":""Высота:"",""value"":""2,5 м.""},{""section"":""Общие характеристики"",""label"":""Высота потолков:"",""value"":""2,2 м.""},{""section"":""Металлокаркас"",""label"":""Верхняя обвязка"",""value"":""Швеллер сложногнутый х/к 120х50х3 мм.""},{""section"":""Металлокаркас"",""label"":""Нижняя обвязка:"",""value"":""Швеллер х/к 120х50х3 мм.""},{""section"":""Металлокаркас"",""label"":""Угловая стойка:"",""value"":""Угол усиленный х/к 150х170х3 мм.""},{""section"":""Металлокаркас"",""label"":""Усиление пола:"",""value"":""Сдвоенный металлический уголок, шаг 600 мм.""},{""section"":""Металлокаркас"",""label"":""Дно:"",""value"":""Оцинкованный гладкий лист, толщина 0,45 мм.""},{""section"":""Металлокаркас"",""label"":""Плоская кровля:"",""value"":""Х/к стальной лист 1 мм. Швы проварены сплошным швом, листы окрашены суриком, эмалированы.""},{""section"":""Металлокаркас"",""label"":""Цвет:"",""value"":""RAL 7024, либо другой стандартный цвет.""},{""section"":""Деревянный каркас"",""label"":""Второстепенный каркас потолка:"",""value"":""Доска 100х40 мм, настил из обрезанной доски 25х100 мм.""},{""section"":""Деревянный каркас"",""label"":""Второстепенный каркас пола:"",""value"":""Настил из обрезанной доски 25х100 мм, доска 100х40 мм, настил обрезанная доска 25х100 мм.""},{""section"":""Отделка"",""label"":""Стеновые элементы:"",""value"":""Сэндвич-панель трехслойная заводская, с замком Z - lock, с утеплителем толщиной 100 мм, RAL 9003.""},{""section"":""Отделка"",""label"":""Внутренняя отделка потолка:"",""value"":""ЛДСП 12 мм, цвет белый, панели прокладываются через омега-профилем.""},{""section"":""Отделка"",""label"":""Теплоизоляция пола и потолка:"",""value"":""Рулонная минеральная вата 100 мм пола, потолка, стен, плотность 11 кг/м³""},{""section"":""Отделка"",""label"":""Ветро-парозащита:"",""value"":""Наноизол А-В.""},{""section"":""Отделка"",""label"":""Финишная отделка пола:"",""value"":""ДСП 16 мм, линолеум бытовой и плинтус ПВХ.""},{""section"":""Двери"",""label"":""Входная дверь:"",""value"":""Металлическая, утепленная, с врезанным замком и ручкой, размер 800х2000 мм, цвет коричневый, производство «Промет».""},{""section"":""Окна"",""label"":""Окно:"",""value"":""ПВХ, однокамерное, цвет белый, размер 500х500 мм, с поворотно-откидной створкой.""},{""section"":""Сантехника"",""label"":""Душ:"",""value"":""Душевой поддон металлический 800х800 мм.""},{""section"":""Сантехника"",""label"":""Раковина:"",""value"":""Раковина фаянс со смесителем.""},{""section"":""Сантехника"",""label"":""ГВС:"",""value"":""Накопительный электрический бойлер объемом 200 л.""},{""section"":""Сантехника"",""label"":""Душевая кабинка:"",""value"":""Выполненные из ЛДСП белого цвета на металлических каркасах.""},{""section"":""Сантехника"",""label"":""Инженерные системы:"",""value"":""Разводка водоснабжения и канализации, вывод на контур здания.""},{""section"":""Дополнительное оборудование"",""label"":""Слаботочные системы (СЛС): оповещение, видеонаблюдение, контроль доступа, охранная сигнализация, LAN и Wi‑Fi."",""value"":""Оставьте заявку для расчета в тендер""},{""section"":""Дополнительное оборудование"",""label"":""Готовы рассмотреть предложения по участию в тендерах по строительству, монтажу и поставке бытовок, блок контейнеров и модульных зданий"",""value"":""Фотографии""}]"
Бытовка из сэндвич панелей сантехническая БС 03,,612900,,https://unistroy.pro/bytovka-iz-sendvich-panelej-santehnicheskaya-bs-03,"[{""section"":""Общие характеристики"",""label"":""Высота:"",""value"":""2,5 м.""},{""section"":""Общие характеристики"",""label"":""Высота потолков:"",""value"":""2,2 м.""},{""section"":""Металлокаркас"",""label"":""Верхняя обвязка"",""value"":""Швеллер сложногнутый х/к 120х50х3 мм.""},{""section"":""Металлокаркас"",""label"":""Нижняя обвязка:"",""value"":""Швеллер х/к 120х50х3 мм.""},{""section"":""Металлокаркас"",""label"":""Угловая стойка:"",""value"":""Угол усиленный х/к 150х170х3 мм.""},{""section"":""Металлокаркас"",""label"":""Усиление пола:"",""value"":""Сдвоенный металлический уголок, шаг 600 мм.""},{""section"":""Металлокаркас"",""label"":""Дно:"",""value"":""Оцинкованный гладкий лист, толщина 0,45 мм.""},{""section"":""Металлокаркас"",""label"":""Плоская кровля:"",""value"":""Х/к стальной лист 1 мм. Швы проварены сплошным швом, листы окрашены суриком, эмалированы.""},{""section"":""Металлокаркас"",""label"":""Цвет:"",""value"":""RAL 7024, либо другой стандартный цвет.""},{""section"":""Деревянный каркас"",""label"":""Второстепенный каркас потолка:"",""value"":""Доска 100х40 мм, настил из обрезанной доски 25х100 мм.""},{""section"":""Деревянный каркас"",""label"":""Второстепенный каркас пола:"",""value"":""Настил из обрезанной доски 25х100 мм, доска 100х40 мм, настил обрезанная доска 25х100 мм.""},{""section"":""Отделка"",""label"":""Стеновые элементы:"",""value"":""Сэндвич-панель трехслойная заводская, с замком Z - lock, с утеплителем толщиной 100 мм, RAL 9003.""},{""section"":""Отделка"",""label"":""Внутренняя отделка потолка:"",""value"":""ЛДСП 12 мм, цвет белый, панели прокладываются через омега-профилем.""},{""section"":""Отделка"",""label"":""Теплоизоляция пола и потолка:"",""value"":""Рулонная минеральная вата 100 мм пола, потолка, стен, плотность 11 кг/м³""},{""section"":""Отделка"",""label"":""Ветро-парозащита:"",""value"":""Наноизол А-В.""},{""section"":""Отделка"",""label"":""Финишная отделка пола:"",""value"":""ДСП 16 мм, линолеум бытовой и плинтус ПВХ.""},{""section"":""Двери"",""label"":""Входная дверь:"",""value"":""Металлическая, утепленная, с врезанным замком и ручкой, размер 800х2000 мм, цвет коричневый, производство «Промет».""},{""section"":""Окна"",""label"":""Окно:"",""value"":""ПВХ, однокамерное, цвет белый, размер 500х500 мм, с поворотно-откидной створкой.""},{""section"":""Сантехника"",""label"":""Раковина:"",""value"":""Раковина фаянс со смесителем.""},{""section"":""Сантехника"",""label"":""ГВС:"",""value"":""Накопительный электрический бойлер объемом 100 л.""},{""section"":""Сантехника"",""label"":""Инженерные системы:"",""value"":""Разводка водоснабжения и канализации, вывод на контур здания.""},{""section"":""Дополнительное оборудование"",""label"":""Слаботочные системы (СЛС): оповещение, видеонаблюдение, контроль доступа, охранная сигнализация, LAN и Wi‑Fi."",""value"":""Оставьте заявку для расчета в тендер""},{""section"":""Дополнительное оборудование"",""label"":""Готовы рассмотреть предложения по участию в тендерах по строительству, монтажу и поставке бытовок, блок контейнеров и модульных зданий"",""value"":""Фотографии""}]"
Бытовка из сэндвич панелей сантехническая БС 04,,614500,,https://unistroy.pro/bytovka-iz-sendvich-panelej-santehnicheskaya-bs-04,"[{""section"":""Общие характеристики"",""label"":""Высота:"",""value"":""2,5 м.""},{""section"":""Общие характеристики"",""label"":""Высота потолков:"",""value"":""2,2 м.""},{""section"":""Металлокаркас"",""label"":""Верхняя обвязка"",""value"":""Швеллер сложногнутый х/к 120х50х3 мм.""},{""section"":""Металлокаркас"",""label"":""Нижняя обвязка:"",""value"":""Швеллер х/к 120х50х3 мм.""},{""section"":""Металлокаркас"",""label"":""Угловая стойка:"",""value"":""Угол усиленный х/к 150х170х3 мм.""},{""section"":""Металлокаркас"",""label"":""Усиление пола:"",""value"":""Сдвоенный металлический уголок, шаг 600 мм.""},{""section"":""Металлокаркас"",""label"":""Дно:"",""value"":""Оцинкованный гладкий лист, толщина 0,45 мм.""},{""section"":""Металлокаркас"",""label"":""Плоская кровля:"",""value"":""Х/к стальной лист 1 мм. Швы проварены сплошным швом, листы окрашены суриком, эмалированы.""},{""section"":""Металлокаркас"",""label"":""Цвет:"",""value"":""RAL 7024, либо другой стандартный цвет.""},{""section"":""Деревянный каркас"",""label"":""Второстепенный каркас потолка:"",""value"":""Доска 100х40 мм, настил из обрезанной доски 25х100 мм.""},{""section"":""Деревянный каркас"",""label"":""Второстепенный каркас пола:"",""value"":""Настил из обрезанной доски 25х100 мм, доска 100х40 мм, настил обрезанная доска 25х100 мм.""},{""section"":""Отделка"",""label"":""Стеновые элементы:"",""value"":""Сэндвич-панель трехслойная заводская, с замком Z - lock, с утеплителем толщиной 100 мм, RAL 9003.""},{""section"":""Отделка"",""label"":""Внутренняя отделка потолка:"",""value"":""ЛДСП 12 мм, цвет белый, панели прокладываются через омега-профилем.""},{""section"":""Отделка"",""label"":""Теплоизоляция пола и потолка:"",""value"":""Рулонная минеральная вата 100 мм пола, потолка, стен, плотность 11 кг/м³""},{""section"":""Отделка"",""label"":""Ветро-парозащита:"",""value"":""Наноизол А-В.""},{""section"":""Отделка"",""label"":""Финишная отделка пола:"",""value"":""ДСП 16 мм, линолеум бытовой и плинтус ПВХ.""},{""section"":""Двери"",""label"":""Входная дверь:"",""value"":""Металлическая, утепленная, с врезанным замком и ручкой, размер 800х2000 мм, цвет коричневый, производство «Промет».""},{""section"":""Окна"",""label"":""Окно:"",""value"":""ПВХ, однокамерное, цвет белый, размер 500х500 мм, с поворотно-откидной створкой.""},{""section"":""Сантехника"",""label"":""Туалет:"",""value"":""Унитаз Компакт со сливным бачком.""},{""section"":""Сантехника"",""label"":""Душ:"",""value"":""Душевой поддон металлический 800х800 мм.""},{""section"":""Сантехника"",""label"":""Раковина:"",""value"":""Раковина фаянс со смесителем.""},{""section"":""Сантехника"",""label"":""Туалетная и душевая кабинка:"",""value"":""Выполненные из ЛДСП белого цвета на металлических каркасах.""},{""section"":""Сантехника"",""label"":""Инженерные системы:"",""value"":""Разводка водоснабжения и канализации, вывод на контур здания.""},{""section"":""Дополнительное оборудование"",""label"":""Слаботочные системы (СЛС): оповещение, видеонаблюдение, контроль доступа, охранная сигнализация, LAN и Wi‑Fi."",""value"":""Оставьте заявку для расчета в тендер""},{""section"":""Дополнительное оборудование"",""label"":""Готовы рассмотреть предложения по участию в тендерах по строительству, монтажу и поставке бытовок, блок контейнеров и модульных зданий"",""value"":""Фотографии""}]"
Бытовка из сэндвич панелей автономная сантехническая БС 06,,1102200,,https://unistroy.pro/bytovka-iz-sendvich-panelej-avtonomnaya-santehnicheskaya-bs-06,"[{""section"":""Общие характеристики"",""label"":""Высота:"",""value"":""2,5 м.""},{""section"":""Общие характеристики"",""label"":""Высота потолков:"",""value"":""2,2 м.""},{""section"":""Металлокаркас"",""label"":""Верхняя обвязка"",""value"":""Швеллер сложногнутый х/к 120х50х3 мм.""},{""section"":""Металлокаркас"",""label"":""Нижняя обвязка:"",""value"":""Швеллер х/к 120х50х3 мм.""},{""section"":""Металлокаркас"",""label"":""Угловая стойка:"",""value"":""Угол усиленный х/к 150х170х3 мм.""},{""section"":""Металлокаркас"",""label"":""Усиление пола:"",""value"":""Сдвоенный металлический уголок, шаг 600 мм.""},{""section"":""Металлокаркас"",""label"":""Дно:"",""value"":""Оцинкованный гладкий лист, толщина 0,45 мм.""},{""section"":""Металлокаркас"",""label"":""Плоская кровля:"",""value"":""Х/к стальной лист 1 мм. Швы проварены сплошным швом, листы окрашены суриком, эмалированы.""},{""section"":""Металлокаркас"",""label"":""Цвет:"",""value"":""RAL 7024, либо другой стандартный цвет.""},{""section"":""Деревянный каркас"",""label"":""Второстепенный каркас потолка:"",""value"":""Доска 100х40 мм, настил из обрезанной доски 25х100 мм.""},{""section"":""Деревянный каркас"",""label"":""Второстепенный каркас пола:"",""value"":""Настил из обрезанной доски 25х100 мм, доска 100х40 мм, настил обрезанная доска 25х100 мм.""},{""section"":""Отделка"",""label"":""Стеновые элементы:"",""value"":""Сэндвич-панель трехслойная заводская, с замком Z - lock, с утеплителем толщиной 100 мм, RAL 9003.""},{""section"":""Отделка"",""label"":""Внутренняя отделка потолка:"",""value"":""ЛДСП 12 мм, цвет белый, панели прокладываются через омега-профилем.""},{""section"":""Отделка"",""label"":""Теплоизоляция пола и потолка:"",""value"":""Рулонная минеральная вата 100 мм пола, потолка, стен, плотность 11 кг/м³""},{""section"":""Отделка"",""label"":""Ветро-парозащита:"",""value"":""Наноизол А-В.""},{""section"":""Отделка"",""label"":""Финишная отделка пола:"",""value"":""ДСП 16 мм, линолеум бытовой и плинтус ПВХ.""},{""section"":""Двери"",""label"":""Входная дверь:"",""value"":""Металлическая, утепленная, с врезанным замком и ручкой, размер 800х2000 мм, цвет коричневый, производство «Промет».""},{""section"":""Двери"",""label"":""Межкомнатная дверь:"",""value"":""ПВХ, глухая сэндвич-панель, с врезанным замком и ручкой, цвет белый, размер 800х2000 мм.""},{""section"":""Окна"",""label"":""Окно:"",""value"":""ПВХ, однокамерное, цвет белый, размер 500х500 мм, с поворотно-откидной створкой.""},{""section"":""Сантехника"",""label"":""Душ:"",""value"":""Душевой поддон металлический 800х800 мм.""},{""section"":""Сантехника"",""label"":""Раковина:"",""value"":""Раковина фаянс со смесителем.""},{""section"":""Сантехника"",""label"":""ГВС:"",""value"":""Накопительный электрический бойлер объемом 200 л.""},{""section"":""Сантехника"",""label"":""Туалетная и душевая кабинка:"",""value"":""Выполненные из ЛДСП белого цвета на металлических каркасах.""},{""section"":""Сантехника"",""label"":""Ёмкость:"",""value"":""Пластиковая бочка под чистую воду на 2 куб. м.""},{""section"":""Сантехника"",""label"":""Насос:"",""value"":""Насосная станция на 50-60 л/мин.""},{""section"":""Сантехника"",""label"":""Инженерные системы:"",""value"":""Разводка водоснабжения и канализации, вывод на контур здания.""},{""section"":""Дополнительное оборудование"",""label"":""Слаботочные системы (СЛС): оповещение, видеонаблюдение, контроль доступа, охранная сигнализация, LAN и Wi‑Fi."",""value"":""Оставьте заявку для расчета в тендер""},{""section"":""Дополнительное оборудование"",""label"":""Готовы рассмотреть предложения по участию в тендерах по строительству, монтажу и поставке бытовок, блок контейнеров и модульных зданий"",""value"":""Фотографии""}]"
Бытовка из сэндвич панелей сантехническая туалет БС 07,,441300,,https://unistroy.pro/bytovka-iz-sendvich-panelej-santehnicheskaya-tualet-bs-07,"[{""section"":""Общие характеристики"",""label"":""Высота:"",""value"":""2,5 м.""},{""section"":""Общие характеристики"",""label"":""Высота потолков:"",""value"":""2,2 м.""},{""section"":""Металлокаркас"",""label"":""Верхняя обвязка"",""value"":""Швеллер сложногнутый х/к 120х50х3 мм.""},{""section"":""Металлокаркас"",""label"":""Нижняя обвязка:"",""value"":""Швеллер х/к 120х50х3 мм.""},{""section"":""Металлокаркас"",""label"":""Угловая стойка:"",""value"":""Угол усиленный х/к 150х170х3 мм.""},{""section"":""Металлокаркас"",""label"":""Усиление пола:"",""value"":""Сдвоенный металлический уголок, шаг 600 мм.""},{""section"":""Металлокаркас"",""label"":""Дно:"",""value"":""Оцинкованный гладкий лист, толщина 0,45 мм.""},{""section"":""Металлокаркас"",""label"":""Плоская кровля:"",""value"":""Х/к стальной лист 1 мм. Швы проварены сплошным швом, листы окрашены суриком, эмалированы.""},{""section"":""Металлокаркас"",""label"":""Цвет:"",""value"":""RAL 7024, либо другой стандартный цвет.""},{""section"":""Деревянный каркас"",""label"":""Второстепенный каркас потолка:"",""value"":""Доска 100х40 мм, настил из обрезанной доски 25х100 мм.""},{""section"":""Деревянный каркас"",""label"":""Второстепенный каркас пола:"",""value"":""Настил из обрезанной доски 25х100 мм, доска 100х40 мм, настил обрезанная доска 25х100 мм.""},{""section"":""Отделка"",""label"":""Стеновые элементы:"",""value"":""Сэндвич-панель трехслойная заводская, с замком Z - lock, с утеплителем толщиной 100 мм, RAL 9003.""},{""section"":""Отделка"",""label"":""Внутренняя отделка потолка:"",""value"":""ЛДСП 12 мм, цвет белый, панели прокладываются через омега-профилем.""},{""section"":""Отделка"",""label"":""Теплоизоляция пола и потолка:"",""value"":""Рулонная минеральная вата 100 мм пола, потолка, стен, плотность 11 кг/м³""},{""section"":""Отделка"",""label"":""Ветро-парозащита:"",""value"":""Наноизол А-В.""},{""section"":""Отделка"",""label"":""Финишная отделка пола:"",""value"":""ДСП 16 мм, линолеум бытовой и плинтус ПВХ.""},{""section"":""Двери"",""label"":""Входная дверь:"",""value"":""Металлическая, утепленная, с врезанным замком и ручкой, размер 800х2000 мм, цвет коричневый, производство «Промет».""},{""section"":""Сантехника"",""label"":""Туалет:"",""value"":""Унитаз Компакт со сливным бачком.""},{""section"":""Сантехника"",""label"":""Раковина:"",""value"":""Раковина фаянс со смесителем.""},{""section"":""Сантехника"",""label"":""Инженерные системы:"",""value"":""Разводка водоснабжения и канализации, вывод на контур здания.""},{""section"":""Дополнительное оборудование"",""label"":""Слаботочные системы (СЛС): оповещение, видеонаблюдение, контроль доступа, охранная сигнализация, LAN и Wi‑Fi."",""value"":""Оставьте заявку для расчета в тендер""},{""section"":""Дополнительное оборудование"",""label"":""Готовы рассмотреть предложения по участию в тендерах по строительству, монтажу и поставке бытовок, блок контейнеров и модульных зданий"",""value"":""Фотографии""}]"
Бытовка на шасси БСН 01,,915300,,https://unistroy.pro/bytovka-na-shassi-bsn-01,"[{""section"":""Общие характеристики"",""label"":""Длина блока:"",""value"":""6 м.""},{""section"":""Общие характеристики"",""label"":""Длина блока с шасси:"",""value"":""7,7 м.""},{""section"":""Общие характеристики"",""label"":""Ширина:"",""value"":""2,4 м.""},{""section"":""Общие характеристики"",""label"":""Высота блока:"",""value"":""2,5 м.""},{""section"":""Общие характеристики"",""label"":""Высота блока с шасси:"",""value"":""3,6 м.""},{""section"":""Общие характеристики"",""label"":""Высота потолков:"",""value"":""2,2 м.""},{""section"":""Металлокаркас"",""label"":""Верхняя обвязка"",""value"":""Швеллер сложногнутый х/к 120х50х3 мм.""},{""section"":""Металлокаркас"",""label"":""Нижняя обвязка:"",""value"":""Швеллер х/к 120х50х3 мм.""},{""section"":""Металлокаркас"",""label"":""Угловая стойка:"",""value"":""Угол усиленный х/к 90х90х3 мм.""},{""section"":""Металлокаркас"",""label"":""Усиление пола:"",""value"":""Сдвоенный металлический уголок, шаг 600 мм.""},{""section"":""Металлокаркас"",""label"":""Плоская кровля:"",""value"":""Х/к стальной лист 1 мм. Швы проварены сплошным швом, листы окрашены суриком, эмалированы.""},{""section"":""Металлокаркас"",""label"":""Цвет:"",""value"":""RAL 7024, либо другой стандартный цвет.""},{""section"":""Деревянный каркас"",""label"":""Второстепенный каркас стен:"",""value"":""Доска 100х40 мм 1-ого сорта.""},{""section"":""Деревянный каркас"",""label"":""Второстепенный каркас потолка:"",""value"":""Доска 100х40 мм, настил из обрезанной доски 25х100 мм.""},{""section"":""Деревянный каркас"",""label"":""Второстепенный каркас пола:"",""value"":""Настил из обрезанной доски 25х100 мм, доска 100х40 мм, настил обрезанная доска 25х100 мм.""},{""section"":""Отделка"",""label"":""Наружная обшивка:"",""value"":""Стальной оцинкованный профилированный лист «С8», толщина 0,45 мм.""},{""section"":""Отделка"",""label"":""Теплоизоляция:"",""value"":""Рулонная минеральная вата 50 мм пола, потолка, стен, плотность 11 кг/м³""},{""section"":""Отделка"",""label"":""Ветро-парозащита:"",""value"":""ПВХ пленка, толщиной 80 мкр.""},{""section"":""Отделка"",""label"":""Финишная отделка пола:"",""value"":""ДСП 16 мм.""},{""section"":""Двери"",""label"":""Входная дверь:"",""value"":""Каркасная обшитая ДВП, снаружи обшита гладким оцинкованным листом, с врезанным замком и ручкой, 800х2000 мм.""},{""section"":""Двери"",""label"":""Межкомнатная дверь:"",""value"":""Каркасная обшитая ДВП, с врезанным замком и ручкой, 800х2000 мм.""},{""section"":""Окна"",""label"":""Окно:"",""value"":""Деревянное, с двойным остеклением, размер 1000х1000 мм, с поворотной створкой.""},{""section"":""Лестничная группа"",""label"":""Лестница:"",""value"":""Металлическая лестница с перилами, ступени из просечного листа, перила из проф. трубы.""},{""section"":""Шасси"",""label"":""Шасси:"",""value"":""Шасси-прицеп на колесах для установки и безопасной транспортировки блок-контейнера любым тягачом, с усиленной металлической рамой и надежной фиксацией модуля.""},{""section"":""Дополнительное оборудование"",""label"":""Слаботочные системы (СЛС): оповещение, видеонаблюдение, контроль доступа, охранная сигнализация, LAN и Wi‑Fi."",""value"":""Оставьте заявку для расчета в тендер""},{""section"":""Дополнительное оборудование"",""label"":""Готовы рассмотреть предложения по участию в тендерах по строительству, монтажу и поставке бытовок, блок контейнеров и модульных зданий"",""value"":""Фотографии""}]"
Бытовка на санях БСН 02,,712800,,https://unistroy.pro/bytovka-na-sanyah-bsn-02,"[{""section"":""Общие характеристики"",""label"":""Длина блока:"",""value"":""6 м.""},{""section"":""Общие характеристики"",""label"":""Длина блока на санях:"",""value"":""7,5 м.""},{""section"":""Общие характеристики"",""label"":""Ширина:"",""value"":""2,4 м.""},{""section"":""Общие характеристики"",""label"":""Высота блока:"",""value"":""2,5 м.""},{""section"":""Общие характеристики"",""label"":""Высота блока на санях:"",""value"":""3,3 м.""},{""section"":""Общие характеристики"",""label"":""Высота потолков:"",""value"":""2,2 м.""},{""section"":""Металлокаркас"",""label"":""Верхняя обвязка"",""value"":""Швеллер сложногнутый х/к 120х50х3 мм.""},{""section"":""Металлокаркас"",""label"":""Нижняя обвязка:"",""value"":""Швеллер х/к 120х50х3 мм.""},{""section"":""Металлокаркас"",""label"":""Угловая стойка:"",""value"":""Угол усиленный х/к 90х90х3 мм.""},{""section"":""Металлокаркас"",""label"":""Усиление пола:"",""value"":""Сдвоенный металлический уголок, шаг 600 мм.""},{""section"":""Металлокаркас"",""label"":""Плоская кровля:"",""value"":""Х/к стальной лист 1 мм. Швы проварены сплошным швом, листы окрашены суриком, эмалированы.""},{""section"":""Металлокаркас"",""label"":""Цвет:"",""value"":""RAL 7024, либо другой стандартный цвет.""},{""section"":""Деревянный каркас"",""label"":""Второстепенный каркас стен:"",""value"":""Доска 100х40 мм 1-ого сорта.""},{""section"":""Деревянный каркас"",""label"":""Второстепенный каркас потолка:"",""value"":""Доска 100х40 мм, настил из обрезанной доски 25х100 мм.""},{""section"":""Деревянный каркас"",""label"":""Второстепенный каркас пола:"",""value"":""Настил из обрезанной доски 25х100 мм, доска 100х40 мм, настил обрезанная доска 25х100 мм.""},{""section"":""Отделка"",""label"":""Наружная обшивка:"",""value"":""Стальной оцинкованный профилированный лист «С8», толщина 0,45 мм.""},{""section"":""Отделка"",""label"":""Теплоизоляция:"",""value"":""Рулонная минеральная вата 50 мм пола, потолка, стен, плотность 11 кг/м³""},{""section"":""Отделка"",""label"":""Ветро-парозащита:"",""value"":""ПВХ пленка, толщиной 80 мкр.""},{""section"":""Отделка"",""label"":""Финишная отделка пола:"",""value"":""ДСП 16 мм.""},{""section"":""Двери"",""label"":""Входная дверь:"",""value"":""Каркасная обшитая ДВП, снаружи обшита гладким оцинкованным листом, с врезанным замком и ручкой, 800х2000 мм.""},{""section"":""Двери"",""label"":""Межкомнатная дверь:"",""value"":""Каркасная обшитая ДВП, с врезанным замком и ручкой, 800х2000 мм.""},{""section"":""Окна"",""label"":""Окно:"",""value"":""Деревянное, с двойным остеклением, размер 1000х1000 мм, с поворотной створкой.""},{""section"":""Сани"",""label"":""Сани:"",""value"":""Металлические сани-основание для установки и транспортировки конструкции по грунтовым, заснеженным и слабо подготовленным площадкам.""},{""section"":""Дополнительное оборудование"",""label"":""Слаботочные системы (СЛС): оповещение, видеонаблюдение, контроль доступа, охранная сигнализация, LAN и Wi‑Fi."",""value"":""Оставьте заявку для расчета в тендер""},{""section"":""Дополнительное оборудование"",""label"":""Готовы рассмотреть предложения по участию в тендерах по строительству, монтажу и поставке бытовок, блок контейнеров и модульных зданий"",""value"":""Фотографии""}]"
Блок контейнер металлический БК 01,,130880,Срок изготовления: 2-5 рабочих дней,https://unistroy.pro/blok-kontejner-metallicheskij-bk-01,"[{""section"":""Общие характеристики"",""label"":""Высота:"",""value"":""2,5 м.""},{""section"":""Общие характеристики"",""label"":""Высота потолков:"",""value"":""2,2 м.""},{""section"":""Металлокаркас"",""label"":""Верхняя обвязка"",""value"":""Швеллер сложногнутый х/к 120х50х3 мм.""},{""section"":""Металлокаркас"",""label"":""Нижняя обвязка:"",""value"":""Швеллер х/к 120х50х3 мм.""},{""section"":""Металлокаркас"",""label"":""Угловая стойка:"",""value"":""Угол усиленный х/к 90х90х3 мм.""},{""section"":""Металлокаркас"",""label"":""Усиление пола:"",""value"":""Сдвоенный металлический уголок, шаг 1200 мм.""},{""section"":""Металлокаркас"",""label"":""Плоская кровля:"",""value"":""Х/к стальной лист 1 мм. Швы проварены сплошным швом, листы окрашены суриком, эмалированы.""},{""section"":""Металлокаркас"",""label"":""Цвет:"",""value"":""RAL 7024, либо другой стандартный цвет.""},{""section"":""Деревянный каркас"",""label"":""Второстепенный каркас стен:"",""value"":""Доска 100х40 мм 1-ого сорта.""},{""section"":""Деревянный каркас"",""label"":""Второстепенный каркас потолка:"",""value"":""Доска 100х40 мм, настил из обрезанной доски 25х100 мм.""},{""section"":""Деревянный каркас"",""label"":""Второстепенный каркас пола:"",""value"":""Настил из обрезанной доски 25х100 мм, доска 100х40 мм, настил обрезанная доска 25х100 мм.""},{""section"":""Отделка"",""label"":""Наружная обшивка:"",""value"":""Стальной оцинкованный профилированный лист «С8», толщина 0,45 мм.""},{""section"":""Отделка"",""label"":""Теплоизоляция:"",""value"":""Рулонная минеральная вата 50 мм пола, потолка, стен, плотность 11 кг/м³""},{""section"":""Отделка"",""label"":""Ветро-парозащита:"",""value"":""ПВХ пленка, толщиной 80 мкр.""},{""section"":""Отделка"",""label"":""Финишная отделка пола:"",""value"":""ДСП 16 мм.""},{""section"":""Двери"",""label"":""Входная дверь:"",""value"":""Каркасная обшитая ДВП, снаружи обшита гладким оцинкованным листом, с врезанным замком и ручкой, 800х2000 мм.""},{""section"":""Окна"",""label"":""Окно:"",""value"":""Деревянное, с двойным остеклением, размер 1000х1000 мм, с поворотной створкой.""},{""section"":""Дополнительное оборудование"",""label"":""Слаботочные системы (СЛС): оповещение, видеонаблюдение, контроль доступа, охранная сигнализация, LAN и Wi‑Fi."",""value"":""Оставьте заявку для расчета в тендер""},{""section"":""Дополнительное оборудование"",""label"":""Готовы рассмотреть предложения по участию в тендерах по строительству, монтажу и поставке бытовок, блок контейнеров и модульных зданий"",""value"":""Фотографии""}]"
Блок контейнер металлический БК 02,,141800,Срок изготовления: 2-5 рабочих дней,https://unistroy.pro/blok-kontejner-metallicheskij-bk-02,"[{""section"":""Общие характеристики"",""label"":""Высота:"",""value"":""2,5 м.""},{""section"":""Общие характеристики"",""label"":""Высота потолков:"",""value"":""2,2 м.""},{""section"":""Металлокаркас"",""label"":""Верхняя обвязка"",""value"":""Швеллер сложногнутый х/к 120х50х3 мм.""},{""section"":""Металлокаркас"",""label"":""Нижняя обвязка:"",""value"":""Швеллер х/к 120х50х3 мм.""},{""section"":""Металлокаркас"",""label"":""Угловая стойка:"",""value"":""Угол усиленный х/к 90х90х3 мм.""},{""section"":""Металлокаркас"",""label"":""Усиление пола:"",""value"":""Сдвоенный металлический уголок, шаг 1200 мм.""},{""section"":""Металлокаркас"",""label"":""Плоская кровля:"",""value"":""Х/к стальной лист 1 мм. Швы проварены сплошным швом, листы окрашены суриком, эмалированы.""},{""section"":""Металлокаркас"",""label"":""Цвет:"",""value"":""RAL 7024, либо другой стандартный цвет.""},{""section"":""Деревянный каркас"",""label"":""Второстепенный каркас стен:"",""value"":""Доска 100х40 мм 1-ого сорта.""},{""section"":""Деревянный каркас"",""label"":""Второстепенный каркас потолка:"",""value"":""Доска 100х40 мм, настил из обрезанной доски 25х100 мм.""},{""section"":""Деревянный каркас"",""label"":""Второстепенный каркас пола:"",""value"":""Настил из обрезанной доски 25х100 мм, доска 100х40 мм, настил обрезанная доска 25х100 мм.""},{""section"":""Отделка"",""label"":""Наружная обшивка:"",""value"":""Стальной оцинкованный профилированный лист «С8», толщина 0,45 мм.""},{""section"":""Отделка"",""label"":""Теплоизоляция:"",""value"":""Рулонная минеральная вата 50 мм пола, потолка, стен, плотность 11 кг/м³""},{""section"":""Отделка"",""label"":""Ветро-парозащита:"",""value"":""ПВХ пленка, толщиной 80 мкр.""},{""section"":""Отделка"",""label"":""Финишная отделка пола:"",""value"":""ДСП 16 мм.""},{""section"":""Двери"",""label"":""Входная дверь:"",""value"":""Каркасная обшитая ДВП, снаружи обшита гладким оцинкованным листом, с врезанным замком и ручкой, 800х2000 мм.""},{""section"":""Двери"",""label"":""Межкомнатная дверь:"",""value"":""Каркасная обшитая ДВП, с врезанным замком и ручкой, 800х2000 мм.""},{""section"":""Окна"",""label"":""Окно:"",""value"":""Деревянное, с двойным остеклением, размер 1000х1000 мм, с поворотной створкой.""},{""section"":""Дополнительное оборудование"",""label"":""Слаботочные системы (СЛС): оповещение, видеонаблюдение, контроль доступа, охранная сигнализация, LAN и Wi‑Fi."",""value"":""Оставьте заявку для расчета в тендер""},{""section"":""Дополнительное оборудование"",""label"":""Готовы рассмотреть предложения по участию в тендерах по строительству, монтажу и поставке бытовок, блок контейнеров и модульных зданий"",""value"":""Фотографии""}]"
Блок контейнер металлический БК 03,,141800,Срок изготовления: 2-5 рабочих дней,https://unistroy.pro/blok-kontejner-metallicheskij-bk-03,"[{""section"":""Общие характеристики"",""label"":""Высота:"",""value"":""2,5 м.""},{""section"":""Общие характеристики"",""label"":""Высота потолков:"",""value"":""2,2 м.""},{""section"":""Металлокаркас"",""label"":""Верхняя обвязка"",""value"":""Швеллер сложногнутый х/к 120х50х3 мм.""},{""section"":""Металлокаркас"",""label"":""Нижняя обвязка:"",""value"":""Швеллер х/к 120х50х3 мм.""},{""section"":""Металлокаркас"",""label"":""Угловая стойка:"",""value"":""Угол усиленный х/к 90х90х3 мм.""},{""section"":""Металлокаркас"",""label"":""Усиление пола:"",""value"":""Сдвоенный металлический уголок, шаг 1200 мм.""},{""section"":""Металлокаркас"",""label"":""Плоская кровля:"",""value"":""Х/к стальной лист 1 мм. Швы проварены сплошным швом, листы окрашены суриком, эмалированы.""},{""section"":""Металлокаркас"",""label"":""Цвет:"",""value"":""RAL 7024, либо другой стандартный цвет.""},{""section"":""Деревянный каркас"",""label"":""Второстепенный каркас стен:"",""value"":""Доска 100х40 мм 1-ого сорта.""},{""section"":""Деревянный каркас"",""label"":""Второстепенный каркас потолка:"",""value"":""Доска 100х40 мм, настил из обрезанной доски 25х100 мм.""},{""section"":""Деревянный каркас"",""label"":""Второстепенный каркас пола:"",""value"":""Настил из обрезанной доски 25х100 мм, доска 100х40 мм, настил обрезанная доска 25х100 мм.""},{""section"":""Отделка"",""label"":""Наружная обшивка:"",""value"":""Стальной оцинкованный профилированный лист «С8», толщина 0,45 мм.""},{""section"":""Отделка"",""label"":""Теплоизоляция:"",""value"":""Рулонная минеральная вата 50 мм пола, потолка, стен, плотность 11 кг/м³""},{""section"":""Отделка"",""label"":""Ветро-парозащита:"",""value"":""ПВХ пленка, толщиной 80 мкр.""},{""section"":""Отделка"",""label"":""Финишная отделка пола:"",""value"":""ДСП 16 мм.""},{""section"":""Двери"",""label"":""Входная дверь:"",""value"":""Каркасная обшитая ДВП, снаружи обшита гладким оцинкованным листом, с врезанным замком и ручкой, 800х2000 мм.""},{""section"":""Двери"",""label"":""Межкомнатная дверь:"",""value"":""Каркасная обшитая ДВП, с врезанным замком и ручкой, 800х2000 мм.""},{""section"":""Окна"",""label"":""Окно:"",""value"":""Деревянное, с двойным остеклением, размер 1000х1000 мм, с поворотной створкой.""},{""section"":""Дополнительное оборудование"",""label"":""Слаботочные системы (СЛС): оповещение, видеонаблюдение, контроль доступа, охранная сигнализация, LAN и Wi‑Fi."",""value"":""Оставьте заявку для расчета в тендер""},{""section"":""Дополнительное оборудование"",""label"":""Готовы рассмотреть предложения по участию в тендерах по строительству, монтажу и поставке бытовок, блок контейнеров и модульных зданий"",""value"":""Фотографии""}]"
Блок контейнер металлический БК 04,,144800,Срок изготовления: 2-5 рабочих дней,https://unistroy.pro/blok-kontejner-metallicheskij-bk-04,"[{""section"":""Общие характеристики"",""label"":""Высота:"",""value"":""2,5 м.""},{""section"":""Общие характеристики"",""label"":""Высота потолков:"",""value"":""2,2 м.""},{""section"":""Металлокаркас"",""label"":""Верхняя обвязка"",""value"":""Швеллер сложногнутый х/к 120х50х3 мм.""},{""section"":""Металлокаркас"",""label"":""Нижняя обвязка:"",""value"":""Швеллер х/к 120х50х3 мм.""},{""section"":""Металлокаркас"",""label"":""Угловая стойка:"",""value"":""Угол усиленный х/к 90х90х3 мм.""},{""section"":""Металлокаркас"",""label"":""Усиление пола:"",""value"":""Сдвоенный металлический уголок, шаг 1200 мм.""},{""section"":""Металлокаркас"",""label"":""Плоская кровля:"",""value"":""Х/к стальной лист 1 мм. Швы проварены сплошным швом, листы окрашены суриком, эмалированы.""},{""section"":""Металлокаркас"",""label"":""Цвет:"",""value"":""RAL 7024, либо другой стандартный цвет.""},{""section"":""Деревянный каркас"",""label"":""Второстепенный каркас стен:"",""value"":""Доска 100х40 мм 1-ого сорта.""},{""section"":""Деревянный каркас"",""label"":""Второстепенный каркас потолка:"",""value"":""Доска 100х40 мм, настил из обрезанной доски 25х100 мм.""},{""section"":""Деревянный каркас"",""label"":""Второстепенный каркас пола:"",""value"":""Настил из обрезанной доски 25х100 мм, доска 100х40 мм, настил обрезанная доска 25х100 мм.""},{""section"":""Отделка"",""label"":""Наружная обшивка:"",""value"":""Стальной оцинкованный профилированный лист «С8», толщина 0,45 мм.""},{""section"":""Отделка"",""label"":""Теплоизоляция:"",""value"":""Рулонная минеральная вата 50 мм пола, потолка, стен, плотность 11 кг/м³""},{""section"":""Отделка"",""label"":""Ветро-парозащита:"",""value"":""ПВХ пленка, толщиной 80 мкр.""},{""section"":""Отделка"",""label"":""Финишная отделка пола:"",""value"":""ДСП 16 мм.""},{""section"":""Двери"",""label"":""Входная дверь:"",""value"":""Каркасная обшитая ДВП, снаружи обшита гладким оцинкованным листом, с врезанным замком и ручкой, 800х2000 мм.""},{""section"":""Двери"",""label"":""Межкомнатная дверь:"",""value"":""Каркасная обшитая ДВП, с врезанным замком и ручкой, 800х2000 мм.""},{""section"":""Окна"",""label"":""Окно:"",""value"":""Деревянное, с двойным остеклением, размер 1000х1000 мм, с поворотной створкой.""},{""section"":""Дополнительное оборудование"",""label"":""Слаботочные системы (СЛС): оповещение, видеонаблюдение, контроль доступа, охранная сигнализация, LAN и Wi‑Fi."",""value"":""Оставьте заявку для расчета в тендер""},{""section"":""Дополнительное оборудование"",""label"":""Готовы рассмотреть предложения по участию в тендерах по строительству, монтажу и поставке бытовок, блок контейнеров и модульных зданий"",""value"":""Фотографии""}]"
Блок контейнер металлический БК 05,,155800,Срок изготовления: 2-5 рабочих дней,https://unistroy.pro/blok-kontejner-metallicheskij-bk-05,"[{""section"":""Общие характеристики"",""label"":""Высота:"",""value"":""2,5 м.""},{""section"":""Общие характеристики"",""label"":""Высота потолков:"",""value"":""2,2 м.""},{""section"":""Металлокаркас"",""label"":""Верхняя обвязка"",""value"":""Швеллер сложногнутый х/к 120х50х3 мм.""},{""section"":""Металлокаркас"",""label"":""Нижняя обвязка:"",""value"":""Швеллер х/к 120х50х3 мм.""},{""section"":""Металлокаркас"",""label"":""Угловая стойка:"",""value"":""Угол усиленный х/к 90х90х3 мм.""},{""section"":""Металлокаркас"",""label"":""Усиление пола:"",""value"":""Сдвоенный металлический уголок, шаг 1200 мм.""},{""section"":""Металлокаркас"",""label"":""Плоская кровля:"",""value"":""Х/к стальной лист 1 мм. Швы проварены сплошным швом, листы окрашены суриком, эмалированы.""},{""section"":""Металлокаркас"",""label"":""Цвет:"",""value"":""RAL 7024, либо другой стандартный цвет.""},{""section"":""Деревянный каркас"",""label"":""Второстепенный каркас стен:"",""value"":""Доска 100х40 мм 1-ого сорта.""},{""section"":""Деревянный каркас"",""label"":""Второстепенный каркас потолка:"",""value"":""Доска 100х40 мм, настил из обрезанной доски 25х100 мм.""},{""section"":""Деревянный каркас"",""label"":""Второстепенный каркас пола:"",""value"":""Настил из обрезанной доски 25х100 мм, доска 100х40 мм, настил обрезанная доска 25х100 мм.""},{""section"":""Отделка"",""label"":""Наружная обшивка:"",""value"":""Стальной оцинкованный профилированный лист «С8», толщина 0,45 мм.""},{""section"":""Отделка"",""label"":""Теплоизоляция:"",""value"":""Рулонная минеральная вата 50 мм пола, потолка, стен, плотность 11 кг/м³""},{""section"":""Отделка"",""label"":""Ветро-парозащита:"",""value"":""ПВХ пленка, толщиной 80 мкр.""},{""section"":""Отделка"",""label"":""Финишная отделка пола:"",""value"":""ДСП 16 мм.""},{""section"":""Двери"",""label"":""Входная дверь:"",""value"":""Каркасная обшитая ДВП, снаружи обшита гладким оцинкованным листом, с врезанным замком и ручкой, 800х2000 мм.""},{""section"":""Двери"",""label"":""Межкомнатная дверь:"",""value"":""Каркасная обшитая ДВП, с врезанным замком и ручкой, 800х2000 мм.""},{""section"":""Окна"",""label"":""Окно:"",""value"":""Деревянное, с двойным остеклением, размер 1000х1000 мм, с поворотной створкой.""},{""section"":""Дополнительное оборудование"",""label"":""Слаботочные системы (СЛС): оповещение, видеонаблюдение, контроль доступа, охранная сигнализация, LAN и Wi‑Fi."",""value"":""Оставьте заявку для расчета в тендер""},{""section"":""Дополнительное оборудование"",""label"":""Готовы рассмотреть предложения по участию в тендерах по строительству, монтажу и поставке бытовок, блок контейнеров и модульных зданий"",""value"":""Фотографии""}]"
Блок контейнер металлический БК 06,,155800,Срок изготовления: 2-5 рабочих дней,https://unistroy.pro/blok-kontejner-metallicheskij-bk-06,"[{""section"":""Общие характеристики"",""label"":""Высота:"",""value"":""2,5 м.""},{""section"":""Общие характеристики"",""label"":""Высота потолков:"",""value"":""2,2 м.""},{""section"":""Металлокаркас"",""label"":""Верхняя обвязка"",""value"":""Швеллер сложногнутый х/к 120х50х3 мм.""},{""section"":""Металлокаркас"",""label"":""Нижняя обвязка:"",""value"":""Швеллер х/к 120х50х3 мм.""},{""section"":""Металлокаркас"",""label"":""Угловая стойка:"",""value"":""Угол усиленный х/к 90х90х3 мм.""},{""section"":""Металлокаркас"",""label"":""Усиление пола:"",""value"":""Сдвоенный металлический уголок, шаг 1200 мм.""},{""section"":""Металлокаркас"",""label"":""Плоская кровля:"",""value"":""Х/к стальной лист 1 мм. Швы проварены сплошным швом, листы окрашены суриком, эмалированы.""},{""section"":""Металлокаркас"",""label"":""Цвет:"",""value"":""RAL 7024, либо другой стандартный цвет.""},{""section"":""Деревянный каркас"",""label"":""Второстепенный каркас стен:"",""value"":""Доска 100х40 мм 1-ого сорта.""},{""section"":""Деревянный каркас"",""label"":""Второстепенный каркас потолка:"",""value"":""Доска 100х40 мм, настил из обрезанной доски 25х100 мм.""},{""section"":""Деревянный каркас"",""label"":""Второстепенный каркас пола:"",""value"":""Настил из обрезанной доски 25х100 мм, доска 100х40 мм, настил обрезанная доска 25х100 мм.""},{""section"":""Отделка"",""label"":""Наружная обшивка:"",""value"":""Стальной оцинкованный профилированный лист «С8», толщина 0,45 мм.""},{""section"":""Отделка"",""label"":""Теплоизоляция:"",""value"":""Рулонная минеральная вата 50 мм пола, потолка, стен, плотность 11 кг/м³""},{""section"":""Отделка"",""label"":""Ветро-парозащита:"",""value"":""ПВХ пленка, толщиной 80 мкр.""},{""section"":""Отделка"",""label"":""Финишная отделка пола:"",""value"":""ДСП 16 мм.""},{""section"":""Двери"",""label"":""Входная дверь:"",""value"":""Каркасная обшитая ДВП, снаружи обшита гладким оцинкованным листом, с врезанным замком и ручкой, 800х2000 мм.""},{""section"":""Двери"",""label"":""Межкомнатная дверь:"",""value"":""Каркасная обшитая ДВП, с врезанным замком и ручкой, 800х2000 мм.""},{""section"":""Окна"",""label"":""Окно:"",""value"":""Деревянное, с двойным остеклением, размер 1000х1000 мм, с поворотной створкой.""},{""section"":""Дополнительное оборудование"",""label"":""Слаботочные системы (СЛС): оповещение, видеонаблюдение, контроль доступа, охранная сигнализация, LAN и Wi‑Fi."",""value"":""Оставьте заявку для расчета в тендер""},{""section"":""Дополнительное оборудование"",""label"":""Готовы рассмотреть предложения по участию в тендерах по строительству, монтажу и поставке бытовок, блок контейнеров и модульных зданий"",""value"":""Фотографии""}]"
Блок контейнер металлический БК 07,,144800,Срок изготовления: 2-5 рабочих дней,https://unistroy.pro/blok-kontejner-metallicheskij-bk-07,"[{""section"":""Общие характеристики"",""label"":""Высота:"",""value"":""2,5 м.""},{""section"":""Общие характеристики"",""label"":""Высота потолков:"",""value"":""2,2 м.""},{""section"":""Металлокаркас"",""label"":""Верхняя обвязка"",""value"":""Швеллер сложногнутый х/к 120х50х3 мм.""},{""section"":""Металлокаркас"",""label"":""Нижняя обвязка:"",""value"":""Швеллер х/к 120х50х3 мм.""},{""section"":""Металлокаркас"",""label"":""Угловая стойка:"",""value"":""Угол усиленный х/к 90х90х3 мм.""},{""section"":""Металлокаркас"",""label"":""Усиление пола:"",""value"":""Сдвоенный металлический уголок, шаг 1200 мм.""},{""section"":""Металлокаркас"",""label"":""Плоская кровля:"",""value"":""Х/к стальной лист 1 мм. Швы проварены сплошным швом, листы окрашены суриком, эмалированы.""},{""section"":""Металлокаркас"",""label"":""Цвет:"",""value"":""RAL 7024, либо другой стандартный цвет.""},{""section"":""Деревянный каркас"",""label"":""Второстепенный каркас стен:"",""value"":""Доска 100х40 мм 1-ого сорта.""},{""section"":""Деревянный каркас"",""label"":""Второстепенный каркас потолка:"",""value"":""Доска 100х40 мм, настил из обрезанной доски 25х100 мм.""},{""section"":""Деревянный каркас"",""label"":""Второстепенный каркас пола:"",""value"":""Настил из обрезанной доски 25х100 мм, доска 100х40 мм, настил обрезанная доска 25х100 мм.""},{""section"":""Отделка"",""label"":""Наружная обшивка:"",""value"":""Стальной оцинкованный профилированный лист «С8», толщина 0,45 мм.""},{""section"":""Отделка"",""label"":""Теплоизоляция:"",""value"":""Рулонная минеральная вата 50 мм пола, потолка, стен, плотность 11 кг/м³""},{""section"":""Отделка"",""label"":""Ветро-парозащита:"",""value"":""ПВХ пленка, толщиной 80 мкр.""},{""section"":""Отделка"",""label"":""Финишная отделка пола:"",""value"":""ДСП 16 мм.""},{""section"":""Двери"",""label"":""Входная дверь:"",""value"":""Каркасная обшитая ДВП, снаружи обшита гладким оцинкованным листом, с врезанным замком и ручкой, 800х2000 мм.""},{""section"":""Двери"",""label"":""Межкомнатная дверь:"",""value"":""Каркасная обшитая ДВП, с врезанным замком и ручкой, 800х2000 мм.""},{""section"":""Окна"",""label"":""Окно:"",""value"":""Деревянное, с двойным остеклением, размер 1000х1000 мм, с поворотной створкой.""},{""section"":""Дополнительное оборудование"",""label"":""Слаботочные системы (СЛС): оповещение, видеонаблюдение, контроль доступа, охранная сигнализация, LAN и Wi‑Fi."",""value"":""Оставьте заявку для расчета в тендер""},{""section"":""Дополнительное оборудование"",""label"":""Готовы рассмотреть предложения по участию в тендерах по строительству, монтажу и поставке бытовок, блок контейнеров и модульных зданий"",""value"":""Фотографии""}]"
Блок контейнер металлический БК 08,,155800,Срок изготовления: 2-5 рабочих дней,https://unistroy.pro/blok-kontejner-metallicheskij-bk-08,"[{""section"":""Общие характеристики"",""label"":""Высота:"",""value"":""2,5 м.""},{""section"":""Общие характеристики"",""label"":""Высота потолков:"",""value"":""2,2 м.""},{""section"":""Металлокаркас"",""label"":""Верхняя обвязка"",""value"":""Швеллер сложногнутый х/к 120х50х3 мм.""},{""section"":""Металлокаркас"",""label"":""Нижняя обвязка:"",""value"":""Швеллер х/к 120х50х3 мм.""},{""section"":""Металлокаркас"",""label"":""Угловая стойка:"",""value"":""Угол усиленный х/к 90х90х3 мм.""},{""section"":""Металлокаркас"",""label"":""Усиление пола:"",""value"":""Сдвоенный металлический уголок, шаг 1200 мм.""},{""section"":""Металлокаркас"",""label"":""Плоская кровля:"",""value"":""Х/к стальной лист 1 мм. Швы проварены сплошным швом, листы окрашены суриком, эмалированы.""},{""section"":""Металлокаркас"",""label"":""Цвет:"",""value"":""RAL 7024, либо другой стандартный цвет.""},{""section"":""Деревянный каркас"",""label"":""Второстепенный каркас стен:"",""value"":""Доска 100х40 мм 1-ого сорта.""},{""section"":""Деревянный каркас"",""label"":""Второстепенный каркас потолка:"",""value"":""Доска 100х40 мм, настил из обрезанной доски 25х100 мм.""},{""section"":""Деревянный каркас"",""label"":""Второстепенный каркас пола:"",""value"":""Настил из обрезанной доски 25х100 мм, доска 100х40 мм, настил обрезанная доска 25х100 мм.""},{""section"":""Отделка"",""label"":""Наружная обшивка:"",""value"":""Стальной оцинкованный профилированный лист «С8», толщина 0,45 мм.""},{""section"":""Отделка"",""label"":""Теплоизоляция:"",""value"":""Рулонная минеральная вата 50 мм пола, потолка, стен, плотность 11 кг/м³""},{""section"":""Отделка"",""label"":""Ветро-парозащита:"",""value"":""ПВХ пленка, толщиной 80 мкр.""},{""section"":""Отделка"",""label"":""Финишная отделка пола:"",""value"":""ДСП 16 мм.""},{""section"":""Двери"",""label"":""Входная дверь:"",""value"":""Каркасная обшитая ДВП, снаружи обшита гладким оцинкованным листом, с врезанным замком и ручкой, 800х2000 мм.""},{""section"":""Двери"",""label"":""Межкомнатная дверь:"",""value"":""Каркасная обшитая ДВП, с врезанным замком и ручкой, 800х2000 мм.""},{""section"":""Окна"",""label"":""Окно:"",""value"":""Деревянное, с двойным остеклением, размер 1000х1000 мм, с поворотной створкой.""},{""section"":""Дополнительное оборудование"",""label"":""Слаботочные системы (СЛС): оповещение, видеонаблюдение, контроль доступа, охранная сигнализация, LAN и Wi‑Fi."",""value"":""Оставьте заявку для расчета в тендер""},{""section"":""Дополнительное оборудование"",""label"":""Готовы рассмотреть предложения по участию в тендерах по строительству, монтажу и поставке бытовок, блок контейнеров и модульных зданий"",""value"":""Фотографии""}]"
Блок контейнер металлический БК 09,,155800,,https://unistroy.pro/blok-kontejner-metallicheskij-bk-09,"[{""section"":""Общие характеристики"",""label"":""Высота:"",""value"":""2,5 м.""},{""section"":""Общие характеристики"",""label"":""Высота потолков:"",""value"":""2,2 м.""},{""section"":""Металлокаркас"",""label"":""Верхняя обвязка"",""value"":""Швеллер сложногнутый х/к 120х50х3 мм.""},{""section"":""Металлокаркас"",""label"":""Нижняя обвязка:"",""value"":""Швеллер х/к 120х50х3 мм.""},{""section"":""Металлокаркас"",""label"":""Угловая стойка:"",""value"":""Угол усиленный х/к 90х90х3 мм.""},{""section"":""Металлокаркас"",""label"":""Усиление пола:"",""value"":""Сдвоенный металлический уголок, шаг 1200 мм.""},{""section"":""Металлокаркас"",""label"":""Плоская кровля:"",""value"":""Х/к стальной лист 1 мм. Швы проварены сплошным швом, листы окрашены суриком, эмалированы.""},{""section"":""Металлокаркас"",""label"":""Цвет:"",""value"":""RAL 7024, либо другой стандартный цвет.""},{""section"":""Деревянный каркас"",""label"":""Второстепенный каркас стен:"",""value"":""Доска 100х40 мм 1-ого сорта.""},{""section"":""Деревянный каркас"",""label"":""Второстепенный каркас потолка:"",""value"":""Доска 100х40 мм, настил из обрезанной доски 25х100 мм.""},{""section"":""Деревянный каркас"",""label"":""Второстепенный каркас пола:"",""value"":""Настил из обрезанной доски 25х100 мм, доска 100х40 мм, настил обрезанная доска 25х100 мм.""},{""section"":""Отделка"",""label"":""Наружная обшивка:"",""value"":""Стальной оцинкованный профилированный лист «С8», толщина 0,45 мм.""},{""section"":""Отделка"",""label"":""Теплоизоляция:"",""value"":""Рулонная минеральная вата 50 мм пола, потолка, стен, плотность 11 кг/м³""},{""section"":""Отделка"",""label"":""Ветро-парозащита:"",""value"":""ПВХ пленка, толщиной 80 мкр.""},{""section"":""Отделка"",""label"":""Финишная отделка пола:"",""value"":""ДСП 16 мм.""},{""section"":""Двери"",""label"":""Входная дверь:"",""value"":""Каркасная обшитая ДВП, снаружи обшита гладким оцинкованным листом, с врезанным замком и ручкой, 800х2000 мм.""},{""section"":""Двери"",""label"":""Межкомнатная дверь:"",""value"":""Каркасная обшитая ДВП, с врезанным замком и ручкой, 800х2000 мм.""},{""section"":""Окна"",""label"":""Окно:"",""value"":""Деревянное, с двойным остеклением, размер 1000х1000 мм, с поворотной створкой.""},{""section"":""Дополнительное оборудование"",""label"":""Слаботочные системы (СЛС): оповещение, видеонаблюдение, контроль доступа, охранная сигнализация, LAN и Wi‑Fi."",""value"":""Оставьте заявку для расчета в тендер""},{""section"":""Дополнительное оборудование"",""label"":""Готовы рассмотреть предложения по участию в тендерах по строительству, монтажу и поставке бытовок, блок контейнеров и модульных зданий"",""value"":""Фотографии""}]"
Блок контейнер сантехнический БКС 01,,404900,,https://unistroy.pro/blok-kontejner-santehnicheskij-bks-01,"[{""section"":""Общие характеристики"",""label"":""Высота:"",""value"":""2,5 м.""},{""section"":""Общие характеристики"",""label"":""Высота потолков:"",""value"":""2,2 м.""},{""section"":""Металлокаркас"",""label"":""Верхняя обвязка"",""value"":""Швеллер сложногнутый х/к 120х50х3 мм.""},{""section"":""Металлокаркас"",""label"":""Нижняя обвязка:"",""value"":""Швеллер х/к 120х50х3 мм.""},{""section"":""Металлокаркас"",""label"":""Угловая стойка:"",""value"":""Угол усиленный х/к 90х90х3 мм.""},{""section"":""Металлокаркас"",""label"":""Усиление пола:"",""value"":""Сдвоенный металлический уголок, шаг 600 мм.""},{""section"":""Металлокаркас"",""label"":""Плоская кровля:"",""value"":""Х/к стальной лист 1 мм. Швы проварены сплошным швом, листы окрашены суриком, эмалированы.""},{""section"":""Металлокаркас"",""label"":""Цвет:"",""value"":""RAL 7024, либо другой стандартный цвет.""},{""section"":""Деревянный каркас"",""label"":""Второстепенный каркас стен:"",""value"":""Доска 100х40 мм 1-ого сорта.""},{""section"":""Деревянный каркас"",""label"":""Второстепенный каркас потолка:"",""value"":""Доска 100х40 мм, настил из обрезанной доски 25х100 мм.""},{""section"":""Деревянный каркас"",""label"":""Второстепенный каркас пола:"",""value"":""Настил из обрезанной доски 25х100 мм, доска 100х40 мм, настил обрезанная доска 25х100 мм.""},{""section"":""Отделка"",""label"":""Наружная обшивка:"",""value"":""Стальной оцинкованный профилированный лист «С8», толщина 0,45 мм.""},{""section"":""Отделка"",""label"":""Теплоизоляция:"",""value"":""Рулонная минеральная вата 50 мм пола, потолка, стен, плотность 11 кг/м³.""},{""section"":""Отделка"",""label"":""Ветро-парозащита:"",""value"":""Наноизол А-В.""},{""section"":""Отделка"",""label"":""Финишная отделка пола:"",""value"":""ДСП 16 мм, линолеум бытовой и плинтус ПВХ.""},{""section"":""Двери"",""label"":""Входная дверь:"",""value"":""Металлическая, утепленная, с врезанным замком и ручкой, размер 800х2000 мм, цвет коричневый, производство «Промет».""},{""section"":""Двери"",""label"":""Межкомнатная дверь:"",""value"":""ПВХ, глухая сэндвич-панель, с врезанным замком и ручкой, цвет белый, размер 800х2000 мм.""},{""section"":""Окна"",""label"":""Окно:"",""value"":""ПВХ, однокамерное, цвет белый, размер 500х500 мм, с поворотно-откидной створкой.""},{""section"":""Сантехника"",""label"":""Туалет:"",""value"":""Унитаз Компакт со сливным бачком.""},{""section"":""Сантехника"",""label"":""Раковина:"",""value"":""Раковина фаянс со смесителем.""},{""section"":""Сантехника"",""label"":""ГВС:"",""value"":""Накопительный электрический бойлер объемом 50 л.""},{""section"":""Сантехника"",""label"":""Туалетная кабинка:"",""value"":""Выполненные из ЛДСП белого цвета на металлических каркасах.""},{""section"":""Сантехника"",""label"":""Инженерные системы:"",""value"":""Разводка водоснабжения и канализации, вывод на контур здания.""},{""section"":""Дополнительное оборудование"",""label"":""Слаботочные системы (СЛС): оповещение, видеонаблюдение, контроль доступа, охранная сигнализация, LAN и Wi‑Fi."",""value"":""Оставьте заявку для расчета в тендер""},{""section"":""Дополнительное оборудование"",""label"":""Готовы рассмотреть предложения по участию в тендерах по строительству, монтажу и поставке бытовок, блок контейнеров и модульных зданий"",""value"":""Фотографии""}]"
Блок контейнер сантехнический БКС 02,,467300,,https://unistroy.pro/blok-kontejner-santehnicheskij-bks-02,"[{""section"":""Общие характеристики"",""label"":""Высота:"",""value"":""2,5 м.""},{""section"":""Общие характеристики"",""label"":""Высота потолков:"",""value"":""2,2 м.""},{""section"":""Металлокаркас"",""label"":""Верхняя обвязка"",""value"":""Швеллер сложногнутый х/к 120х50х3 мм.""},{""section"":""Металлокаркас"",""label"":""Нижняя обвязка:"",""value"":""Швеллер х/к 120х50х3 мм.""},{""section"":""Металлокаркас"",""label"":""Угловая стойка:"",""value"":""Угол усиленный х/к 90х90х3 мм.""},{""section"":""Металлокаркас"",""label"":""Усиление пола:"",""value"":""Сдвоенный металлический уголок, шаг 600 мм.""},{""section"":""Металлокаркас"",""label"":""Плоская кровля:"",""value"":""Х/к стальной лист 1 мм. Швы проварены сплошным швом, листы окрашены суриком, эмалированы.""},{""section"":""Металлокаркас"",""label"":""Цвет:"",""value"":""RAL 7024, либо другой стандартный цвет.""},{""section"":""Деревянный каркас"",""label"":""Второстепенный каркас стен:"",""value"":""Доска 100х40 мм 1-ого сорта.""},{""section"":""Деревянный каркас"",""label"":""Второстепенный каркас потолка:"",""value"":""Доска 100х40 мм, настил из обрезанной доски 25х100 мм.""},{""section"":""Деревянный каркас"",""label"":""Второстепенный каркас пола:"",""value"":""Настил из обрезанной доски 25х100 мм, доска 100х40 мм, настил обрезанная доска 25х100 мм.""},{""section"":""Отделка"",""label"":""Наружная обшивка:"",""value"":""Стальной оцинкованный профилированный лист «С8», толщина 0,45 мм.""},{""section"":""Отделка"",""label"":""Теплоизоляция:"",""value"":""Рулонная минеральная вата 50 мм пола, потолка, стен, плотность 11 кг/м³.""},{""section"":""Отделка"",""label"":""Ветро-парозащита:"",""value"":""Наноизол А-В.""},{""section"":""Отделка"",""label"":""Финишная отделка пола:"",""value"":""ДСП 16 мм, линолеум бытовой и плинтус ПВХ.""},{""section"":""Двери"",""label"":""Входная дверь:"",""value"":""Металлическая, утепленная, с врезанным замком и ручкой, размер 800х2000 мм, цвет коричневый, производство «Промет».""},{""section"":""Окна"",""label"":""Окно:"",""value"":""ПВХ, однокамерное, цвет белый, размер 500х500 мм, с поворотно-откидной створкой.""},{""section"":""Сантехника"",""label"":""Душ:"",""value"":""Душевой поддон металлический 800х800 мм.""},{""section"":""Сантехника"",""label"":""Раковина:"",""value"":""Раковина фаянс со смесителем.""},{""section"":""Сантехника"",""label"":""ГВС:"",""value"":""Накопительный электрический бойлер объемом 50 л.""},{""section"":""Сантехника"",""label"":""Душевая кабинка:"",""value"":""Выполненные из ЛДСП белого цвета на металлических каркасах.""},{""section"":""Сантехника"",""label"":""Инженерные системы:"",""value"":""Разводка водоснабжения и канализации, вывод на контур здания.""},{""section"":""Дополнительное оборудование"",""label"":""Слаботочные системы (СЛС): оповещение, видеонаблюдение, контроль доступа, охранная сигнализация, LAN и Wi‑Fi."",""value"":""Оставьте заявку для расчета в тендер""},{""section"":""Дополнительное оборудование"",""label"":""Готовы рассмотреть предложения по участию в тендерах по строительству, монтажу и поставке бытовок, блок контейнеров и модульных зданий"",""value"":""Фотографии""}]"
Блок контейнер сантехнический БКС 03,,431000,,https://unistroy.pro/blok-kontejner-santehnicheskij-bks-03,"[{""section"":""Общие характеристики"",""label"":""Высота:"",""value"":""2,5 м.""},{""section"":""Общие характеристики"",""label"":""Высота потолков:"",""value"":""2,2 м.""},{""section"":""Металлокаркас"",""label"":""Верхняя обвязка"",""value"":""Швеллер сложногнутый х/к 120х50х3 мм.""},{""section"":""Металлокаркас"",""label"":""Нижняя обвязка:"",""value"":""Швеллер х/к 120х50х3 мм.""},{""section"":""Металлокаркас"",""label"":""Угловая стойка:"",""value"":""Угол усиленный х/к 90х90х3 мм.""},{""section"":""Металлокаркас"",""label"":""Усиление пола:"",""value"":""Сдвоенный металлический уголок, шаг 600 мм.""},{""section"":""Металлокаркас"",""label"":""Плоская кровля:"",""value"":""Х/к стальной лист 1 мм. Швы проварены сплошным швом, листы окрашены суриком, эмалированы.""},{""section"":""Металлокаркас"",""label"":""Цвет:"",""value"":""RAL 7024, либо другой стандартный цвет.""},{""section"":""Деревянный каркас"",""label"":""Второстепенный каркас стен:"",""value"":""Доска 100х40 мм 1-ого сорта.""},{""section"":""Деревянный каркас"",""label"":""Второстепенный каркас потолка:"",""value"":""Доска 100х40 мм, настил из обрезанной доски 25х100 мм.""},{""section"":""Деревянный каркас"",""label"":""Второстепенный каркас пола:"",""value"":""Настил из обрезанной доски 25х100 мм, доска 100х40 мм, настил обрезанная доска 25х100 мм.""},{""section"":""Отделка"",""label"":""Наружная обшивка:"",""value"":""Стальной оцинкованный профилированный лист «С8», толщина 0,45 мм.""},{""section"":""Отделка"",""label"":""Теплоизоляция:"",""value"":""Рулонная минеральная вата 50 мм пола, потолка, стен, плотность 11 кг/м³.""},{""section"":""Отделка"",""label"":""Ветро-парозащита:"",""value"":""Наноизол А-В.""},{""section"":""Отделка"",""label"":""Финишная отделка пола:"",""value"":""ДСП 16 мм, линолеум бытовой и плинтус ПВХ.""},{""section"":""Двери"",""label"":""Входная дверь:"",""value"":""Металлическая, утепленная, с врезанным замком и ручкой, размер 800х2000 мм, цвет коричневый, производство «Промет».""},{""section"":""Окна"",""label"":""Окно:"",""value"":""ПВХ, однокамерное, цвет белый, размер 500х500 мм, с поворотно-откидной створкой.""},{""section"":""Сантехника"",""label"":""Раковина:"",""value"":""Раковина фаянс со смесителем.""},{""section"":""Сантехника"",""label"":""ГВС:"",""value"":""Накопительный электрический бойлер объемом 50 л.""},{""section"":""Сантехника"",""label"":""Инженерные системы:"",""value"":""Разводка водоснабжения и канализации, вывод на контур здания.""},{""section"":""Дополнительное оборудование"",""label"":""Слаботочные системы (СЛС): оповещение, видеонаблюдение, контроль доступа, охранная сигнализация, LAN и Wi‑Fi."",""value"":""Оставьте заявку для расчета в тендер""},{""section"":""Дополнительное оборудование"",""label"":""Готовы рассмотреть предложения по участию в тендерах по строительству, монтажу и поставке бытовок, блок контейнеров и модульных зданий"",""value"":""Фотографии""}]"
Блок контейнер сантехнический БКС 04,,427300,,https://unistroy.pro/blok-kontejner-santehnicheskij-bks-04,"[{""section"":""Общие характеристики"",""label"":""Высота:"",""value"":""2,5 м.""},{""section"":""Общие характеристики"",""label"":""Высота потолков:"",""value"":""2,2 м.""},{""section"":""Металлокаркас"",""label"":""Верхняя обвязка"",""value"":""Швеллер сложногнутый х/к 120х50х3 мм.""},{""section"":""Металлокаркас"",""label"":""Нижняя обвязка:"",""value"":""Швеллер х/к 120х50х3 мм.""},{""section"":""Металлокаркас"",""label"":""Угловая стойка:"",""value"":""Угол усиленный х/к 90х90х3 мм.""},{""section"":""Металлокаркас"",""label"":""Усиление пола:"",""value"":""Сдвоенный металлический уголок, шаг 600 мм.""},{""section"":""Металлокаркас"",""label"":""Плоская кровля:"",""value"":""Х/к стальной лист 1 мм. Швы проварены сплошным швом, листы окрашены суриком, эмалированы.""},{""section"":""Металлокаркас"",""label"":""Цвет:"",""value"":""RAL 7024, либо другой стандартный цвет.""},{""section"":""Деревянный каркас"",""label"":""Второстепенный каркас стен:"",""value"":""Доска 100х40 мм 1-ого сорта.""},{""section"":""Деревянный каркас"",""label"":""Второстепенный каркас потолка:"",""value"":""Доска 100х40 мм, настил из обрезанной доски 25х100 мм.""},{""section"":""Деревянный каркас"",""label"":""Второстепенный каркас пола:"",""value"":""Настил из обрезанной доски 25х100 мм, доска 100х40 мм, настил обрезанная доска 25х100 мм.""},{""section"":""Отделка"",""label"":""Наружная обшивка:"",""value"":""Стальной оцинкованный профилированный лист «С8», толщина 0,45 мм.""},{""section"":""Отделка"",""label"":""Теплоизоляция:"",""value"":""Рулонная минеральная вата 50 мм пола, потолка, стен, плотность 11 кг/м³.""},{""section"":""Отделка"",""label"":""Ветро-парозащита:"",""value"":""Наноизол А-В.""},{""section"":""Отделка"",""label"":""Финишная отделка пола:"",""value"":""ДСП 16 мм, линолеум бытовой и плинтус ПВХ.""},{""section"":""Двери"",""label"":""Входная дверь:"",""value"":""Металлическая, утепленная, с врезанным замком и ручкой, размер 800х2000 мм, цвет коричневый, производство «Промет».""},{""section"":""Окна"",""label"":""Окно:"",""value"":""ПВХ, однокамерное, цвет белый, размер 500х500 мм, с поворотно-откидной створкой.""},{""section"":""Сантехника"",""label"":""Туалет:"",""value"":""Унитаз Компакт со сливным бачком.""},{""section"":""Сантехника"",""label"":""Душ:"",""value"":""Душевой поддон металлический 800х800 мм.""},{""section"":""Сантехника"",""label"":""Раковина:"",""value"":""Раковина фаянс со смесителем.""},{""section"":""Сантехника"",""label"":""Туалетная и душевая кабинка:"",""value"":""Выполненные из ЛДСП белого цвета на металлических каркасах.""},{""section"":""Сантехника"",""label"":""Инженерные системы:"",""value"":""Разводка водоснабжения и канализации, вывод на контур здания.""},{""section"":""Дополнительное оборудование"",""label"":""Слаботочные системы (СЛС): оповещение, видеонаблюдение, контроль доступа, охранная сигнализация, LAN и Wi‑Fi."",""value"":""Оставьте заявку для расчета в тендер""},{""section"":""Дополнительное оборудование"",""label"":""Готовы рассмотреть предложения по участию в тендерах по строительству, монтажу и поставке бытовок, блок контейнеров и модульных зданий"",""value"":""Фотографии""}]"
Блок контейнер сантехнический автономный БКС 05,,552500,,https://unistroy.pro/blok-kontejner-santehnicheskij-avtonomnyj-bks-05,"[{""section"":""Общие характеристики"",""label"":""Высота:"",""value"":""2,5 м.""},{""section"":""Общие характеристики"",""label"":""Высота потолков:"",""value"":""2,2 м.""},{""section"":""Металлокаркас"",""label"":""Верхняя обвязка"",""value"":""Швеллер сложногнутый х/к 120х50х3 мм.""},{""section"":""Металлокаркас"",""label"":""Нижняя обвязка:"",""value"":""Швеллер х/к 120х50х3 мм.""},{""section"":""Металлокаркас"",""label"":""Угловая стойка:"",""value"":""Угол усиленный х/к 90х90х3 мм.""},{""section"":""Металлокаркас"",""label"":""Усиление пола:"",""value"":""Сдвоенный металлический уголок, шаг 600 мм.""},{""section"":""Металлокаркас"",""label"":""Плоская кровля:"",""value"":""Х/к стальной лист 1 мм. Швы проварены сплошным швом, листы окрашены суриком, эмалированы.""},{""section"":""Металлокаркас"",""label"":""Цвет:"",""value"":""RAL 7024, либо другой стандартный цвет.""},{""section"":""Деревянный каркас"",""label"":""Второстепенный каркас стен:"",""value"":""Доска 100х40 мм 1-ого сорта.""},{""section"":""Деревянный каркас"",""label"":""Второстепенный каркас потолка:"",""value"":""Доска 100х40 мм, настил из обрезанной доски 25х100 мм.""},{""section"":""Деревянный каркас"",""label"":""Второстепенный каркас пола:"",""value"":""Настил из обрезанной доски 25х100 мм, доска 100х40 мм, настил обрезанная доска 25х100 мм.""},{""section"":""Отделка"",""label"":""Наружная обшивка:"",""value"":""Стальной оцинкованный профилированный лист «С8», толщина 0,45 мм.""},{""section"":""Отделка"",""label"":""Теплоизоляция:"",""value"":""Рулонная минеральная вата 50 мм пола, потолка, стен, плотность 11 кг/м³.""},{""section"":""Отделка"",""label"":""Ветро-парозащита:"",""value"":""Наноизол А-В.""},{""section"":""Отделка"",""label"":""Финишная отделка пола:"",""value"":""ДСП 16 мм, линолеум бытовой и плинтус ПВХ.""},{""section"":""Двери"",""label"":""Входная дверь:"",""value"":""Металлическая, утепленная, с врезанным замком и ручкой, размер 800х2000 мм, цвет коричневый, производство «Промет».""},{""section"":""Двери"",""label"":""Межкомнатная дверь:"",""value"":""ПВХ, глухая сэндвич-панель, с врезанным замком и ручкой, цвет белый, размер 800х2000 мм.""},{""section"":""Окна"",""label"":""Окно:"",""value"":""ПВХ, однокамерное, цвет белый, размер 500х500 мм, с поворотно-откидной створкой.""},{""section"":""Сантехника"",""label"":""Душ:"",""value"":""Душевой поддон металлический 800х800 мм.""},{""section"":""Сантехника"",""label"":""Раковина:"",""value"":""Раковина фаянс со смесителем.""},{""section"":""Сантехника"",""label"":""ГВС:"",""value"":""Накопительный электрический бойлер объемом 200 л.""},{""section"":""Сантехника"",""label"":""Туалетная и душевая кабинка:"",""value"":""Выполненные из ЛДСП белого цвета на металлических каркасах.""},{""section"":""Сантехника"",""label"":""Ёмкость:"",""value"":""Пластиковая бочка под чистую воду на 1 куб. м.""},{""section"":""Сантехника"",""label"":""Насос:"",""value"":""Насосная станция на 50-60 л/мин.""},{""section"":""Сантехника"",""label"":""Инженерные системы:"",""value"":""Разводка водоснабжения и канализации, вывод на контур здания.""},{""section"":""Дополнительное оборудование"",""label"":""Слаботочные системы (СЛС): оповещение, видеонаблюдение, контроль доступа, охранная сигнализация, LAN и Wi‑Fi."",""value"":""Оставьте заявку для расчета в тендер""},{""section"":""Дополнительное оборудование"",""label"":""Готовы рассмотреть предложения по участию в тендерах по строительству, монтажу и поставке бытовок, блок контейнеров и модульных зданий"",""value"":""Фотографии""}]"
Блок контейнер сантехнический автономный БКС 06,,778600,,https://unistroy.pro/blok-kontejner-santehnicheskij-avtonomnyj-bks-06,"[{""section"":""Общие характеристики"",""label"":""Высота:"",""value"":""2,5 м.""},{""section"":""Общие характеристики"",""label"":""Высота потолков:"",""value"":""2,2 м.""},{""section"":""Металлокаркас"",""label"":""Верхняя обвязка"",""value"":""Швеллер сложногнутый х/к 120х50х3 мм.""},{""section"":""Металлокаркас"",""label"":""Нижняя обвязка:"",""value"":""Швеллер х/к 120х50х3 мм.""},{""section"":""Металлокаркас"",""label"":""Угловая стойка:"",""value"":""Угол усиленный х/к 90х90х3 мм.""},{""section"":""Металлокаркас"",""label"":""Усиление пола:"",""value"":""Сдвоенный металлический уголок, шаг 600 мм.""},{""section"":""Металлокаркас"",""label"":""Плоская кровля:"",""value"":""Х/к стальной лист 1 мм. Швы проварены сплошным швом, листы окрашены суриком, эмалированы.""},{""section"":""Металлокаркас"",""label"":""Цвет:"",""value"":""RAL 7024, либо другой стандартный цвет.""},{""section"":""Деревянный каркас"",""label"":""Второстепенный каркас стен:"",""value"":""Доска 100х40 мм 1-ого сорта.""},{""section"":""Деревянный каркас"",""label"":""Второстепенный каркас потолка:"",""value"":""Доска 100х40 мм, настил из обрезанной доски 25х100 мм.""},{""section"":""Деревянный каркас"",""label"":""Второстепенный каркас пола:"",""value"":""Настил из обрезанной доски 25х100 мм, доска 100х40 мм, настил обрезанная доска 25х100 мм.""},{""section"":""Отделка"",""label"":""Наружная обшивка:"",""value"":""Стальной оцинкованный профилированный лист «С8», толщина 0,45 мм.""},{""section"":""Отделка"",""label"":""Теплоизоляция:"",""value"":""Рулонная минеральная вата 50 мм пола, потолка, стен, плотность 11 кг/м³.""},{""section"":""Отделка"",""label"":""Ветро-парозащита:"",""value"":""Наноизол А-В.""},{""section"":""Отделка"",""label"":""Финишная отделка пола:"",""value"":""ДСП 16 мм, линолеум бытовой и плинтус ПВХ.""},{""section"":""Двери"",""label"":""Входная дверь:"",""value"":""Металлическая, утепленная, с врезанным замком и ручкой, размер 800х2000 мм, цвет коричневый, производство «Промет».""},{""section"":""Окна"",""label"":""Окно:"",""value"":""ПВХ, однокамерное, цвет белый, размер 500х500 мм, с поворотно-откидной створкой.""},{""section"":""Сантехника"",""label"":""Душ:"",""value"":""Душевой поддон металлический 800х800 мм.""},{""section"":""Сантехника"",""label"":""Раковина:"",""value"":""Раковина фаянс со смесителем.""},{""section"":""Сантехника"",""label"":""ГВС:"",""value"":""Накопительный электрический бойлер объемом 200 л.""},{""section"":""Сантехника"",""label"":""Туалетная и душевая кабинка:"",""value"":""Выполненные из ЛДСП белого цвета на металлических каркасах.""},{""section"":""Сантехника"",""label"":""Ёмкость:"",""value"":""Пластиковая бочка под чистую воду на 2 куб. м.""},{""section"":""Сантехника"",""label"":""Насос:"",""value"":""Насосная станция на 50-60 л/мин.""},{""section"":""Сантехника"",""label"":""Инженерные системы:"",""value"":""Разводка водоснабжения и канализации, вывод на контур здания.""},{""section"":""Дополнительное оборудование"",""label"":""Слаботочные системы (СЛС): оповещение, видеонаблюдение, контроль доступа, охранная сигнализация, LAN и Wi‑Fi."",""value"":""Оставьте заявку для расчета в тендер""},{""section"":""Дополнительное оборудование"",""label"":""Готовы рассмотреть предложения по участию в тендерах по строительству, монтажу и поставке бытовок, блок контейнеров и модульных зданий"",""value"":""Фотографии""}]"
Блок контейнер сантехнический туалет БКС 07,,245200,,https://unistroy.pro/blok-kontejner-santehnicheskij-tualet-bks-07,"[{""section"":""Общие характеристики"",""label"":""Высота:"",""value"":""2,5 м.""},{""section"":""Общие характеристики"",""label"":""Высота потолков:"",""value"":""2,2 м.""},{""section"":""Металлокаркас"",""label"":""Верхняя обвязка"",""value"":""Швеллер сложногнутый х/к 120х50х3 мм.""},{""section"":""Металлокаркас"",""label"":""Нижняя обвязка:"",""value"":""Швеллер х/к 120х50х3 мм.""},{""section"":""Металлокаркас"",""label"":""Угловая стойка:"",""value"":""Угол усиленный х/к 90х90х3 мм.""},{""section"":""Металлокаркас"",""label"":""Усиление пола:"",""value"":""Сдвоенный металлический уголок, шаг 600 мм.""},{""section"":""Металлокаркас"",""label"":""Плоская кровля:"",""value"":""Х/к стальной лист 1 мм. Швы проварены сплошным швом, листы окрашены суриком, эмалированы.""},{""section"":""Металлокаркас"",""label"":""Цвет:"",""value"":""RAL 7024, либо другой стандартный цвет.""},{""section"":""Деревянный каркас"",""label"":""Второстепенный каркас стен:"",""value"":""Доска 100х40 мм 1-ого сорта.""},{""section"":""Деревянный каркас"",""label"":""Второстепенный каркас потолка:"",""value"":""Доска 100х40 мм, настил из обрезанной доски 25х100 мм.""},{""section"":""Деревянный каркас"",""label"":""Второстепенный каркас пола:"",""value"":""Настил из обрезанной доски 25х100 мм, доска 100х40 мм, настил обрезанная доска 25х100 мм.""},{""section"":""Отделка"",""label"":""Наружная обшивка:"",""value"":""Стальной оцинкованный профилированный лист «С8», толщина 0,45 мм.""},{""section"":""Отделка"",""label"":""Теплоизоляция:"",""value"":""Рулонная минеральная вата 50 мм пола, потолка, стен, плотность 11 кг/м³.""},{""section"":""Отделка"",""label"":""Ветро-парозащита:"",""value"":""Наноизол А-В.""},{""section"":""Отделка"",""label"":""Финишная отделка пола:"",""value"":""ДСП 16 мм, линолеум бытовой и плинтус ПВХ.""},{""section"":""Двери"",""label"":""Входная дверь:"",""value"":""Металлическая, утепленная, с врезанным замком и ручкой, размер 800х2000 мм, цвет коричневый, производство «Промет».""},{""section"":""Сантехника"",""label"":""Туалет:"",""value"":""Унитаз Компакт со сливным бачком.""},{""section"":""Сантехника"",""label"":""Раковина:"",""value"":""Раковина фаянс со смесителем.""},{""section"":""Сантехника"",""label"":""Инженерные системы:"",""value"":""Разводка водоснабжения и канализации, вывод на контур здания.""},{""section"":""Дополнительное оборудование"",""label"":""Слаботочные системы (СЛС): оповещение, видеонаблюдение, контроль доступа, охранная сигнализация, LAN и Wi‑Fi."",""value"":""Оставьте заявку для расчета в тендер""},{""section"":""Дополнительное оборудование"",""label"":""Готовы рассмотреть предложения по участию в тендерах по строительству, монтажу и поставке бытовок, блок контейнеров и модульных зданий"",""value"":""Фотографии""}]"
Блок контейнер из сэндвич панелей БК 01,,385900,,https://unistroy.pro/blok-kontejner-iz-sendvich-panelej-bk-01,"[{""section"":""Общие характеристики"",""label"":""Высота:"",""value"":""2,5 м.""},{""section"":""Общие характеристики"",""label"":""Высота потолков:"",""value"":""2,2 м.""},{""section"":""Металлокаркас"",""label"":""Верхняя обвязка"",""value"":""Швеллер сложногнутый х/к 120х50х3 мм.""},{""section"":""Металлокаркас"",""label"":""Нижняя обвязка:"",""value"":""Швеллер х/к 120х50х3 мм.""},{""section"":""Металлокаркас"",""label"":""Угловая стойка:"",""value"":""Угол усиленный х/к 150х170х3 мм.""},{""section"":""Металлокаркас"",""label"":""Усиление пола:"",""value"":""Сдвоенный металлический уголок, шаг 600 мм.""},{""section"":""Металлокаркас"",""label"":""Плоская кровля:"",""value"":""Х/к стальной лист 1 мм. Швы проварены сплошным швом, листы окрашены суриком, эмалированы.""},{""section"":""Металлокаркас"",""label"":""Дно:"",""value"":""Оцинкованный гладкий лист, толщина 0,45 мм.""},{""section"":""Металлокаркас"",""label"":""Цвет:"",""value"":""RAL 7024, либо другой стандартный цвет.""},{""section"":""Деревянный каркас"",""label"":""Второстепенный каркас потолка:"",""value"":""Доска 100х40 мм, настил из обрезанной доски 25х100 мм.""},{""section"":""Деревянный каркас"",""label"":""Второстепенный каркас пола:"",""value"":""Настил из обрезанной доски 25х100 мм, доска 100х40 мм, настил обрезанная доска 25х100 мм.""},{""section"":""Отделка"",""label"":""Стеновые элементы:"",""value"":""Сэндвич-панель трехслойная заводская, с замком Z - lock, с утеплителем толщиной 100 мм, RAL 9003.""},{""section"":""Отделка"",""label"":""Внутренняя отделка потолка:"",""value"":""ЛДСП 12 мм, цвет белый, панели прокладываются через омега-профилем.""},{""section"":""Отделка"",""label"":""Теплоизоляция пола и потолка:"",""value"":""Рулонная минеральная вата 100 мм пола, потолка, стен, плотность 11 кг/м³""},{""section"":""Отделка"",""label"":""Ветро-парозащита:"",""value"":""Наноизол А-В.""},{""section"":""Отделка"",""label"":""Финишная отделка пола:"",""value"":""ДСП 16 мм.""},{""section"":""Двери"",""label"":""Входная дверь:"",""value"":""Металлическая, утепленная, с врезанным замком и ручкой, размер 800х2000 мм, цвет коричневый, производство «Промет».""},{""section"":""Окна"",""label"":""Окно:"",""value"":""ПВХ, однокамерное, цвет белый, размер 900х1100 мм, с поворотно-откидной створкой.""},{""section"":""Дополнительное оборудование"",""label"":""Слаботочные системы (СЛС): оповещение, видеонаблюдение, контроль доступа, охранная сигнализация, LAN и Wi‑Fi."",""value"":""Оставьте заявку для расчета в тендер""},{""section"":""Дополнительное оборудование"",""label"":""Готовы рассмотреть предложения по участию в тендерах по строительству, монтажу и поставке бытовок, блок контейнеров и модульных зданий"",""value"":""Фотографии""}]"
Блок контейнер из сэндвич панелей БК 02,,419200,,https://unistroy.pro/blok-kontejner-iz-sendvich-panelej-bk-02,"[{""section"":""Общие характеристики"",""label"":""Высота:"",""value"":""2,5 м.""},{""section"":""Общие характеристики"",""label"":""Высота потолков:"",""value"":""2,2 м.""},{""section"":""Металлокаркас"",""label"":""Верхняя обвязка"",""value"":""Швеллер сложногнутый х/к 120х50х3 мм.""},{""section"":""Металлокаркас"",""label"":""Нижняя обвязка:"",""value"":""Швеллер х/к 120х50х3 мм.""},{""section"":""Металлокаркас"",""label"":""Угловая стойка:"",""value"":""Угол усиленный х/к 150х170х3 мм.""},{""section"":""Металлокаркас"",""label"":""Усиление пола:"",""value"":""Сдвоенный металлический уголок, шаг 600 мм.""},{""section"":""Металлокаркас"",""label"":""Дно:"",""value"":""Оцинкованный гладкий лист, толщина 0,45 мм.""},{""section"":""Металлокаркас"",""label"":""Плоская кровля:"",""value"":""Х/к стальной лист 1 мм. Швы проварены сплошным швом, листы окрашены суриком, эмалированы.""},{""section"":""Металлокаркас"",""label"":""Цвет:"",""value"":""RAL 7024, либо другой стандартный цвет.""},{""section"":""Деревянный каркас"",""label"":""Второстепенный каркас потолка:"",""value"":""Доска 100х40 мм, настил из обрезанной доски 25х100 мм.""},{""section"":""Деревянный каркас"",""label"":""Второстепенный каркас пола:"",""value"":""Настил из обрезанной доски 25х100 мм, доска 100х40 мм, настил обрезанная доска 25х100 мм.""},{""section"":""Отделка"",""label"":""Стеновые элементы:"",""value"":""Сэндвич-панель трехслойная заводская, с замком Z - lock, с утеплителем толщиной 100 мм, RAL 9003.""},{""section"":""Отделка"",""label"":""Внутренняя отделка потолка:"",""value"":""ЛДСП 12 мм, цвет белый, панели прокладываются через омега-профилем.""},{""section"":""Отделка"",""label"":""Теплоизоляция пола и потолка:"",""value"":""Рулонная минеральная вата 100 мм пола, потолка, стен, плотность 11 кг/м³""},{""section"":""Отделка"",""label"":""Ветро-парозащита:"",""value"":""Наноизол А-В.""},{""section"":""Отделка"",""label"":""Финишная отделка пола:"",""value"":""ДСП 16 мм.""},{""section"":""Двери"",""label"":""Входная дверь:"",""value"":""Металлическая, утепленная, с врезанным замком и ручкой, размер 800х2000 мм, цвет коричневый, производство «Промет».""},{""section"":""Двери"",""label"":""Межкомнатная дверь:"",""value"":""МДФ «ОЛОВИ», с врезанным замком и ручкой, цвет&nbsp;белый, размер 800х2000 мм.""},{""section"":""Окна"",""label"":""Окно:"",""value"":""ПВХ, однокамерное, цвет белый, размер 900х1100 мм, с поворотно-откидной створкой.""},{""section"":""Дополнительное оборудование"",""label"":""Слаботочные системы (СЛС): оповещение, видеонаблюдение, контроль доступа, охранная сигнализация, LAN и Wi‑Fi."",""value"":""Оставьте заявку для расчета в тендер""},{""section"":""Дополнительное оборудование"",""label"":""Готовы рассмотреть предложения по участию в тендерах по строительству, монтажу и поставке бытовок, блок контейнеров и модульных зданий"",""value"":""Фотографии""}]"
Блок контейнер из сэндвич панелей БК 03,,419200,,https://unistroy.pro/blok-kontejner-iz-sendvich-panelej-bk-03,"[{""section"":""Общие характеристики"",""label"":""Высота:"",""value"":""2,5 м.""},{""section"":""Общие характеристики"",""label"":""Высота потолков:"",""value"":""2,2 м.""},{""section"":""Металлокаркас"",""label"":""Верхняя обвязка"",""value"":""Швеллер сложногнутый х/к 120х50х3 мм.""},{""section"":""Металлокаркас"",""label"":""Нижняя обвязка:"",""value"":""Швеллер х/к 120х50х3 мм.""},{""section"":""Металлокаркас"",""label"":""Угловая стойка:"",""value"":""Угол усиленный х/к 150х170х3 мм.""},{""section"":""Металлокаркас"",""label"":""Усиление пола:"",""value"":""Сдвоенный металлический уголок, шаг 600 мм.""},{""section"":""Металлокаркас"",""label"":""Дно:"",""value"":""Оцинкованный гладкий лист, толщина 0,45 мм.""},{""section"":""Металлокаркас"",""label"":""Плоская кровля:"",""value"":""Х/к стальной лист 1 мм. Швы проварены сплошным швом, листы окрашены суриком, эмалированы.""},{""section"":""Металлокаркас"",""label"":""Цвет:"",""value"":""RAL 7024, либо другой стандартный цвет.""},{""section"":""Деревянный каркас"",""label"":""Второстепенный каркас потолка:"",""value"":""Доска 100х40 мм, настил из обрезанной доски 25х100 мм.""},{""section"":""Деревянный каркас"",""label"":""Второстепенный каркас пола:"",""value"":""Настил из обрезанной доски 25х100 мм, доска 100х40 мм, настил обрезанная доска 25х100 мм.""},{""section"":""Отделка"",""label"":""Стеновые элементы:"",""value"":""Сэндвич-панель трехслойная заводская, с замком Z - lock, с утеплителем толщиной 100 мм, RAL 9003.""},{""section"":""Отделка"",""label"":""Внутренняя отделка потолка:"",""value"":""ЛДСП 12 мм, цвет белый, панели прокладываются через омега-профилем.""},{""section"":""Отделка"",""label"":""Теплоизоляция пола и потолка:"",""value"":""Рулонная минеральная вата 100 мм пола, потолка, стен, плотность 11 кг/м³""},{""section"":""Отделка"",""label"":""Ветро-парозащита:"",""value"":""Наноизол А-В.""},{""section"":""Отделка"",""label"":""Финишная отделка пола:"",""value"":""ДСП 16 мм.""},{""section"":""Двери"",""label"":""Входная дверь:"",""value"":""Металлическая, утепленная, с врезанным замком и ручкой, размер 800х2000 мм, цвет коричневый, производство «Промет».""},{""section"":""Двери"",""label"":""Межкомнатная дверь:"",""value"":""МДФ «ОЛОВИ», с врезанным замком и ручкой, цвет&nbsp;белый, размер 800х2000 мм.""},{""section"":""Окна"",""label"":""Окно:"",""value"":""ПВХ, однокамерное, цвет белый, размер 900х1100 мм, с поворотно-откидной створкой.""},{""section"":""Дополнительное оборудование"",""label"":""Слаботочные системы (СЛС): оповещение, видеонаблюдение, контроль доступа, охранная сигнализация, LAN и Wi‑Fi."",""value"":""Оставьте заявку для расчета в тендер""},{""section"":""Дополнительное оборудование"",""label"":""Готовы рассмотреть предложения по участию в тендерах по строительству, монтажу и поставке бытовок, блок контейнеров и модульных зданий"",""value"":""Фотографии""}]"
Блок контейнер из сэндвич панелей БК 05,,482500,,https://unistroy.pro/blok-kontejner-iz-sendvich-panelej-bk-05,"[{""section"":""Общие характеристики"",""label"":""Высота:"",""value"":""2,5 м.""},{""section"":""Общие характеристики"",""label"":""Высота потолков:"",""value"":""2,2 м.""},{""section"":""Металлокаркас"",""label"":""Верхняя обвязка"",""value"":""Швеллер сложногнутый х/к 120х50х3 мм.""},{""section"":""Металлокаркас"",""label"":""Нижняя обвязка:"",""value"":""Швеллер х/к 120х50х3 мм.""},{""section"":""Металлокаркас"",""label"":""Угловая стойка:"",""value"":""Угол усиленный х/к 150х170х3 мм.""},{""section"":""Металлокаркас"",""label"":""Усиление пола:"",""value"":""Сдвоенный металлический уголок, шаг 600 мм.""},{""section"":""Металлокаркас"",""label"":""Дно:"",""value"":""Оцинкованный гладкий лист, толщина 0,45 мм.""},{""section"":""Металлокаркас"",""label"":""Плоская кровля:"",""value"":""Х/к стальной лист 1 мм. Швы проварены сплошным швом, листы окрашены суриком, эмалированы.""},{""section"":""Металлокаркас"",""label"":""Цвет:"",""value"":""RAL 7024, либо другой стандартный цвет.""},{""section"":""Деревянный каркас"",""label"":""Второстепенный каркас потолка:"",""value"":""Доска 100х40 мм, настил из обрезанной доски 25х100 мм.""},{""section"":""Деревянный каркас"",""label"":""Второстепенный каркас пола:"",""value"":""Настил из обрезанной доски 25х100 мм, доска 100х40 мм, настил обрезанная доска 25х100 мм.""},{""section"":""Отделка"",""label"":""Стеновые элементы:"",""value"":""Сэндвич-панель трехслойная заводская, с замком Z - lock, с утеплителем толщиной 100 мм, RAL 9003.""},{""section"":""Отделка"",""label"":""Внутренняя отделка потолка:"",""value"":""ЛДСП 12 мм, цвет белый, панели прокладываются через омега-профилем.""},{""section"":""Отделка"",""label"":""Теплоизоляция пола и потолка:"",""value"":""Рулонная минеральная вата 100 мм пола, потолка, стен, плотность 11 кг/м³""},{""section"":""Отделка"",""label"":""Ветро-парозащита:"",""value"":""Наноизол А-В.""},{""section"":""Отделка"",""label"":""Финишная отделка пола:"",""value"":""ДСП 16 мм.""},{""section"":""Двери"",""label"":""Входная дверь:"",""value"":""Металлическая, утепленная, с врезанным замком и ручкой, размер 800х2000 мм, цвет коричневый, производство «Промет».""},{""section"":""Двери"",""label"":""Межкомнатная дверь:"",""value"":""МДФ «ОЛОВИ», с врезанным замком и ручкой, цвет&nbsp;белый, размер 800х2000 мм.""},{""section"":""Окна"",""label"":""Окно:"",""value"":""ПВХ, однокамерное, цвет белый, размер 900х1100 мм, с поворотно-откидной створкой.""},{""section"":""Дополнительное оборудование"",""label"":""Слаботочные системы (СЛС): оповещение, видеонаблюдение, контроль доступа, охранная сигнализация, LAN и Wi‑Fi."",""value"":""Оставьте заявку для расчета в тендер""},{""section"":""Дополнительное оборудование"",""label"":""Готовы рассмотреть предложения по участию в тендерах по строительству, монтажу и поставке бытовок, блок контейнеров и модульных зданий"",""value"":""Фотографии""}]"
Блок контейнер из сэндвич панелей БК 06,,482500,,https://unistroy.pro/blok-kontejner-iz-sendvich-panelej-bk-06,"[{""section"":""Общие характеристики"",""label"":""Высота:"",""value"":""2,5 м.""},{""section"":""Общие характеристики"",""label"":""Высота потолков:"",""value"":""2,2 м.""},{""section"":""Металлокаркас"",""label"":""Верхняя обвязка"",""value"":""Швеллер сложногнутый х/к 120х50х3 мм.""},{""section"":""Металлокаркас"",""label"":""Нижняя обвязка:"",""value"":""Швеллер х/к 120х50х3 мм.""},{""section"":""Металлокаркас"",""label"":""Угловая стойка:"",""value"":""Угол усиленный х/к 150х170х3 мм.""},{""section"":""Металлокаркас"",""label"":""Усиление пола:"",""value"":""Сдвоенный металлический уголок, шаг 600 мм.""},{""section"":""Металлокаркас"",""label"":""Дно:"",""value"":""Оцинкованный гладкий лист, толщина 0,45 мм.""},{""section"":""Металлокаркас"",""label"":""Плоская кровля:"",""value"":""Х/к стальной лист 1 мм. Швы проварены сплошным швом, листы окрашены суриком, эмалированы.""},{""section"":""Металлокаркас"",""label"":""Цвет:"",""value"":""RAL 7024, либо другой стандартный цвет.""},{""section"":""Деревянный каркас"",""label"":""Второстепенный каркас потолка:"",""value"":""Доска 100х40 мм, настил из обрезанной доски 25х100 мм.""},{""section"":""Деревянный каркас"",""label"":""Второстепенный каркас пола:"",""value"":""Настил из обрезанной доски 25х100 мм, доска 100х40 мм, настил обрезанная доска 25х100 мм.""},{""section"":""Отделка"",""label"":""Стеновые элементы:"",""value"":""Сэндвич-панель трехслойная заводская, с замком Z - lock, с утеплителем толщиной 100 мм, RAL 9003.""},{""section"":""Отделка"",""label"":""Внутренняя отделка потолка:"",""value"":""ЛДСП 12 мм, цвет белый, панели прокладываются через омега-профилем.""},{""section"":""Отделка"",""label"":""Теплоизоляция пола и потолка:"",""value"":""Рулонная минеральная вата 100 мм пола, потолка, стен, плотность 11 кг/м³""},{""section"":""Отделка"",""label"":""Ветро-парозащита:"",""value"":""Наноизол А-В.""},{""section"":""Отделка"",""label"":""Финишная отделка пола:"",""value"":""ДСП 16 мм.""},{""section"":""Двери"",""label"":""Входная дверь:"",""value"":""Металлическая, утепленная, с врезанным замком и ручкой, размер 800х2000 мм, цвет коричневый, производство «Промет».""},{""section"":""Двери"",""label"":""Межкомнатная дверь:"",""value"":""МДФ «ОЛОВИ», с врезанным замком и ручкой, цвет&nbsp;белый, размер 800х2000 мм.""},{""section"":""Окна"",""label"":""Окно:"",""value"":""ПВХ, однокамерное, цвет белый, размер 900х1100 мм, с поворотно-откидной створкой.""},{""section"":""Дополнительное оборудование"",""label"":""Слаботочные системы (СЛС): оповещение, видеонаблюдение, контроль доступа, охранная сигнализация, LAN и Wi‑Fi."",""value"":""Оставьте заявку для расчета в тендер""},{""section"":""Дополнительное оборудование"",""label"":""Готовы рассмотреть предложения по участию в тендерах по строительству, монтажу и поставке бытовок, блок контейнеров и модульных зданий"",""value"":""Фотографии""}]"
Блок контейнер из сэндвич панелей сантехнический БКС 01,,592100,,https://unistroy.pro/blok-kontejner-iz-sendvich-panelej-santehnicheskij-bks-01,"[{""section"":""Общие характеристики"",""label"":""Высота:"",""value"":""2,5 м.""},{""section"":""Общие характеристики"",""label"":""Высота потолков:"",""value"":""2,2 м.""},{""section"":""Металлокаркас"",""label"":""Верхняя обвязка"",""value"":""Швеллер сложногнутый х/к 120х50х3 мм.""},{""section"":""Металлокаркас"",""label"":""Нижняя обвязка:"",""value"":""Швеллер х/к 120х50х3 мм.""},{""section"":""Металлокаркас"",""label"":""Угловая стойка:"",""value"":""Угол усиленный х/к 150х170х3 мм.""},{""section"":""Металлокаркас"",""label"":""Усиление пола:"",""value"":""Сдвоенный металлический уголок, шаг 600 мм.""},{""section"":""Металлокаркас"",""label"":""Дно:"",""value"":""Оцинкованный гладкий лист, толщина 0,45 мм.""},{""section"":""Металлокаркас"",""label"":""Плоская кровля:"",""value"":""Х/к стальной лист 1 мм. Швы проварены сплошным швом, листы окрашены суриком, эмалированы.""},{""section"":""Металлокаркас"",""label"":""Цвет:"",""value"":""RAL 7024, либо другой стандартный цвет.""},{""section"":""Деревянный каркас"",""label"":""Второстепенный каркас потолка:"",""value"":""Доска 100х40 мм, настил из обрезанной доски 25х100 мм.""},{""section"":""Деревянный каркас"",""label"":""Второстепенный каркас пола:"",""value"":""Настил из обрезанной доски 25х100 мм, доска 100х40 мм, настил обрезанная доска 25х100 мм.""},{""section"":""Отделка"",""label"":""Стеновые элементы:"",""value"":""Сэндвич-панель трехслойная заводская, с замком Z - lock, с утеплителем толщиной 100 мм, RAL 9003.""},{""section"":""Отделка"",""label"":""Внутренняя отделка потолка:"",""value"":""ЛДСП 12 мм, цвет белый, панели прокладываются через омега-профилем.""},{""section"":""Отделка"",""label"":""Теплоизоляция пола и потолка:"",""value"":""Рулонная минеральная вата 100 мм пола, потолка, стен, плотность 11 кг/м³""},{""section"":""Отделка"",""label"":""Ветро-парозащита:"",""value"":""Наноизол А-В.""},{""section"":""Отделка"",""label"":""Финишная отделка пола:"",""value"":""ДСП 16 мм, линолеум бытовой и плинтус ПВХ.""},{""section"":""Двери"",""label"":""Входная дверь:"",""value"":""Металлическая, утепленная, с врезанным замком и ручкой, размер 800х2000 мм, цвет коричневый, производство «Промет».""},{""section"":""Двери"",""label"":""Межкомнатная дверь:"",""value"":""ПВХ, глухая сэндвич-панель, с врезанным замком и ручкой, цвет белый, размер 800х2000 мм.""},{""section"":""Окна"",""label"":""Окно:"",""value"":""ПВХ, однокамерное, цвет белый, размер 500х500 мм, с поворотно-откидной створкой.""},{""section"":""Сантехника"",""label"":""Туалет:"",""value"":""Унитаз Компакт со сливным бачком.""},{""section"":""Сантехника"",""label"":""Раковина:"",""value"":""Раковина фаянс со смесителем.""},{""section"":""Сантехника"",""label"":""ГВС:"",""value"":""Накопительный электрический бойлер объемом 50 л.""},{""section"":""Сантехника"",""label"":""Туалетная кабинка:"",""value"":""Выполненные из ЛДСП белого цвета на металлических каркасах.""},{""section"":""Сантехника"",""label"":""Инженерные системы:"",""value"":""Разводка водоснабжения и канализации, вывод на контур здания.""},{""section"":""Дополнительное оборудование"",""label"":""Слаботочные системы (СЛС): оповещение, видеонаблюдение, контроль доступа, охранная сигнализация, LAN и Wi‑Fi."",""value"":""Оставьте заявку для расчета в тендер""},{""section"":""Дополнительное оборудование"",""label"":""Готовы рассмотреть предложения по участию в тендерах по строительству, монтажу и поставке бытовок, блок контейнеров и модульных зданий"",""value"":""Фотографии""}]"
Блок контейнер из сэндвич панелей сантехнический БКС 02,,640900,,https://unistroy.pro/blok-kontejner-iz-sendvich-panelej-santehnicheskij-bks-02,"[{""section"":""Общие характеристики"",""label"":""Высота:"",""value"":""2,5 м.""},{""section"":""Общие характеристики"",""label"":""Высота потолков:"",""value"":""2,2 м.""},{""section"":""Металлокаркас"",""label"":""Верхняя обвязка"",""value"":""Швеллер сложногнутый х/к 120х50х3 мм.""},{""section"":""Металлокаркас"",""label"":""Нижняя обвязка:"",""value"":""Швеллер х/к 120х50х3 мм.""},{""section"":""Металлокаркас"",""label"":""Угловая стойка:"",""value"":""Угол усиленный х/к 150х170х3 мм.""},{""section"":""Металлокаркас"",""label"":""Усиление пола:"",""value"":""Сдвоенный металлический уголок, шаг 600 мм.""},{""section"":""Металлокаркас"",""label"":""Дно:"",""value"":""Оцинкованный гладкий лист, толщина 0,45 мм.""},{""section"":""Металлокаркас"",""label"":""Плоская кровля:"",""value"":""Х/к стальной лист 1 мм. Швы проварены сплошным швом, листы окрашены суриком, эмалированы.""},{""section"":""Металлокаркас"",""label"":""Цвет:"",""value"":""RAL 7024, либо другой стандартный цвет.""},{""section"":""Деревянный каркас"",""label"":""Второстепенный каркас потолка:"",""value"":""Доска 100х40 мм, настил из обрезанной доски 25х100 мм.""},{""section"":""Деревянный каркас"",""label"":""Второстепенный каркас пола:"",""value"":""Настил из обрезанной доски 25х100 мм, доска 100х40 мм, настил обрезанная доска 25х100 мм.""},{""section"":""Отделка"",""label"":""Стеновые элементы:"",""value"":""Сэндвич-панель трехслойная заводская, с замком Z - lock, с утеплителем толщиной 100 мм, RAL 9003.""},{""section"":""Отделка"",""label"":""Внутренняя отделка потолка:"",""value"":""ЛДСП 12 мм, цвет белый, панели прокладываются через омега-профилем.""},{""section"":""Отделка"",""label"":""Теплоизоляция пола и потолка:"",""value"":""Рулонная минеральная вата 100 мм пола, потолка, стен, плотность 11 кг/м³""},{""section"":""Отделка"",""label"":""Ветро-парозащита:"",""value"":""Наноизол А-В.""},{""section"":""Отделка"",""label"":""Финишная отделка пола:"",""value"":""ДСП 16 мм, линолеум бытовой и плинтус ПВХ.""},{""section"":""Двери"",""label"":""Входная дверь:"",""value"":""Металлическая, утепленная, с врезанным замком и ручкой, размер 800х2000 мм, цвет коричневый, производство «Промет».""},{""section"":""Окна"",""label"":""Окно:"",""value"":""ПВХ, однокамерное, цвет белый, размер 500х500 мм, с поворотно-откидной створкой.""},{""section"":""Сантехника"",""label"":""Душ:"",""value"":""Душевой поддон металлический 800х800 мм.""},{""section"":""Сантехника"",""label"":""Раковина:"",""value"":""Раковина фаянс со смесителем.""},{""section"":""Сантехника"",""label"":""ГВС:"",""value"":""Накопительный электрический бойлер объемом 200 л.""},{""section"":""Сантехника"",""label"":""Душевая кабинка:"",""value"":""Выполненные из ЛДСП белого цвета на металлических каркасах.""},{""section"":""Сантехника"",""label"":""Инженерные системы:"",""value"":""Разводка водоснабжения и канализации, вывод на контур здания.""},{""section"":""Дополнительное оборудование"",""label"":""Слаботочные системы (СЛС): оповещение, видеонаблюдение, контроль доступа, охранная сигнализация, LAN и Wi‑Fi."",""value"":""Оставьте заявку для расчета в тендер""},{""section"":""Дополнительное оборудование"",""label"":""Готовы рассмотреть предложения по участию в тендерах по строительству, монтажу и поставке бытовок, блок контейнеров и модульных зданий"",""value"":""Фотографии""}]"
Блок контейнер из сэндвич панелей сантехнический БКС 03,,612900,,https://unistroy.pro/blok-kontejner-iz-sendvich-panelej-santehnicheskij-bks-03,"[{""section"":""Общие характеристики"",""label"":""Высота:"",""value"":""2,5 м.""},{""section"":""Общие характеристики"",""label"":""Высота потолков:"",""value"":""2,2 м.""},{""section"":""Металлокаркас"",""label"":""Верхняя обвязка"",""value"":""Швеллер сложногнутый х/к 120х50х3 мм.""},{""section"":""Металлокаркас"",""label"":""Нижняя обвязка:"",""value"":""Швеллер х/к 120х50х3 мм.""},{""section"":""Металлокаркас"",""label"":""Угловая стойка:"",""value"":""Угол усиленный х/к 150х170х3 мм.""},{""section"":""Металлокаркас"",""label"":""Усиление пола:"",""value"":""Сдвоенный металлический уголок, шаг 600 мм.""},{""section"":""Металлокаркас"",""label"":""Дно:"",""value"":""Оцинкованный гладкий лист, толщина 0,45 мм.""},{""section"":""Металлокаркас"",""label"":""Плоская кровля:"",""value"":""Х/к стальной лист 1 мм. Швы проварены сплошным швом, листы окрашены суриком, эмалированы.""},{""section"":""Металлокаркас"",""label"":""Цвет:"",""value"":""RAL 7024, либо другой стандартный цвет.""},{""section"":""Деревянный каркас"",""label"":""Второстепенный каркас потолка:"",""value"":""Доска 100х40 мм, настил из обрезанной доски 25х100 мм.""},{""section"":""Деревянный каркас"",""label"":""Второстепенный каркас пола:"",""value"":""Настил из обрезанной доски 25х100 мм, доска 100х40 мм, настил обрезанная доска 25х100 мм.""},{""section"":""Отделка"",""label"":""Стеновые элементы:"",""value"":""Сэндвич-панель трехслойная заводская, с замком Z - lock, с утеплителем толщиной 100 мм, RAL 9003.""},{""section"":""Отделка"",""label"":""Внутренняя отделка потолка:"",""value"":""ЛДСП 12 мм, цвет белый, панели прокладываются через омега-профилем.""},{""section"":""Отделка"",""label"":""Теплоизоляция пола и потолка:"",""value"":""Рулонная минеральная вата 100 мм пола, потолка, стен, плотность 11 кг/м³""},{""section"":""Отделка"",""label"":""Ветро-парозащита:"",""value"":""Наноизол А-В.""},{""section"":""Отделка"",""label"":""Финишная отделка пола:"",""value"":""ДСП 16 мм, линолеум бытовой и плинтус ПВХ.""},{""section"":""Двери"",""label"":""Входная дверь:"",""value"":""Металлическая, утепленная, с врезанным замком и ручкой, размер 800х2000 мм, цвет коричневый, производство «Промет».""},{""section"":""Окна"",""label"":""Окно:"",""value"":""ПВХ, однокамерное, цвет белый, размер 500х500 мм, с поворотно-откидной створкой.""},{""section"":""Сантехника"",""label"":""Раковина:"",""value"":""Раковина фаянс со смесителем.""},{""section"":""Сантехника"",""label"":""ГВС:"",""value"":""Накопительный электрический бойлер объемом 100 л.""},{""section"":""Сантехника"",""label"":""Инженерные системы:"",""value"":""Разводка водоснабжения и канализации, вывод на контур здания.""},{""section"":""Дополнительное оборудование"",""label"":""Слаботочные системы (СЛС): оповещение, видеонаблюдение, контроль доступа, охранная сигнализация, LAN и Wi‑Fi."",""value"":""Оставьте заявку для расчета в тендер""},{""section"":""Дополнительное оборудование"",""label"":""Готовы рассмотреть предложения по участию в тендерах по строительству, монтажу и поставке бытовок, блок контейнеров и модульных зданий"",""value"":""Фотографии""}]"
Блок контейнер из сэндвич панелей сантехнический БКС 04,,614500,,https://unistroy.pro/blok-kontejner-iz-sendvich-panelej-santehnicheskij-bks-04,"[{""section"":""Общие характеристики"",""label"":""Высота:"",""value"":""2,5 м.""},{""section"":""Общие характеристики"",""label"":""Высота потолков:"",""value"":""2,2 м.""},{""section"":""Металлокаркас"",""label"":""Верхняя обвязка"",""value"":""Швеллер сложногнутый х/к 120х50х3 мм.""},{""section"":""Металлокаркас"",""label"":""Нижняя обвязка:"",""value"":""Швеллер х/к 120х50х3 мм.""},{""section"":""Металлокаркас"",""label"":""Угловая стойка:"",""value"":""Угол усиленный х/к 150х170х3 мм.""},{""section"":""Металлокаркас"",""label"":""Усиление пола:"",""value"":""Сдвоенный металлический уголок, шаг 600 мм.""},{""section"":""Металлокаркас"",""label"":""Дно:"",""value"":""Оцинкованный гладкий лист, толщина 0,45 мм.""},{""section"":""Металлокаркас"",""label"":""Плоская кровля:"",""value"":""Х/к стальной лист 1 мм. Швы проварены сплошным швом, листы окрашены суриком, эмалированы.""},{""section"":""Металлокаркас"",""label"":""Цвет:"",""value"":""RAL 7024, либо другой стандартный цвет.""},{""section"":""Деревянный каркас"",""label"":""Второстепенный каркас потолка:"",""value"":""Доска 100х40 мм, настил из обрезанной доски 25х100 мм.""},{""section"":""Деревянный каркас"",""label"":""Второстепенный каркас пола:"",""value"":""Настил из обрезанной доски 25х100 мм, доска 100х40 мм, настил обрезанная доска 25х100 мм.""},{""section"":""Отделка"",""label"":""Стеновые элементы:"",""value"":""Сэндвич-панель трехслойная заводская, с замком Z - lock, с утеплителем толщиной 100 мм, RAL 9003.""},{""section"":""Отделка"",""label"":""Внутренняя отделка потолка:"",""value"":""ЛДСП 12 мм, цвет белый, панели прокладываются через омега-профилем.""},{""section"":""Отделка"",""label"":""Теплоизоляция пола и потолка:"",""value"":""Рулонная минеральная вата 100 мм пола, потолка, стен, плотность 11 кг/м³""},{""section"":""Отделка"",""label"":""Ветро-парозащита:"",""value"":""Наноизол А-В.""},{""section"":""Отделка"",""label"":""Финишная отделка пола:"",""value"":""ДСП 16 мм, линолеум бытовой и плинтус ПВХ.""},{""section"":""Двери"",""label"":""Входная дверь:"",""value"":""Металлическая, утепленная, с врезанным замком и ручкой, размер 800х2000 мм, цвет коричневый, производство «Промет».""},{""section"":""Окна"",""label"":""Окно:"",""value"":""ПВХ, однокамерное, цвет белый, размер 500х500 мм, с поворотно-откидной створкой.""},{""section"":""Сантехника"",""label"":""Туалет:"",""value"":""Унитаз Компакт со сливным бачком.""},{""section"":""Сантехника"",""label"":""Душ:"",""value"":""Душевой поддон металлический 800х800 мм.""},{""section"":""Сантехника"",""label"":""Раковина:"",""value"":""Раковина фаянс со смесителем.""},{""section"":""Сантехника"",""label"":""Туалетная и душевая кабинка:"",""value"":""Выполненные из ЛДСП белого цвета на металлических каркасах.""},{""section"":""Сантехника"",""label"":""Инженерные системы:"",""value"":""Разводка водоснабжения и канализации, вывод на контур здания.""},{""section"":""Дополнительное оборудование"",""label"":""Слаботочные системы (СЛС): оповещение, видеонаблюдение, контроль доступа, охранная сигнализация, LAN и Wi‑Fi."",""value"":""Оставьте заявку для расчета в тендер""},{""section"":""Дополнительное оборудование"",""label"":""Готовы рассмотреть предложения по участию в тендерах по строительству, монтажу и поставке бытовок, блок контейнеров и модульных зданий"",""value"":""Фотографии""}]"
Блок контейнер из сэндвич панелей автономный сантехнический БКС 06,,1102200,,https://unistroy.pro/blok-kontejner-iz-sendvich-panelej-avtonomnyj-santehnicheskij-bks-06,"[{""section"":""Общие характеристики"",""label"":""Высота:"",""value"":""2,5 м.""},{""section"":""Общие характеристики"",""label"":""Высота потолков:"",""value"":""2,2 м.""},{""section"":""Металлокаркас"",""label"":""Верхняя обвязка"",""value"":""Швеллер сложногнутый х/к 120х50х3 мм.""},{""section"":""Металлокаркас"",""label"":""Нижняя обвязка:"",""value"":""Швеллер х/к 120х50х3 мм.""},{""section"":""Металлокаркас"",""label"":""Угловая стойка:"",""value"":""Угол усиленный х/к 150х170х3 мм.""},{""section"":""Металлокаркас"",""label"":""Усиление пола:"",""value"":""Сдвоенный металлический уголок, шаг 600 мм.""},{""section"":""Металлокаркас"",""label"":""Дно:"",""value"":""Оцинкованный гладкий лист, толщина 0,45 мм.""},{""section"":""Металлокаркас"",""label"":""Плоская кровля:"",""value"":""Х/к стальной лист 1 мм. Швы проварены сплошным швом, листы окрашены суриком, эмалированы.""},{""section"":""Металлокаркас"",""label"":""Цвет:"",""value"":""RAL 7024, либо другой стандартный цвет.""},{""section"":""Деревянный каркас"",""label"":""Второстепенный каркас потолка:"",""value"":""Доска 100х40 мм, настил из обрезанной доски 25х100 мм.""},{""section"":""Деревянный каркас"",""label"":""Второстепенный каркас пола:"",""value"":""Настил из обрезанной доски 25х100 мм, доска 100х40 мм, настил обрезанная доска 25х100 мм.""},{""section"":""Отделка"",""label"":""Стеновые элементы:"",""value"":""Сэндвич-панель трехслойная заводская, с замком Z - lock, с утеплителем толщиной 100 мм, RAL 9003.""},{""section"":""Отделка"",""label"":""Внутренняя отделка потолка:"",""value"":""ЛДСП 12 мм, цвет белый, панели прокладываются через омега-профилем.""},{""section"":""Отделка"",""label"":""Теплоизоляция пола и потолка:"",""value"":""Рулонная минеральная вата 100 мм пола, потолка, стен, плотность 11 кг/м³""},{""section"":""Отделка"",""label"":""Ветро-парозащита:"",""value"":""Наноизол А-В.""},{""section"":""Отделка"",""label"":""Финишная отделка пола:"",""value"":""ДСП 16 мм, линолеум бытовой и плинтус ПВХ.""},{""section"":""Двери"",""label"":""Входная дверь:"",""value"":""Металлическая, утепленная, с врезанным замком и ручкой, размер 800х2000 мм, цвет коричневый, производство «Промет».""},{""section"":""Двери"",""label"":""Межкомнатная дверь:"",""value"":""ПВХ, глухая сэндвич-панель, с врезанным замком и ручкой, цвет белый, размер 800х2000 мм.""},{""section"":""Окна"",""label"":""Окно:"",""value"":""ПВХ, однокамерное, цвет белый, размер 500х500 мм, с поворотно-откидной створкой.""},{""section"":""Сантехника"",""label"":""Душ:"",""value"":""Душевой поддон металлический 800х800 мм.""},{""section"":""Сантехника"",""label"":""Раковина:"",""value"":""Раковина фаянс со смесителем.""},{""section"":""Сантехника"",""label"":""ГВС:"",""value"":""Накопительный электрический бойлер объемом 200 л.""},{""section"":""Сантехника"",""label"":""Туалетная и душевая кабинка:"",""value"":""Выполненные из ЛДСП белого цвета на металлических каркасах.""},{""section"":""Сантехника"",""label"":""Ёмкость:"",""value"":""Пластиковая бочка под чистую воду на 2 куб. м.""},{""section"":""Сантехника"",""label"":""Насос:"",""value"":""Насосная станция на 50-60 л/мин.""},{""section"":""Сантехника"",""label"":""Инженерные системы:"",""value"":""Разводка водоснабжения и канализации, вывод на контур здания.""},{""section"":""Дополнительное оборудование"",""label"":""Слаботочные системы (СЛС): оповещение, видеонаблюдение, контроль доступа, охранная сигнализация, LAN и Wi‑Fi."",""value"":""Оставьте заявку для расчета в тендер""},{""section"":""Дополнительное оборудование"",""label"":""Готовы рассмотреть предложения по участию в тендерах по строительству, монтажу и поставке бытовок, блок контейнеров и модульных зданий"",""value"":""Фотографии""}]"
Блок контейнер из сэндвич панелей сантехнический туалет БКС 07,,441300,,https://unistroy.pro/blok-kontejner-iz-sendvich-panelej-santehnicheskij-tualet-bks-07,"[{""section"":""Общие характеристики"",""label"":""Высота:"",""value"":""2,5 м.""},{""section"":""Общие характеристики"",""label"":""Высота потолков:"",""value"":""2,2 м.""},{""section"":""Металлокаркас"",""label"":""Верхняя обвязка"",""value"":""Швеллер сложногнутый х/к 120х50х3 мм.""},{""section"":""Металлокаркас"",""label"":""Нижняя обвязка:"",""value"":""Швеллер х/к 120х50х3 мм.""},{""section"":""Металлокаркас"",""label"":""Угловая стойка:"",""value"":""Угол усиленный х/к 150х170х3 мм.""},{""section"":""Металлокаркас"",""label"":""Усиление пола:"",""value"":""Сдвоенный металлический уголок, шаг 600 мм.""},{""section"":""Металлокаркас"",""label"":""Дно:"",""value"":""Оцинкованный гладкий лист, толщина 0,45 мм.""},{""section"":""Металлокаркас"",""label"":""Плоская кровля:"",""value"":""Х/к стальной лист 1 мм. Швы проварены сплошным швом, листы окрашены суриком, эмалированы.""},{""section"":""Металлокаркас"",""label"":""Цвет:"",""value"":""RAL 7024, либо другой стандартный цвет.""},{""section"":""Деревянный каркас"",""label"":""Второстепенный каркас потолка:"",""value"":""Доска 100х40 мм, настил из обрезанной доски 25х100 мм.""},{""section"":""Деревянный каркас"",""label"":""Второстепенный каркас пола:"",""value"":""Настил из обрезанной доски 25х100 мм, доска 100х40 мм, настил обрезанная доска 25х100 мм.""},{""section"":""Отделка"",""label"":""Стеновые элементы:"",""value"":""Сэндвич-панель трехслойная заводская, с замком Z - lock, с утеплителем толщиной 100 мм, RAL 9003.""},{""section"":""Отделка"",""label"":""Внутренняя отделка потолка:"",""value"":""ЛДСП 12 мм, цвет белый, панели прокладываются через омега-профилем.""},{""section"":""Отделка"",""label"":""Теплоизоляция пола и потолка:"",""value"":""Рулонная минеральная вата 100 мм пола, потолка, стен, плотность 11 кг/м³""},{""section"":""Отделка"",""label"":""Ветро-парозащита:"",""value"":""Наноизол А-В.""},{""section"":""Отделка"",""label"":""Финишная отделка пола:"",""value"":""ДСП 16 мм, линолеум бытовой и плинтус ПВХ.""},{""section"":""Двери"",""label"":""Входная дверь:"",""value"":""Металлическая, утепленная, с врезанным замком и ручкой, размер 800х2000 мм, цвет коричневый, производство «Промет».""},{""section"":""Сантехника"",""label"":""Туалет:"",""value"":""Унитаз Компакт со сливным бачком.""},{""section"":""Сантехника"",""label"":""Раковина:"",""value"":""Раковина фаянс со смесителем.""},{""section"":""Сантехника"",""label"":""Инженерные системы:"",""value"":""Разводка водоснабжения и канализации, вывод на контур здания.""},{""section"":""Дополнительное оборудование"",""label"":""Слаботочные системы (СЛС): оповещение, видеонаблюдение, контроль доступа, охранная сигнализация, LAN и Wi‑Fi."",""value"":""Оставьте заявку для расчета в тендер""},{""section"":""Дополнительное оборудование"",""label"":""Готовы рассмотреть предложения по участию в тендерах по строительству, монтажу и поставке бытовок, блок контейнеров и модульных зданий"",""value"":""Фотографии""}]"
Блок контейнер на шасси БКСН 01,,915300,,https://unistroy.pro/blok-kontejner-na-shassi-bksn-01,"[{""section"":""Общие характеристики"",""label"":""Длина блока:"",""value"":""6 м.""},{""section"":""Общие характеристики"",""label"":""Длина блока с шасси:"",""value"":""7,7 м.""},{""section"":""Общие характеристики"",""label"":""Ширина:"",""value"":""2,4 м.""},{""section"":""Общие характеристики"",""label"":""Высота блока:"",""value"":""2,5 м.""},{""section"":""Общие характеристики"",""label"":""Высота блока с шасси:"",""value"":""3,6 м.""},{""section"":""Общие характеристики"",""label"":""Высота потолков:"",""value"":""2,2 м.""},{""section"":""Металлокаркас"",""label"":""Верхняя обвязка"",""value"":""Швеллер сложногнутый х/к 120х50х3 мм.""},{""section"":""Металлокаркас"",""label"":""Нижняя обвязка:"",""value"":""Швеллер х/к 120х50х3 мм.""},{""section"":""Металлокаркас"",""label"":""Угловая стойка:"",""value"":""Угол усиленный х/к 90х90х3 мм.""},{""section"":""Металлокаркас"",""label"":""Усиление пола:"",""value"":""Сдвоенный металлический уголок, шаг 600 мм.""},{""section"":""Металлокаркас"",""label"":""Плоская кровля:"",""value"":""Х/к стальной лист 1 мм. Швы проварены сплошным швом, листы окрашены суриком, эмалированы.""},{""section"":""Металлокаркас"",""label"":""Цвет:"",""value"":""RAL 7024, либо другой стандартный цвет.""},{""section"":""Деревянный каркас"",""label"":""Второстепенный каркас стен:"",""value"":""Доска 100х40 мм 1-ого сорта.""},{""section"":""Деревянный каркас"",""label"":""Второстепенный каркас потолка:"",""value"":""Доска 100х40 мм, настил из обрезанной доски 25х100 мм.""},{""section"":""Деревянный каркас"",""label"":""Второстепенный каркас пола:"",""value"":""Настил из обрезанной доски 25х100 мм, доска 100х40 мм, настил обрезанная доска 25х100 мм.""},{""section"":""Отделка"",""label"":""Наружная обшивка:"",""value"":""Стальной оцинкованный профилированный лист «С8», толщина 0,45 мм.""},{""section"":""Отделка"",""label"":""Теплоизоляция:"",""value"":""Рулонная минеральная вата 50 мм пола, потолка, стен, плотность 11 кг/м³""},{""section"":""Отделка"",""label"":""Ветро-парозащита:"",""value"":""ПВХ пленка, толщиной 80 мкр.""},{""section"":""Отделка"",""label"":""Финишная отделка пола:"",""value"":""ДСП 16 мм.""},{""section"":""Двери"",""label"":""Входная дверь:"",""value"":""Каркасная обшитая ДВП, снаружи обшита гладким оцинкованным листом, с врезанным замком и ручкой, 800х2000 мм.""},{""section"":""Двери"",""label"":""Межкомнатная дверь:"",""value"":""Каркасная обшитая ДВП, с врезанным замком и ручкой, 800х2000 мм.""},{""section"":""Окна"",""label"":""Окно:"",""value"":""Деревянное, с двойным остеклением, размер 1000х1000 мм, с поворотной створкой.""},{""section"":""Лестничная группа"",""label"":""Лестница:"",""value"":""Металлическая лестница с перилами, ступени из просечного листа, перила из проф. трубы.""},{""section"":""Шасси"",""label"":""Шасси:"",""value"":""Шасси-прицеп на колесах для установки и безопасной транспортировки блок-контейнера любым тягачом, с усиленной металлической рамой и надежной фиксацией модуля.""},{""section"":""Дополнительное оборудование"",""label"":""Слаботочные системы (СЛС): оповещение, видеонаблюдение, контроль доступа, охранная сигнализация, LAN и Wi‑Fi."",""value"":""Оставьте заявку для расчета в тендер""},{""section"":""Дополнительное оборудование"",""label"":""Готовы рассмотреть предложения по участию в тендерах по строительству, монтажу и поставке бытовок, блок контейнеров и модульных зданий"",""value"":""Фотографии""}]"
Блок контейнер на санях БКСН 02,,712800,,https://unistroy.pro/blok-kontejner-na-sanyah-bksn-02,"[{""section"":""Общие характеристики"",""label"":""Длина блока:"",""value"":""6 м.""},{""section"":""Общие характеристики"",""label"":""Длина блока на санях:"",""value"":""7,5 м.""},{""section"":""Общие характеристики"",""label"":""Ширина:"",""value"":""2,4 м.""},{""section"":""Общие характеристики"",""label"":""Высота блока:"",""value"":""2,5 м.""},{""section"":""Общие характеристики"",""label"":""Высота блока на санях:"",""value"":""3,3 м.""},{""section"":""Общие характеристики"",""label"":""Высота потолков:"",""value"":""2,2 м.""},{""section"":""Металлокаркас"",""label"":""Верхняя обвязка"",""value"":""Швеллер сложногнутый х/к 120х50х3 мм.""},{""section"":""Металлокаркас"",""label"":""Нижняя обвязка:"",""value"":""Швеллер х/к 120х50х3 мм.""},{""section"":""Металлокаркас"",""label"":""Угловая стойка:"",""value"":""Угол усиленный х/к 90х90х3 мм.""},{""section"":""Металлокаркас"",""label"":""Усиление пола:"",""value"":""Сдвоенный металлический уголок, шаг 600 мм.""},{""section"":""Металлокаркас"",""label"":""Плоская кровля:"",""value"":""Х/к стальной лист 1 мм. Швы проварены сплошным швом, листы окрашены суриком, эмалированы.""},{""section"":""Металлокаркас"",""label"":""Цвет:"",""value"":""RAL 7024, либо другой стандартный цвет.""},{""section"":""Деревянный каркас"",""label"":""Второстепенный каркас стен:"",""value"":""Доска 100х40 мм 1-ого сорта.""},{""section"":""Деревянный каркас"",""label"":""Второстепенный каркас потолка:"",""value"":""Доска 100х40 мм, настил из обрезанной доски 25х100 мм.""},{""section"":""Деревянный каркас"",""label"":""Второстепенный каркас пола:"",""value"":""Настил из обрезанной доски 25х100 мм, доска 100х40 мм, настил обрезанная доска 25х100 мм.""},{""section"":""Отделка"",""label"":""Наружная обшивка:"",""value"":""Стальной оцинкованный профилированный лист «С8», толщина 0,45 мм.""},{""section"":""Отделка"",""label"":""Теплоизоляция:"",""value"":""Рулонная минеральная вата 50 мм пола, потолка, стен, плотность 11 кг/м³""},{""section"":""Отделка"",""label"":""Ветро-парозащита:"",""value"":""ПВХ пленка, толщиной 80 мкр.""},{""section"":""Отделка"",""label"":""Финишная отделка пола:"",""value"":""ДСП 16 мм.""},{""section"":""Двери"",""label"":""Входная дверь:"",""value"":""Каркасная обшитая ДВП, снаружи обшита гладким оцинкованным листом, с врезанным замком и ручкой, 800х2000 мм.""},{""section"":""Двери"",""label"":""Межкомнатная дверь:"",""value"":""Каркасная обшитая ДВП, с врезанным замком и ручкой, 800х2000 мм.""},{""section"":""Окна"",""label"":""Окно:"",""value"":""Деревянное, с двойным остеклением, размер 1000х1000 мм, с поворотной створкой.""},{""section"":""Сани"",""label"":""Сани:"",""value"":""Металлические сани-основание для установки и транспортировки конструкции по грунтовым, заснеженным и слабо подготовленным площадкам.""},{""section"":""Дополнительное оборудование"",""label"":""Слаботочные системы (СЛС): оповещение, видеонаблюдение, контроль доступа, охранная сигнализация, LAN и Wi‑Fi."",""value"":""Оставьте заявку для расчета в тендер""},{""section"":""Дополнительное оборудование"",""label"":""Готовы рассмотреть предложения по участию в тендерах по строительству, монтажу и поставке бытовок, блок контейнеров и модульных зданий"",""value"":""Фотографии""}]"
Пост охраны КПП БКПО 01,,152300,Срок изготовления: 2-5 рабочих дней,https://unistroy.pro/post-ohrany-kpp-bkpo-01,"[{""section"":""Общие характеристики"",""label"":""Высота:"",""value"":""2,5 м.""},{""section"":""Общие характеристики"",""label"":""Высота потолков:"",""value"":""2,2 м.""},{""section"":""Металлокаркас"",""label"":""Верхняя обвязка"",""value"":""Швеллер сложногнутый х/к 120х50х3 мм.""},{""section"":""Металлокаркас"",""label"":""Нижняя обвязка:"",""value"":""Швеллер х/к 120х50х3 мм.""},{""section"":""Металлокаркас"",""label"":""Угловая стойка:"",""value"":""Угол усиленный х/к 90х90х3 мм.""},{""section"":""Металлокаркас"",""label"":""Усиление пола:"",""value"":""Сдвоенный металлический уголок, шаг 1200 мм.""},{""section"":""Металлокаркас"",""label"":""Плоская кровля:"",""value"":""Х/к стальной лист 1 мм. Швы проварены сплошным швом, листы окрашены суриком, эмалированы.""},{""section"":""Металлокаркас"",""label"":""Цвет:"",""value"":""RAL 7024, либо другой стандартный цвет.""},{""section"":""Деревянный каркас"",""label"":""Второстепенный каркас стен:"",""value"":""Доска 100х40 мм 1-ого сорта.""},{""section"":""Деревянный каркас"",""label"":""Второстепенный каркас потолка:"",""value"":""Доска 100х40 мм, настил из обрезанной доски 25х100 мм.""},{""section"":""Деревянный каркас"",""label"":""Второстепенный каркас пола:"",""value"":""Настил из обрезанной доски 25х100 мм, доска 100х40 мм, настил обрезанная доска 25х100 мм.""},{""section"":""Отделка"",""label"":""Наружная обшивка:"",""value"":""Стальной оцинкованный профилированный лист «С8», толщина 0,45 мм.""},{""section"":""Отделка"",""label"":""Теплоизоляция:"",""value"":""Рулонная минеральная вата 50 мм пола, потолка, стен, плотность 11 кг/м³""},{""section"":""Отделка"",""label"":""Ветро-парозащита:"",""value"":""ПВХ пленка, толщиной 80 мкр.""},{""section"":""Отделка"",""label"":""Финишная отделка пола:"",""value"":""ДСП 16 мм.""},{""section"":""Двери"",""label"":""Входная дверь:"",""value"":""Каркасная обшитая ДВП, снаружи обшита гладким оцинкованным листом, с врезанным замком и ручкой, 800х2000 мм.""},{""section"":""Двери"",""label"":""Межкомнатная дверь:"",""value"":""Каркасная обшитая ДВП, с врезанным замком и ручкой, 800х2000 мм.""},{""section"":""Окна"",""label"":""Окно:"",""value"":""Деревянное, с двойным остеклением, размер 1000х1000 мм, с поворотной створкой.""},{""section"":""Дополнительное оборудование"",""label"":""Слаботочные системы (СЛС): оповещение, видеонаблюдение, контроль доступа, охранная сигнализация, LAN и Wi‑Fi."",""value"":""Оставьте заявку для расчета в тендер""},{""section"":""Дополнительное оборудование"",""label"":""Готовы рассмотреть предложения по участию в тендерах по строительству, монтажу и поставке бытовок, блок контейнеров и модульных зданий"",""value"":""Фотографии""}]"
Пост охраны КПП БКПО 02,,79900,Срок изготовления: 2-5 рабочих дней,https://unistroy.pro/post-ohrany-kpp-bkpo-02,"[{""section"":""Общие характеристики"",""label"":""Высота:"",""value"":""2,5 м.""},{""section"":""Общие характеристики"",""label"":""Высота потолков:"",""value"":""2,2 м.""},{""section"":""Металлокаркас"",""label"":""Верхняя обвязка"",""value"":""Швеллер сложногнутый х/к 120х50х3 мм.""},{""section"":""Металлокаркас"",""label"":""Нижняя обвязка:"",""value"":""Швеллер х/к 120х50х3 мм.""},{""section"":""Металлокаркас"",""label"":""Угловая стойка:"",""value"":""Угол усиленный х/к 90х90х3 мм.""},{""section"":""Металлокаркас"",""label"":""Усиление пола:"",""value"":""Сдвоенный металлический уголок, шаг 1200 мм.""},{""section"":""Металлокаркас"",""label"":""Плоская кровля:"",""value"":""Х/к стальной лист 1 мм. Швы проварены сплошным швом, листы окрашены суриком, эмалированы.""},{""section"":""Металлокаркас"",""label"":""Цвет:"",""value"":""RAL 7024, либо другой стандартный цвет.""},{""section"":""Деревянный каркас"",""label"":""Второстепенный каркас стен:"",""value"":""Доска 100х40 мм 1-ого сорта.""},{""section"":""Деревянный каркас"",""label"":""Второстепенный каркас потолка:"",""value"":""Доска 100х40 мм, настил из обрезанной доски 25х100 мм.""},{""section"":""Деревянный каркас"",""label"":""Второстепенный каркас пола:"",""value"":""Настил из обрезанной доски 25х100 мм, доска 100х40 мм, настил обрезанная доска 25х100 мм.""},{""section"":""Отделка"",""label"":""Наружная обшивка:"",""value"":""Стальной оцинкованный профилированный лист «С8», толщина 0,45 мм.""},{""section"":""Отделка"",""label"":""Теплоизоляция:"",""value"":""Рулонная минеральная вата 50 мм пола, потолка, стен, плотность 11 кг/м³""},{""section"":""Отделка"",""label"":""Ветро-парозащита:"",""value"":""ПВХ пленка, толщиной 80 мкр.""},{""section"":""Отделка"",""label"":""Финишная отделка пола:"",""value"":""ДСП 16 мм.""},{""section"":""Двери"",""label"":""Входная дверь:"",""value"":""Каркасная обшитая ДВП, снаружи обшита гладким оцинкованным листом, с врезанным замком и ручкой, 800х2000 мм.""},{""section"":""Окна"",""label"":""Окно:"",""value"":""Деревянное, с двойным остеклением, размер 1000х1000 мм, с поворотной створкой.""},{""section"":""Дополнительное оборудование"",""label"":""Слаботочные системы (СЛС): оповещение, видеонаблюдение, контроль доступа, охранная сигнализация, LAN и Wi‑Fi."",""value"":""Оставьте заявку для расчета в тендер""},{""section"":""Дополнительное оборудование"",""label"":""Готовы рассмотреть предложения по участию в тендерах по строительству, монтажу и поставке бытовок, блок контейнеров и модульных зданий"",""value"":""Фотографии""}]"
Пост охраны КПП БКПО 03,,164800,Срок изготовления: 2-5 рабочих дней,https://unistroy.pro/post-ohrany-kpp-bkpo-03,"[{""section"":""Общие характеристики"",""label"":""Высота:"",""value"":""2,5 м.""},{""section"":""Общие характеристики"",""label"":""Высота потолков:"",""value"":""2,2 м.""},{""section"":""Металлокаркас"",""label"":""Верхняя обвязка"",""value"":""Швеллер сложногнутый х/к 120х50х3 мм.""},{""section"":""Металлокаркас"",""label"":""Нижняя обвязка:"",""value"":""Швеллер х/к 120х50х3 мм.""},{""section"":""Металлокаркас"",""label"":""Угловая стойка:"",""value"":""Угол усиленный х/к 90х90х3 мм.""},{""section"":""Металлокаркас"",""label"":""Усиление пола:"",""value"":""Сдвоенный металлический уголок, шаг 1200 мм.""},{""section"":""Металлокаркас"",""label"":""Плоская кровля:"",""value"":""Х/к стальной лист 1 мм. Швы проварены сплошным швом, листы окрашены суриком, эмалированы.""},{""section"":""Металлокаркас"",""label"":""Цвет:"",""value"":""RAL 7024, либо другой стандартный цвет.""},{""section"":""Деревянный каркас"",""label"":""Второстепенный каркас стен:"",""value"":""Доска 100х40 мм 1-ого сорта.""},{""section"":""Деревянный каркас"",""label"":""Второстепенный каркас потолка:"",""value"":""Доска 100х40 мм, настил из обрезанной доски 25х100 мм.""},{""section"":""Деревянный каркас"",""label"":""Второстепенный каркас пола:"",""value"":""Настил из обрезанной доски 25х100 мм, доска 100х40 мм, настил обрезанная доска 25х100 мм.""},{""section"":""Отделка"",""label"":""Наружная обшивка:"",""value"":""Стальной оцинкованный профилированный лист «С8», толщина 0,45 мм.""},{""section"":""Отделка"",""label"":""Теплоизоляция:"",""value"":""Рулонная минеральная вата 50 мм пола, потолка, стен, плотность 11 кг/м³""},{""section"":""Отделка"",""label"":""Ветро-парозащита:"",""value"":""ПВХ пленка, толщиной 80 мкр.""},{""section"":""Отделка"",""label"":""Финишная отделка пола:"",""value"":""ДСП 16 мм.""},{""section"":""Двери"",""label"":""Входная дверь:"",""value"":""Каркасная обшитая ДВП, снаружи обшита гладким оцинкованным листом, с врезанным замком и ручкой, 800х2000 мм.""},{""section"":""Двери"",""label"":""Межкомнатная дверь:"",""value"":""Каркасная обшитая ДВП, с врезанным замком и ручкой, 800х2000 мм.""},{""section"":""Окна"",""label"":""Окно:"",""value"":""Деревянное, с двойным остеклением, размер 1000х1000 мм, с поворотной створкой.""},{""section"":""Дополнительное оборудование"",""label"":""Слаботочные системы (СЛС): оповещение, видеонаблюдение, контроль доступа, охранная сигнализация, LAN и Wi‑Fi."",""value"":""Оставьте заявку для расчета в тендер""},{""section"":""Дополнительное оборудование"",""label"":""Готовы рассмотреть предложения по участию в тендерах по строительству, монтажу и поставке бытовок, блок контейнеров и модульных зданий"",""value"":""Фотографии""}]"
Пост охраны КПП БКПО 04,,167800,Срок изготовления: 2-5 рабочих дней,https://unistroy.pro/post-ohrany-kpp-bkpo-04,"[{""section"":""Общие характеристики"",""label"":""Высота:"",""value"":""2,5 м.""},{""section"":""Общие характеристики"",""label"":""Высота потолков:"",""value"":""2,2 м.""},{""section"":""Металлокаркас"",""label"":""Верхняя обвязка"",""value"":""Швеллер сложногнутый х/к 120х50х3 мм.""},{""section"":""Металлокаркас"",""label"":""Нижняя обвязка:"",""value"":""Швеллер х/к 120х50х3 мм.""},{""section"":""Металлокаркас"",""label"":""Угловая стойка:"",""value"":""Угол усиленный х/к 90х90х3 мм.""},{""section"":""Металлокаркас"",""label"":""Усиление пола:"",""value"":""Сдвоенный металлический уголок, шаг 1200 мм.""},{""section"":""Металлокаркас"",""label"":""Плоская кровля:"",""value"":""Х/к стальной лист 1 мм. Швы проварены сплошным швом, листы окрашены суриком, эмалированы.""},{""section"":""Металлокаркас"",""label"":""Цвет:"",""value"":""RAL 7024, либо другой стандартный цвет.""},{""section"":""Деревянный каркас"",""label"":""Второстепенный каркас стен:"",""value"":""Доска 100х40 мм 1-ого сорта.""},{""section"":""Деревянный каркас"",""label"":""Второстепенный каркас потолка:"",""value"":""Доска 100х40 мм, настил из обрезанной доски 25х100 мм.""},{""section"":""Деревянный каркас"",""label"":""Второстепенный каркас пола:"",""value"":""Настил из обрезанной доски 25х100 мм, доска 100х40 мм, настил обрезанная доска 25х100 мм.""},{""section"":""Отделка"",""label"":""Наружная обшивка:"",""value"":""Стальной оцинкованный профилированный лист «С8», толщина 0,45 мм.""},{""section"":""Отделка"",""label"":""Теплоизоляция:"",""value"":""Рулонная минеральная вата 50 мм пола, потолка, стен, плотность 11 кг/м³""},{""section"":""Отделка"",""label"":""Ветро-парозащита:"",""value"":""ПВХ пленка, толщиной 80 мкр.""},{""section"":""Отделка"",""label"":""Финишная отделка пола:"",""value"":""ДСП 16 мм.""},{""section"":""Двери"",""label"":""Входная дверь:"",""value"":""Каркасная обшитая ДВП, снаружи обшита гладким оцинкованным листом, с врезанным замком и ручкой, 800х2000 мм.""},{""section"":""Двери"",""label"":""Межкомнатная дверь:"",""value"":""Каркасная обшитая ДВП, с врезанным замком и ручкой, 800х2000 мм.""},{""section"":""Окна"",""label"":""Окно:"",""value"":""Деревянное, с двойным остеклением, размер 1000х1000 мм, с поворотной створкой.""},{""section"":""Дополнительное оборудование"",""label"":""Слаботочные системы (СЛС): оповещение, видеонаблюдение, контроль доступа, охранная сигнализация, LAN и Wi‑Fi."",""value"":""Оставьте заявку для расчета в тендер""},{""section"":""Дополнительное оборудование"",""label"":""Готовы рассмотреть предложения по участию в тендерах по строительству, монтажу и поставке бытовок, блок контейнеров и модульных зданий"",""value"":""Фотографии""}]"
Пост охраны КПП БКПО 05,,305200,Срок изготовления: 2-5 рабочих дней,https://unistroy.pro/post-ohrany-kpp-bkpo-05,"[{""section"":""Общие характеристики"",""label"":""Длина:"",""value"":""3 м.""},{""section"":""Общие характеристики"",""label"":""Ширина:"",""value"":""2,4 м.""},{""section"":""Общие характеристики"",""label"":""Высота:"",""value"":""5 м.""},{""section"":""Общие характеристики"",""label"":""Высота потолков:"",""value"":""2,2 м.""},{""section"":""Общие характеристики"",""label"":""Общая площадь застройки:"",""value"":""7,2 м².""},{""section"":""Общие характеристики"",""label"":""Общая площадь здания:"",""value"":""14,4 м².""},{""section"":""Металлокаркас"",""label"":""Верхняя обвязка"",""value"":""Швеллер сложногнутый х/к 120х50х3 мм.""},{""section"":""Металлокаркас"",""label"":""Нижняя обвязка:"",""value"":""Швеллер х/к 120х50х3 мм.""},{""section"":""Металлокаркас"",""label"":""Угловая стойка:"",""value"":""Угол усиленный х/к 90х90х3 мм.""},{""section"":""Металлокаркас"",""label"":""Усиление пола:"",""value"":""Сдвоенный металлический уголок, шаг 1200 мм.""},{""section"":""Металлокаркас"",""label"":""Плоская кровля:"",""value"":""Х/к стальной лист 1 мм. Швы проварены сплошным швом, листы окрашены суриком, эмалированы.""},{""section"":""Металлокаркас"",""label"":""Цвет:"",""value"":""RAL 7024, либо другой стандартный цвет.""},{""section"":""Деревянный каркас"",""label"":""Второстепенный каркас стен:"",""value"":""Доска 100х40 мм 1-ого сорта.""},{""section"":""Деревянный каркас"",""label"":""Второстепенный каркас потолка:"",""value"":""Доска 100х40 мм, настил из обрезанной доски 25х100 мм.""},{""section"":""Деревянный каркас"",""label"":""Второстепенный каркас пола:"",""value"":""Настил из обрезанной доски 25х100 мм, доска 100х40 мм, настил обрезанная доска 25х100 мм.""},{""section"":""Отделка"",""label"":""Наружная обшивка:"",""value"":""Стальной оцинкованный профилированный лист «С8», толщина 0,45 мм.""},{""section"":""Отделка"",""label"":""Теплоизоляция:"",""value"":""Рулонная минеральная вата 50 мм пола, потолка, стен, плотность 11 кг/м³""},{""section"":""Отделка"",""label"":""Ветро-парозащита:"",""value"":""ПВХ пленка, толщиной 80 мкр.""},{""section"":""Отделка"",""label"":""Финишная отделка пола:"",""value"":""ДСП 16 мм.""},{""section"":""Двери"",""label"":""Входная дверь:"",""value"":""Каркасная обшитая ДВП, снаружи обшита гладким оцинкованным листом, с врезанным замком и ручкой, 800х2000 мм.""},{""section"":""Окна"",""label"":""Окно:"",""value"":""Деревянное, с двойным остеклением, размер 1000х1000 мм, с поворотной створкой.""},{""section"":""Лестничная группа"",""label"":""Лестница:"",""value"":""Металлическая лестница с перилами, ступени из просечного листа, перила из проф. трубы.""},{""section"":""Лестничная группа"",""label"":""Площадка:"",""value"":""Металлическая площадка с перилами и стойками, площадка из рифленого листа, перила из проф. трубы, стойки из сложногнутых углов.""},{""section"":""Дополнительное оборудование"",""label"":""Слаботочные системы (СЛС): оповещение, видеонаблюдение, контроль доступа, охранная сигнализация, LAN и Wi‑Fi."",""value"":""Оставьте заявку для расчета в тендер""},{""section"":""Дополнительное оборудование"",""label"":""Готовы рассмотреть предложения по участию в тендерах по строительству, монтажу и поставке бытовок, блок контейнеров и модульных зданий"",""value"":""Фотографии""}]"
Пост охраны КПП из сэндвич панелей БКПО 01,,457900,Срок изготовления: 2-5 рабочих дней,https://unistroy.pro/post-ohrany-kpp-iz-sendvich-panelej-bkpo-01,"[{""section"":""Общие характеристики"",""label"":""Высота:"",""value"":""2,5 м.""},{""section"":""Общие характеристики"",""label"":""Высота потолков:"",""value"":""2,2 м.""},{""section"":""Металлокаркас"",""label"":""Верхняя обвязка"",""value"":""Швеллер сложногнутый х/к 120х50х3 мм.""},{""section"":""Металлокаркас"",""label"":""Нижняя обвязка:"",""value"":""Швеллер х/к 120х50х3 мм.""},{""section"":""Металлокаркас"",""label"":""Угловая стойка:"",""value"":""Угол усиленный х/к 150х170х3 мм.""},{""section"":""Металлокаркас"",""label"":""Усиление пола:"",""value"":""Сдвоенный металлический уголок, шаг 600 мм.""},{""section"":""Металлокаркас"",""label"":""Дно:"",""value"":""Оцинкованный гладкий лист, толщина 0,45 мм.""},{""section"":""Металлокаркас"",""label"":""Плоская кровля:"",""value"":""Х/к стальной лист 1 мм. Швы проварены сплошным швом, листы окрашены суриком, эмалированы.""},{""section"":""Металлокаркас"",""label"":""Цвет:"",""value"":""RAL 7024, либо другой стандартный цвет.""},{""section"":""Деревянный каркас"",""label"":""Второстепенный каркас потолка:"",""value"":""Доска 100х40 мм, настил из обрезанной доски 25х100 мм.""},{""section"":""Деревянный каркас"",""label"":""Второстепенный каркас пола:"",""value"":""Настил из обрезанной доски 25х100 мм, доска 100х40 мм, настил обрезанная доска 25х100 мм.""},{""section"":""Отделка"",""label"":""Стеновые элементы:"",""value"":""Сэндвич-панель трехслойная заводская, с замком Z - lock, с утеплителем толщиной 100 мм, RAL 9003.""},{""section"":""Отделка"",""label"":""Внутренняя отделка потолка:"",""value"":""ЛДСП 12 мм, цвет белый, панели прокладываются через омега-профилем.""},{""section"":""Отделка"",""label"":""Теплоизоляция пола и потолка:"",""value"":""Рулонная минеральная вата 100 мм пола, потолка, стен, плотность 11 кг/м³""},{""section"":""Отделка"",""label"":""Ветро-парозащита:"",""value"":""Наноизол А-В.""},{""section"":""Отделка"",""label"":""Финишная отделка пола:"",""value"":""ДСП 16 мм.""},{""section"":""Двери"",""label"":""Входная дверь:"",""value"":""Металлическая, утепленная, с врезанным замком и ручкой, размер 800х2000 мм, цвет коричневый, производство «Промет».""},{""section"":""Двери"",""label"":""Межкомнатная дверь:"",""value"":""МДФ «ОЛОВИ», с врезанным замком и ручкой, цвет&nbsp;белый, размер 800х2000 мм.""},{""section"":""Окна"",""label"":""Окно:"",""value"":""ПВХ, однокамерное, цвет белый, размер 900х1100 мм, с поворотно-откидной створкой.""},{""section"":""Дополнительное оборудование"",""label"":""Слаботочные системы (СЛС): оповещение, видеонаблюдение, контроль доступа, охранная сигнализация, LAN и Wi‑Fi."",""value"":""Оставьте заявку для расчета в тендер""},{""section"":""Дополнительное оборудование"",""label"":""Готовы рассмотреть предложения по участию в тендерах по строительству, монтажу и поставке бытовок, блок контейнеров и модульных зданий"",""value"":""Фотографии""}]"
Пост охраны КПП из сэндвич панелей БКПО 02,,252800,Срок изготовления: 2-5 рабочих дней,https://unistroy.pro/post-ohrany-kpp-iz-sendvich-panelej-bkpo-02,"[{""section"":""Общие характеристики"",""label"":""Высота:"",""value"":""2,5 м.""},{""section"":""Общие характеристики"",""label"":""Высота потолков:"",""value"":""2,2 м.""},{""section"":""Металлокаркас"",""label"":""Верхняя обвязка"",""value"":""Швеллер сложногнутый х/к 120х50х3 мм.""},{""section"":""Металлокаркас"",""label"":""Нижняя обвязка:"",""value"":""Швеллер х/к 120х50х3 мм.""},{""section"":""Металлокаркас"",""label"":""Угловая стойка:"",""value"":""Угол усиленный х/к 150х170х3 мм.""},{""section"":""Металлокаркас"",""label"":""Усиление пола:"",""value"":""Сдвоенный металлический уголок, шаг 600 мм.""},{""section"":""Металлокаркас"",""label"":""Плоская кровля:"",""value"":""Х/к стальной лист 1 мм. Швы проварены сплошным швом, листы окрашены суриком, эмалированы.""},{""section"":""Металлокаркас"",""label"":""Дно:"",""value"":""Оцинкованный гладкий лист, толщина 0,45 мм.""},{""section"":""Металлокаркас"",""label"":""Цвет:"",""value"":""RAL 7024, либо другой стандартный цвет.""},{""section"":""Деревянный каркас"",""label"":""Второстепенный каркас потолка:"",""value"":""Доска 100х40 мм, настил из обрезанной доски 25х100 мм.""},{""section"":""Деревянный каркас"",""label"":""Второстепенный каркас пола:"",""value"":""Настил из обрезанной доски 25х100 мм, доска 100х40 мм, настил обрезанная доска 25х100 мм.""},{""section"":""Отделка"",""label"":""Стеновые элементы:"",""value"":""Сэндвич-панель трехслойная заводская, с замком Z - lock, с утеплителем толщиной 100 мм, RAL 9003.""},{""section"":""Отделка"",""label"":""Внутренняя отделка потолка:"",""value"":""ЛДСП 12 мм, цвет белый, панели прокладываются через омега-профилем.""},{""section"":""Отделка"",""label"":""Теплоизоляция пола и потолка:"",""value"":""Рулонная минеральная вата 100 мм пола, потолка, стен, плотность 11 кг/м³""},{""section"":""Отделка"",""label"":""Ветро-парозащита:"",""value"":""Наноизол А-В.""},{""section"":""Отделка"",""label"":""Финишная отделка пола:"",""value"":""ДСП 16 мм.""},{""section"":""Двери"",""label"":""Входная дверь:"",""value"":""Металлическая, утепленная, с врезанным замком и ручкой, размер 800х2000 мм, цвет коричневый, производство «Промет».""},{""section"":""Окна"",""label"":""Окно:"",""value"":""ПВХ, однокамерное, цвет белый, размер 900х1100 мм, с поворотно-откидной створкой.""},{""section"":""Дополнительное оборудование"",""label"":""Слаботочные системы (СЛС): оповещение, видеонаблюдение, контроль доступа, охранная сигнализация, LAN и Wi‑Fi."",""value"":""Оставьте заявку для расчета в тендер""},{""section"":""Дополнительное оборудование"",""label"":""Готовы рассмотреть предложения по участию в тендерах по строительству, монтажу и поставке бытовок, блок контейнеров и модульных зданий"",""value"":""Фотографии""}]"
Пост охраны КПП из сэндвич панелей БКПО 03,,493700,Срок изготовления: 2-5 рабочих дней,https://unistroy.pro/post-ohrany-kpp-iz-sendvich-panelej-bkpo-03,"[{""section"":""Общие характеристики"",""label"":""Высота:"",""value"":""2,5 м.""},{""section"":""Общие характеристики"",""label"":""Высота потолков:"",""value"":""2,2 м.""},{""section"":""Металлокаркас"",""label"":""Верхняя обвязка"",""value"":""Швеллер сложногнутый х/к 120х50х3 мм.""},{""section"":""Металлокаркас"",""label"":""Нижняя обвязка:"",""value"":""Швеллер х/к 120х50х3 мм.""},{""section"":""Металлокаркас"",""label"":""Угловая стойка:"",""value"":""Угол усиленный х/к 150х170х3 мм.""},{""section"":""Металлокаркас"",""label"":""Усиление пола:"",""value"":""Сдвоенный металлический уголок, шаг 600 мм.""},{""section"":""Металлокаркас"",""label"":""Дно:"",""value"":""Оцинкованный гладкий лист, толщина 0,45 мм.""},{""section"":""Металлокаркас"",""label"":""Плоская кровля:"",""value"":""Х/к стальной лист 1 мм. Швы проварены сплошным швом, листы окрашены суриком, эмалированы.""},{""section"":""Металлокаркас"",""label"":""Цвет:"",""value"":""RAL 7024, либо другой стандартный цвет.""},{""section"":""Деревянный каркас"",""label"":""Второстепенный каркас потолка:"",""value"":""Доска 100х40 мм, настил из обрезанной доски 25х100 мм.""},{""section"":""Деревянный каркас"",""label"":""Второстепенный каркас пола:"",""value"":""Настил из обрезанной доски 25х100 мм, доска 100х40 мм, настил обрезанная доска 25х100 мм.""},{""section"":""Отделка"",""label"":""Стеновые элементы:"",""value"":""Сэндвич-панель трехслойная заводская, с замком Z - lock, с утеплителем толщиной 100 мм, RAL 9003.""},{""section"":""Отделка"",""label"":""Внутренняя отделка потолка:"",""value"":""ЛДСП 12 мм, цвет белый, панели прокладываются через омега-профилем.""},{""section"":""Отделка"",""label"":""Теплоизоляция пола и потолка:"",""value"":""Рулонная минеральная вата 100 мм пола, потолка, стен, плотность 11 кг/м³""},{""section"":""Отделка"",""label"":""Ветро-парозащита:"",""value"":""Наноизол А-В.""},{""section"":""Отделка"",""label"":""Финишная отделка пола:"",""value"":""ДСП 16 мм.""},{""section"":""Двери"",""label"":""Входная дверь:"",""value"":""Металлическая, утепленная, с врезанным замком и ручкой, размер 800х2000 мм, цвет коричневый, производство «Промет».""},{""section"":""Двери"",""label"":""Межкомнатная дверь:"",""value"":""МДФ «ОЛОВИ», с врезанным замком и ручкой, цвет&nbsp;белый, размер 800х2000 мм.""},{""section"":""Окна"",""label"":""Окно:"",""value"":""ПВХ, однокамерное, цвет белый, размер 900х1100 мм, с поворотно-откидной створкой.""},{""section"":""Дополнительное оборудование"",""label"":""Слаботочные системы (СЛС): оповещение, видеонаблюдение, контроль доступа, охранная сигнализация, LAN и Wi‑Fi."",""value"":""Оставьте заявку для расчета в тендер""},{""section"":""Дополнительное оборудование"",""label"":""Готовы рассмотреть предложения по участию в тендерах по строительству, монтажу и поставке бытовок, блок контейнеров и модульных зданий"",""value"":""Фотографии""}]"
Пост охраны КПП из сэндвич панелей БКПО 04,,484900,Срок изготовления: 2-5 рабочих дней,https://unistroy.pro/post-ohrany-kpp-iz-sendvich-panelej-bkpo-04,"[{""section"":""Общие характеристики"",""label"":""Высота:"",""value"":""2,5 м.""},{""section"":""Общие характеристики"",""label"":""Высота потолков:"",""value"":""2,2 м.""},{""section"":""Металлокаркас"",""label"":""Верхняя обвязка"",""value"":""Швеллер сложногнутый х/к 120х50х3 мм.""},{""section"":""Металлокаркас"",""label"":""Нижняя обвязка:"",""value"":""Швеллер х/к 120х50х3 мм.""},{""section"":""Металлокаркас"",""label"":""Угловая стойка:"",""value"":""Угол усиленный х/к 150х170х3 мм.""},{""section"":""Металлокаркас"",""label"":""Усиление пола:"",""value"":""Сдвоенный металлический уголок, шаг 600 мм.""},{""section"":""Металлокаркас"",""label"":""Дно:"",""value"":""Оцинкованный гладкий лист, толщина 0,45 мм.""},{""section"":""Металлокаркас"",""label"":""Плоская кровля:"",""value"":""Х/к стальной лист 1 мм. Швы проварены сплошным швом, листы окрашены суриком, эмалированы.""},{""section"":""Металлокаркас"",""label"":""Цвет:"",""value"":""RAL 7024, либо другой стандартный цвет.""},{""section"":""Деревянный каркас"",""label"":""Второстепенный каркас потолка:"",""value"":""Доска 100х40 мм, настил из обрезанной доски 25х100 мм.""},{""section"":""Деревянный каркас"",""label"":""Второстепенный каркас пола:"",""value"":""Настил из обрезанной доски 25х100 мм, доска 100х40 мм, настил обрезанная доска 25х100 мм.""},{""section"":""Отделка"",""label"":""Стеновые элементы:"",""value"":""Сэндвич-панель трехслойная заводская, с замком Z - lock, с утеплителем толщиной 100 мм, RAL 9003.""},{""section"":""Отделка"",""label"":""Внутренняя отделка потолка:"",""value"":""ЛДСП 12 мм, цвет белый, панели прокладываются через омега-профилем.""},{""section"":""Отделка"",""label"":""Теплоизоляция пола и потолка:"",""value"":""Рулонная минеральная вата 100 мм пола, потолка, стен, плотность 11 кг/м³""},{""section"":""Отделка"",""label"":""Ветро-парозащита:"",""value"":""Наноизол А-В.""},{""section"":""Отделка"",""label"":""Финишная отделка пола:"",""value"":""ДСП 16 мм.""},{""section"":""Двери"",""label"":""Входная дверь:"",""value"":""Металлическая, утепленная, с врезанным замком и ручкой, размер 800х2000 мм, цвет коричневый, производство «Промет».""},{""section"":""Двери"",""label"":""Межкомнатная дверь:"",""value"":""МДФ «ОЛОВИ», с врезанным замком и ручкой, цвет&nbsp;белый, размер 800х2000 мм.""},{""section"":""Окна"",""label"":""Окно:"",""value"":""ПВХ, однокамерное, цвет белый, размер 900х1100 мм, с поворотно-откидной створкой.""},{""section"":""Дополнительное оборудование"",""label"":""Слаботочные системы (СЛС): оповещение, видеонаблюдение, контроль доступа, охранная сигнализация, LAN и Wi‑Fi."",""value"":""Оставьте заявку для расчета в тендер""},{""section"":""Дополнительное оборудование"",""label"":""Готовы рассмотреть предложения по участию в тендерах по строительству, монтажу и поставке бытовок, блок контейнеров и модульных зданий"",""value"":""Фотографии""}]"
Пост охраны КПП из сэндвич панелей БКПО 05,,794100,Срок изготовления: 2-5 рабочих дней,https://unistroy.pro/post-ohrany-kpp-iz-sendvich-panelej-bkpo-05,"[{""section"":""Общие характеристики"",""label"":""Длина:"",""value"":""3 м.""},{""section"":""Общие характеристики"",""label"":""Ширина:"",""value"":""2,4 м.""},{""section"":""Общие характеристики"",""label"":""Высота:"",""value"":""5 м.""},{""section"":""Общие характеристики"",""label"":""Высота потолков:"",""value"":""2,2 м.""},{""section"":""Общие характеристики"",""label"":""Общая площадь застройки:"",""value"":""7,2 м².""},{""section"":""Общие характеристики"",""label"":""Общая площадь здания:"",""value"":""14,4 м².""},{""section"":""Металлокаркас"",""label"":""Верхняя обвязка"",""value"":""Швеллер сложногнутый х/к 120х50х3 мм.""},{""section"":""Металлокаркас"",""label"":""Нижняя обвязка:"",""value"":""Швеллер х/к 120х50х3 мм.""},{""section"":""Металлокаркас"",""label"":""Угловая стойка:"",""value"":""Угол усиленный х/к 150х170х3 мм.""},{""section"":""Металлокаркас"",""label"":""Усиление пола:"",""value"":""Сдвоенный металлический уголок, шаг 600 мм.""},{""section"":""Металлокаркас"",""label"":""Дно:"",""value"":""Оцинкованный гладкий лист, толщина 0,45 мм.""},{""section"":""Металлокаркас"",""label"":""Плоская кровля:"",""value"":""Х/к стальной лист 1 мм. Швы проварены сплошным швом, листы окрашены суриком, эмалированы.""},{""section"":""Металлокаркас"",""label"":""Цвет:"",""value"":""RAL 7024, либо другой стандартный цвет.""},{""section"":""Деревянный каркас"",""label"":""Второстепенный каркас потолка:"",""value"":""Доска 100х40 мм, настил из обрезанной доски 25х100 мм.""},{""section"":""Деревянный каркас"",""label"":""Второстепенный каркас пола:"",""value"":""Настил из обрезанной доски 25х100 мм, доска 100х40 мм, настил обрезанная доска 25х100 мм.""},{""section"":""Отделка"",""label"":""Стеновые элементы:"",""value"":""Сэндвич-панель трехслойная заводская, с замком Z - lock, с утеплителем толщиной 100 мм, RAL 9003.""},{""section"":""Отделка"",""label"":""Внутренняя отделка потолка:"",""value"":""ЛДСП 12 мм, цвет белый, панели прокладываются через омега-профилем.""},{""section"":""Отделка"",""label"":""Теплоизоляция пола и потолка:"",""value"":""Рулонная минеральная вата 100 мм пола, потолка, стен, плотность 11 кг/м³""},{""section"":""Отделка"",""label"":""Ветро-парозащита:"",""value"":""Наноизол А-В.""},{""section"":""Отделка"",""label"":""Финишная отделка пола:"",""value"":""ДСП 16 мм.""},{""section"":""Двери"",""label"":""Входная дверь:"",""value"":""Металлическая, утепленная, с врезанным замком и ручкой, размер 800х2000 мм, цвет коричневый, производство «Промет».""},{""section"":""Окна"",""label"":""Окно:"",""value"":""ПВХ, однокамерное, цвет белый, размер 900х1100 мм, с поворотно-откидной створкой.""},{""section"":""Лестничная группа"",""label"":""Лестница:"",""value"":""Металлическая лестница с перилами, ступени из просечного листа, перила из проф. трубы.""},{""section"":""Лестничная группа"",""label"":""Площадка:"",""value"":""Металлическая площадка с перилами и стойками, площадка из рифленого листа, перила из проф. трубы, стойки из сложногнутых углов.""},{""section"":""Дополнительное оборудование"",""label"":""Слаботочные системы (СЛС): оповещение, видеонаблюдение, контроль доступа, охранная сигнализация, LAN и Wi‑Fi."",""value"":""Оставьте заявку для расчета в тендер""},{""section"":""Дополнительное оборудование"",""label"":""Готовы рассмотреть предложения по участию в тендерах по строительству, монтажу и поставке бытовок, блок контейнеров и модульных зданий"",""value"":""Фотографии""}]"
Модульное здание МЗ 01,,319800,,https://unistroy.pro/modulnoe-zdanie-mz-01,"[{""section"":""Общие характеристики"",""label"":""Длина:"",""value"":""6 м.""},{""section"":""Общие характеристики"",""label"":""Ширина:"",""value"":""4,8 м.""},{""section"":""Общие характеристики"",""label"":""Высота:"",""value"":""2,5 м.""},{""section"":""Общие характеристики"",""label"":""Высота потолков:"",""value"":""2,2 м.""},{""section"":""Общие характеристики"",""label"":""Общая площадь здания и застройки:"",""value"":""28,8 м².""},{""section"":""Металлокаркас"",""label"":""Верхняя обвязка"",""value"":""Швеллер сложногнутый х/к 120х50х3 мм.""},{""section"":""Металлокаркас"",""label"":""Нижняя обвязка:"",""value"":""Швеллер х/к 120х50х3 мм.""},{""section"":""Металлокаркас"",""label"":""Угловая стойка:"",""value"":""Угол усиленный х/к 90х90х3 мм.""},{""section"":""Металлокаркас"",""label"":""Усиление пола:"",""value"":""Сдвоенный металлический уголок, шаг 1200 мм.""},{""section"":""Металлокаркас"",""label"":""Плоская кровля:"",""value"":""Х/к стальной лист 1 мм. Швы проварены сплошным швом, листы окрашены суриком, эмалированы.""},{""section"":""Металлокаркас"",""label"":""Цвет:"",""value"":""RAL 7024, либо другой стандартный цвет.""},{""section"":""Деревянный каркас"",""label"":""Второстепенный каркас стен:"",""value"":""Доска 100х40 мм 1-ого сорта.""},{""section"":""Деревянный каркас"",""label"":""Второстепенный каркас потолка:"",""value"":""Доска 100х40 мм, настил из обрезанной доски 25х100 мм.""},{""section"":""Деревянный каркас"",""label"":""Второстепенный каркас пола:"",""value"":""Настил из обрезанной доски 25х100 мм, доска 100х40 мм, настил обрезанная доска 25х100 мм.""},{""section"":""Отделка"",""label"":""Наружная обшивка:"",""value"":""Стальной оцинкованный профилированный лист «С8», толщина 0,45 мм.""},{""section"":""Отделка"",""label"":""Теплоизоляция:"",""value"":""Рулонная минеральная вата 50 мм пола, потолка, стен, плотность 11 кг/м³""},{""section"":""Отделка"",""label"":""Ветро-парозащита:"",""value"":""ПВХ пленка, толщиной 80 мкр.""},{""section"":""Отделка"",""label"":""Финишная отделка пола:"",""value"":""ДСП 16 мм.""},{""section"":""Двери"",""label"":""Входная дверь:"",""value"":""Каркасная обшитая ДВП, снаружи обшита гладким оцинкованным листом, с врезанным замком и ручкой, 800х2000 мм.""},{""section"":""Окна"",""label"":""Окно:"",""value"":""Деревянное, с двойным остеклением, размер 1000х1000 мм, с поворотной створкой.""},{""section"":""Дополнительное оборудование"",""label"":""Слаботочные системы (СЛС): оповещение, видеонаблюдение, контроль доступа, охранная сигнализация, LAN и Wi‑Fi."",""value"":""Оставьте заявку для расчета в тендер""},{""section"":""Дополнительное оборудование"",""label"":""Готовы рассмотреть предложения по участию в тендерах по строительству, монтажу и поставке бытовок, блок контейнеров и модульных зданий"",""value"":""Фотографии""}]"
Модульное здание МЗ 02,,326900,,https://unistroy.pro/modulnoe-zdanie-mz-02,"[{""section"":""Общие характеристики"",""label"":""Длина:"",""value"":""6 м.""},{""section"":""Общие характеристики"",""label"":""Ширина:"",""value"":""4,8 м.""},{""section"":""Общие характеристики"",""label"":""Высота:"",""value"":""2,5 м.""},{""section"":""Общие характеристики"",""label"":""Высота потолков:"",""value"":""2,2 м.""},{""section"":""Общие характеристики"",""label"":""Общая площадь здания и застройки:"",""value"":""28,8 м².""},{""section"":""Металлокаркас"",""label"":""Верхняя обвязка"",""value"":""Швеллер сложногнутый х/к 120х50х3 мм.""},{""section"":""Металлокаркас"",""label"":""Нижняя обвязка:"",""value"":""Швеллер х/к 120х50х3 мм.""},{""section"":""Металлокаркас"",""label"":""Угловая стойка:"",""value"":""Угол усиленный х/к 90х90х3 мм.""},{""section"":""Металлокаркас"",""label"":""Усиление пола:"",""value"":""Сдвоенный металлический уголок, шаг 1200 мм.""},{""section"":""Металлокаркас"",""label"":""Плоская кровля:"",""value"":""Х/к стальной лист 1 мм. Швы проварены сплошным швом, листы окрашены суриком, эмалированы.""},{""section"":""Металлокаркас"",""label"":""Цвет:"",""value"":""RAL 7024, либо другой стандартный цвет.""},{""section"":""Деревянный каркас"",""label"":""Второстепенный каркас стен:"",""value"":""Доска 100х40 мм 1-ого сорта.""},{""section"":""Деревянный каркас"",""label"":""Второстепенный каркас потолка:"",""value"":""Доска 100х40 мм, настил из обрезанной доски 25х100 мм.""},{""section"":""Деревянный каркас"",""label"":""Второстепенный каркас пола:"",""value"":""Настил из обрезанной доски 25х100 мм, доска 100х40 мм, настил обрезанная доска 25х100 мм.""},{""section"":""Отделка"",""label"":""Наружная обшивка:"",""value"":""Стальной оцинкованный профилированный лист «С8», толщина 0,45 мм.""},{""section"":""Отделка"",""label"":""Теплоизоляция:"",""value"":""Рулонная минеральная вата 50 мм пола, потолка, стен, плотность 11 кг/м³""},{""section"":""Отделка"",""label"":""Ветро-парозащита:"",""value"":""ПВХ пленка, толщиной 80 мкр.""},{""section"":""Отделка"",""label"":""Финишная отделка пола:"",""value"":""ДСП 16 мм.""},{""section"":""Двери"",""label"":""Входная дверь:"",""value"":""Каркасная обшитая ДВП, снаружи обшита гладким оцинкованным листом, с врезанным замком и ручкой, 800х2000 мм.""},{""section"":""Двери"",""label"":""Межкомнатная дверь:"",""value"":""Каркасная обшитая ДВП, с врезанным замком и ручкой, 800х2000 мм.""},{""section"":""Окна"",""label"":""Окно:"",""value"":""Деревянное, с двойным остеклением, размер 1000х1000 мм, с поворотной створкой.""},{""section"":""Дополнительное оборудование"",""label"":""Слаботочные системы (СЛС): оповещение, видеонаблюдение, контроль доступа, охранная сигнализация, LAN и Wi‑Fi."",""value"":""Оставьте заявку для расчета в тендер""},{""section"":""Дополнительное оборудование"",""label"":""Готовы рассмотреть предложения по участию в тендерах по строительству, монтажу и поставке бытовок, блок контейнеров и модульных зданий"",""value"":""Фотографии""}]"
Модульное здание МЗ 03,,479700,,https://unistroy.pro/modulnoe-zdanie-mz-03,"[{""section"":""Общие характеристики"",""label"":""Длина:"",""value"":""6 м.""},{""section"":""Общие характеристики"",""label"":""Ширина:"",""value"":""7,2 м.""},{""section"":""Общие характеристики"",""label"":""Высота:"",""value"":""2,5 м.""},{""section"":""Общие характеристики"",""label"":""Высота потолков:"",""value"":""2,2 м.""},{""section"":""Общие характеристики"",""label"":""Общая площадь здания и застройки:"",""value"":""43,2 м².""},{""section"":""Металлокаркас"",""label"":""Верхняя обвязка"",""value"":""Швеллер сложногнутый х/к 120х50х3 мм.""},{""section"":""Металлокаркас"",""label"":""Нижняя обвязка:"",""value"":""Швеллер х/к 120х50х3 мм.""},{""section"":""Металлокаркас"",""label"":""Угловая стойка:"",""value"":""Угол усиленный х/к 90х90х3 мм.""},{""section"":""Металлокаркас"",""label"":""Усиление пола:"",""value"":""Сдвоенный металлический уголок, шаг 1200 мм.""},{""section"":""Металлокаркас"",""label"":""Плоская кровля:"",""value"":""Х/к стальной лист 1 мм. Швы проварены сплошным швом, листы окрашены суриком, эмалированы.""},{""section"":""Металлокаркас"",""label"":""Цвет:"",""value"":""RAL 7024, либо другой стандартный цвет.""},{""section"":""Деревянный каркас"",""label"":""Второстепенный каркас стен:"",""value"":""Доска 100х40 мм 1-ого сорта.""},{""section"":""Деревянный каркас"",""label"":""Второстепенный каркас потолка:"",""value"":""Доска 100х40 мм, настил из обрезанной доски 25х100 мм.""},{""section"":""Деревянный каркас"",""label"":""Второстепенный каркас пола:"",""value"":""Настил из обрезанной доски 25х100 мм, доска 100х40 мм, настил обрезанная доска 25х100 мм.""},{""section"":""Отделка"",""label"":""Наружная обшивка:"",""value"":""Стальной оцинкованный профилированный лист «С8», толщина 0,45 мм.""},{""section"":""Отделка"",""label"":""Теплоизоляция:"",""value"":""Рулонная минеральная вата 50 мм пола, потолка, стен, плотность 11 кг/м³""},{""section"":""Отделка"",""label"":""Ветро-парозащита:"",""value"":""ПВХ пленка, толщиной 80 мкр.""},{""section"":""Отделка"",""label"":""Финишная отделка пола:"",""value"":""ДСП 16 мм.""},{""section"":""Двери"",""label"":""Входная дверь:"",""value"":""Каркасная обшитая ДВП, снаружи обшита гладким оцинкованным листом, с врезанным замком и ручкой, 800х2000 мм.""},{""section"":""Окна"",""label"":""Окно:"",""value"":""Деревянное, с двойным остеклением, размер 1000х1000 мм, с поворотной створкой.""},{""section"":""Дополнительное оборудование"",""label"":""Слаботочные системы (СЛС): оповещение, видеонаблюдение, контроль доступа, охранная сигнализация, LAN и Wi‑Fi."",""value"":""Оставьте заявку для расчета в тендер""},{""section"":""Дополнительное оборудование"",""label"":""Готовы рассмотреть предложения по участию в тендерах по строительству, монтажу и поставке бытовок, блок контейнеров и модульных зданий"",""value"":""Фотографии""}]"
Модульное здание МЗ 04,,646600,,https://unistroy.pro/modulnoe-zdanie-mz-04,"[{""section"":""Общие характеристики"",""label"":""Длина:"",""value"":""6 м.""},{""section"":""Общие характеристики"",""label"":""Ширина:"",""value"":""9,6 м.""},{""section"":""Общие характеристики"",""label"":""Высота:"",""value"":""2,5 м.""},{""section"":""Общие характеристики"",""label"":""Высота потолков:"",""value"":""2,2 м.""},{""section"":""Общие характеристики"",""label"":""Общая площадь здания и застройки:"",""value"":""57,6 м².""},{""section"":""Металлокаркас"",""label"":""Верхняя обвязка"",""value"":""Швеллер сложногнутый х/к 120х50х3 мм.""},{""section"":""Металлокаркас"",""label"":""Нижняя обвязка:"",""value"":""Швеллер х/к 120х50х3 мм.""},{""section"":""Металлокаркас"",""label"":""Угловая стойка:"",""value"":""Угол усиленный х/к 90х90х3 мм.""},{""section"":""Металлокаркас"",""label"":""Усиление пола:"",""value"":""Сдвоенный металлический уголок, шаг 1200 мм.""},{""section"":""Металлокаркас"",""label"":""Плоская кровля:"",""value"":""Х/к стальной лист 1 мм. Швы проварены сплошным швом, листы окрашены суриком, эмалированы.""},{""section"":""Металлокаркас"",""label"":""Цвет:"",""value"":""RAL 7024, либо другой стандартный цвет.""},{""section"":""Деревянный каркас"",""label"":""Второстепенный каркас стен:"",""value"":""Доска 100х40 мм 1-ого сорта.""},{""section"":""Деревянный каркас"",""label"":""Второстепенный каркас потолка:"",""value"":""Доска 100х40 мм, настил из обрезанной доски 25х100 мм.""},{""section"":""Деревянный каркас"",""label"":""Второстепенный каркас пола:"",""value"":""Настил из обрезанной доски 25х100 мм, доска 100х40 мм, настил обрезанная доска 25х100 мм.""},{""section"":""Отделка"",""label"":""Наружная обшивка:"",""value"":""Стальной оцинкованный профилированный лист «С8», толщина 0,45 мм.""},{""section"":""Отделка"",""label"":""Теплоизоляция:"",""value"":""Рулонная минеральная вата 50 мм пола, потолка, стен, плотность 11 кг/м³""},{""section"":""Отделка"",""label"":""Ветро-парозащита:"",""value"":""ПВХ пленка, толщиной 80 мкр.""},{""section"":""Отделка"",""label"":""Финишная отделка пола:"",""value"":""ДСП 16 мм.""},{""section"":""Двери"",""label"":""Входная дверь:"",""value"":""Каркасная обшитая ДВП, снаружи обшита гладким оцинкованным листом, с врезанным замком и ручкой, 800х2000 мм.""},{""section"":""Двери"",""label"":""Межкомнатная дверь:"",""value"":""Каркасная обшитая ДВП, с врезанным замком и ручкой, 800х2000 мм.""},{""section"":""Окна"",""label"":""Окно:"",""value"":""Деревянное, с двойным остеклением, размер 1000х1000 мм, с поворотной створкой.""},{""section"":""Дополнительное оборудование"",""label"":""Слаботочные системы (СЛС): оповещение, видеонаблюдение, контроль доступа, охранная сигнализация, LAN и Wi‑Fi."",""value"":""Оставьте заявку для расчета в тендер""},{""section"":""Дополнительное оборудование"",""label"":""Готовы рассмотреть предложения по участию в тендерах по строительству, монтажу и поставке бытовок, блок контейнеров и модульных зданий"",""value"":""Фотографии""}]"
Модульное здание МЗ 05,,811400,,https://unistroy.pro/modulnoe-zdanie-mz-05,"[{""section"":""Общие характеристики"",""label"":""Длина:"",""value"":""6 м.""},{""section"":""Общие характеристики"",""label"":""Ширина:"",""value"":""12 м.""},{""section"":""Общие характеристики"",""label"":""Высота:"",""value"":""2,5 м.""},{""section"":""Общие характеристики"",""label"":""Высота потолков:"",""value"":""2,2 м.""},{""section"":""Общие характеристики"",""label"":""Общая площадь здания и застройки:"",""value"":""72 м².""},{""section"":""Металлокаркас"",""label"":""Верхняя обвязка"",""value"":""Швеллер сложногнутый х/к 120х50х3 мм.""},{""section"":""Металлокаркас"",""label"":""Нижняя обвязка:"",""value"":""Швеллер х/к 120х50х3 мм.""},{""section"":""Металлокаркас"",""label"":""Угловая стойка:"",""value"":""Угол усиленный х/к 90х90х3 мм.""},{""section"":""Металлокаркас"",""label"":""Усиление пола:"",""value"":""Сдвоенный металлический уголок, шаг 1200 мм.""},{""section"":""Металлокаркас"",""label"":""Плоская кровля:"",""value"":""Х/к стальной лист 1 мм. Швы проварены сплошным швом, листы окрашены суриком, эмалированы.""},{""section"":""Металлокаркас"",""label"":""Цвет:"",""value"":""RAL 7024, либо другой стандартный цвет.""},{""section"":""Деревянный каркас"",""label"":""Второстепенный каркас стен:"",""value"":""Доска 100х40 мм 1-ого сорта.""},{""section"":""Деревянный каркас"",""label"":""Второстепенный каркас потолка:"",""value"":""Доска 100х40 мм, настил из обрезанной доски 25х100 мм.""},{""section"":""Деревянный каркас"",""label"":""Второстепенный каркас пола:"",""value"":""Настил из обрезанной доски 25х100 мм, доска 100х40 мм, настил обрезанная доска 25х100 мм.""},{""section"":""Отделка"",""label"":""Наружная обшивка:"",""value"":""Стальной оцинкованный профилированный лист «С8», толщина 0,45 мм.""},{""section"":""Отделка"",""label"":""Теплоизоляция:"",""value"":""Рулонная минеральная вата 50 мм пола, потолка, стен, плотность 11 кг/м³""},{""section"":""Отделка"",""label"":""Ветро-парозащита:"",""value"":""ПВХ пленка, толщиной 80 мкр.""},{""section"":""Отделка"",""label"":""Финишная отделка пола:"",""value"":""ДСП 16 мм.""},{""section"":""Двери"",""label"":""Входная дверь:"",""value"":""Каркасная обшитая ДВП, снаружи обшита гладким оцинкованным листом, с врезанным замком и ручкой, 800х2000 мм.""},{""section"":""Двери"",""label"":""Межкомнатная дверь:"",""value"":""Каркасная обшитая ДВП, с врезанным замком и ручкой, 800х2000 мм.""},{""section"":""Окна"",""label"":""Окно:"",""value"":""Деревянное, с двойным остеклением, размер 1000х1000 мм, с поворотной створкой.""},{""section"":""Дополнительное оборудование"",""label"":""Слаботочные системы (СЛС): оповещение, видеонаблюдение, контроль доступа, охранная сигнализация, LAN и Wi‑Fi."",""value"":""Оставьте заявку для расчета в тендер""},{""section"":""Дополнительное оборудование"",""label"":""Готовы рассмотреть предложения по участию в тендерах по строительству, монтажу и поставке бытовок, блок контейнеров и модульных зданий"",""value"":""Фотографии""}]"
Модульное здание МЗ 06,,918800,,https://unistroy.pro/modulnoe-zdanie-mz-06,"[{""section"":""Общие характеристики"",""label"":""Длина:"",""value"":""6 м.""},{""section"":""Общие характеристики"",""label"":""Ширина:"",""value"":""4,8 м.""},{""section"":""Общие характеристики"",""label"":""Высота:"",""value"":""5,5 м.""},{""section"":""Общие характеристики"",""label"":""Высота кровли:"",""value"":""0,5 м.""},{""section"":""Общие характеристики"",""label"":""Высота потолков:"",""value"":""2,2 м.""},{""section"":""Общие характеристики"",""label"":""Общая площадь застройки:"",""value"":""28,8 м².""},{""section"":""Общие характеристики"",""label"":""Общая площадь здания:"",""value"":""57,6 м².""},{""section"":""Металлокаркас"",""label"":""Верхняя обвязка"",""value"":""Швеллер сложногнутый х/к 120х50х3 мм.""},{""section"":""Металлокаркас"",""label"":""Нижняя обвязка:"",""value"":""Швеллер х/к 120х50х3 мм.""},{""section"":""Металлокаркас"",""label"":""Угловая стойка:"",""value"":""Угол усиленный х/к 90х90х3 мм.""},{""section"":""Металлокаркас"",""label"":""Усиление пола:"",""value"":""Сдвоенный металлический уголок, шаг 600 мм.""},{""section"":""Металлокаркас"",""label"":""Плоская кровля:"",""value"":""Х/к стальной лист 1 мм. Швы проварены сплошным швом, листы окрашены суриком, эмалированы.""},{""section"":""Металлокаркас"",""label"":""Цвет:"",""value"":""RAL 7024, либо другой стандартный цвет.""},{""section"":""Деревянный каркас"",""label"":""Второстепенный каркас стен:"",""value"":""Доска 100х40 мм 1-ого сорта.""},{""section"":""Деревянный каркас"",""label"":""Второстепенный каркас потолка:"",""value"":""Доска 100х40 мм, настил из обрезанной доски 25х100 мм.""},{""section"":""Деревянный каркас"",""label"":""Второстепенный каркас пола:"",""value"":""Настил из обрезанной доски 25х100 мм, доска 100х40 мм, настил обрезанная доска 25х100 мм.""},{""section"":""Отделка"",""label"":""Наружная обшивка:"",""value"":""Стальной оцинкованный профилированный лист «С8», толщина 0,45 мм.""},{""section"":""Отделка"",""label"":""Теплоизоляция:"",""value"":""Рулонная минеральная вата 50 мм пола, потолка, стен, плотность 11 кг/м³""},{""section"":""Отделка"",""label"":""Ветро-парозащита:"",""value"":""ПВХ пленка, толщиной 80 мкр.""},{""section"":""Отделка"",""label"":""Финишная отделка пола:"",""value"":""ДСП 16 мм.""},{""section"":""Двери"",""label"":""Входная дверь:"",""value"":""Каркасная обшитая ДВП, снаружи обшита гладким оцинкованным листом, с врезанным замком и ручкой, 800х2000 мм.""},{""section"":""Окна"",""label"":""Окно:"",""value"":""Деревянное, с двойным остеклением, размер 1000х1000 мм, с поворотной створкой.""},{""section"":""Лестничная группа"",""label"":""Лестница:"",""value"":""Металлическая лестница с перилами, ступени из просечного листа, перила из проф. трубы.""},{""section"":""Лестничная группа"",""label"":""Площадка:"",""value"":""Металлическая площадка с перилами и стойками, площадка из рифленого листа, перила из проф. трубы, стойки из сложногнутых углов.""},{""section"":""Скатная кровля"",""label"":""Кровля:"",""value"":""Кровля двускатная, стропильная система состоит из ферм и прогонов из обрезной доски. Для дополнительной вентиляции предусмотрены вент. решетки. Покрытие кровли профлист «С20» RAL 5005. Покрытие фронтонов оцинкованный профлист «С8».""},{""section"":""Дополнительное оборудование"",""label"":""Слаботочные системы (СЛС): оповещение, видеонаблюдение, контроль доступа, охранная сигнализация, LAN и Wi‑Fi."",""value"":""Оставьте заявку для расчета в тендер""},{""section"":""Дополнительное оборудование"",""label"":""Готовы рассмотреть предложения по участию в тендерах по строительству, монтажу и поставке бытовок, блок контейнеров и модульных зданий"",""value"":""Фотографии""}]"
Модульное здание общежитие МЗ 07,,4554700,,https://unistroy.pro/modulnoe-zdanie-obshhezhitie-mz-07,"[{""section"":""Общие характеристики"",""label"":""Длина:"",""value"":""6 м.""},{""section"":""Общие характеристики"",""label"":""Ширина:"",""value"":""19,2 м.""},{""section"":""Общие характеристики"",""label"":""Высота:"",""value"":""6,8 м.""},{""section"":""Общие характеристики"",""label"":""Высота кровли:"",""value"":""1,8 м.""},{""section"":""Общие характеристики"",""label"":""Высота потолков:"",""value"":""2,2 м.""},{""section"":""Общие характеристики"",""label"":""Общая площадь застройки:"",""value"":""115,2 м².""},{""section"":""Общие характеристики"",""label"":""Общая площадь здания:"",""value"":""230,4 м².""},{""section"":""Металлокаркас"",""label"":""Верхняя обвязка"",""value"":""Швеллер сложногнутый х/к 120х50х3 мм.""},{""section"":""Металлокаркас"",""label"":""Нижняя обвязка:"",""value"":""Швеллер х/к 120х50х3 мм.""},{""section"":""Металлокаркас"",""label"":""Угловая стойка:"",""value"":""Угол усиленный х/к 90х90х3 мм.""},{""section"":""Металлокаркас"",""label"":""Усиление пола:"",""value"":""Сдвоенный металлический уголок, шаг 600 мм.""},{""section"":""Металлокаркас"",""label"":""Плоская кровля:"",""value"":""Х/к стальной лист 1 мм. Швы проварены сплошным швом, листы окрашены суриком, эмалированы.""},{""section"":""Металлокаркас"",""label"":""Цвет:"",""value"":""RAL 7024, либо другой стандартный цвет.""},{""section"":""Деревянный каркас"",""label"":""Второстепенный каркас стен:"",""value"":""Доска 100х40 мм 1-ого сорта.""},{""section"":""Деревянный каркас"",""label"":""Второстепенный каркас потолка:"",""value"":""Доска 100х40 мм, настил из обрезанной доски 25х100 мм.""},{""section"":""Деревянный каркас"",""label"":""Второстепенный каркас пола:"",""value"":""Настил из обрезанной доски 25х100 мм, доска 100х40 мм, настил обрезанная доска 25х100 мм.""},{""section"":""Отделка"",""label"":""Наружная обшивка:"",""value"":""Стальной оцинкованный профилированный лист «С8», толщина 0,45 мм.""},{""section"":""Отделка"",""label"":""Теплоизоляция:"",""value"":""Рулонная минеральная вата 50 мм пола, потолка, стен, плотность 11 кг/м³""},{""section"":""Отделка"",""label"":""Ветро-парозащита:"",""value"":""ПВХ пленка, толщиной 80 мкр.""},{""section"":""Отделка"",""label"":""Финишная отделка пола:"",""value"":""ДСП 16 мм.""},{""section"":""Отделка"",""label"":""Отделка стен сантех. узлов"",""value"":""ВЛДСП цвет белый 16 мм.""},{""section"":""Отделка"",""label"":""Отделка потолка сантех. узлов"",""value"":""ПВХ панели, цвет белый.""},{""section"":""Двери"",""label"":""Входная дверь:"",""value"":""Каркасная обшитая ДВП, снаружи обшита гладким оцинкованным листом, с врезанным замком и ручкой, 800х2000 мм.""},{""section"":""Двери"",""label"":""Межкомнатная дверь:"",""value"":""Каркасная обшитая ДВП, с врезанным замком и ручкой, 800х2000 мм.""},{""section"":""Сантехника"",""label"":""Туалет:"",""value"":""Унитаз Компакт со сливным бачком.""},{""section"":""Сантехника"",""label"":""Душ:"",""value"":""Душевой поддон металлический 800х800 мм.""},{""section"":""Сантехника"",""label"":""Раковина:"",""value"":""Раковина фаянс со смесителем.""},{""section"":""Сантехника"",""label"":""Туалетная и душевая кабинка:"",""value"":""Выполненные из ЛДСП белого цвета на металлических каркасах.""},{""section"":""Сантехника"",""label"":""Инженерные системы:"",""value"":""Разводка водоснабжения и канализации, вывод на контур здания.""},{""section"":""Лестничная группа"",""label"":""Лестница:"",""value"":""Металлическая лестница с перилами, ступени из просечного листа, перила из проф. трубы.""},{""section"":""Лестничная группа"",""label"":""Площадка:"",""value"":""Металлическая площадка с перилами и стойками, площадка из рифленого листа, перила из проф. трубы, стойки из сложногнутых углов.""},{""section"":""Скатная кровля"",""label"":""Кровля:"",""value"":""Кровля двускатная, стропильная система состоит из ферм и прогонов из обрезной доски. Для дополнительной вентиляции предусмотрены вент. решетки. Покрытие кровли профлист «С20» RAL 5005. Покрытие фронтонов оцинкованный профлист «С8».""},{""section"":""Дополнительное оборудование"",""label"":""Слаботочные системы (СЛС): оповещение, видеонаблюдение, контроль доступа, охранная сигнализация, LAN и Wi‑Fi."",""value"":""Оставьте заявку для расчета в тендер""},{""section"":""Дополнительное оборудование"",""label"":""Готовы рассмотреть предложения по участию в тендерах по строительству, монтажу и поставке бытовок, блок контейнеров и модульных зданий"",""value"":""Фотографии""}]"
Модульное здание общежитие МЗ 08,,2939600,,https://unistroy.pro/modulnoe-zdanie-obshhezhitie-mz-08,"[{""section"":""Общие характеристики"",""label"":""Длина:"",""value"":""6 м.""},{""section"":""Общие характеристики"",""label"":""Ширина:"",""value"":""24 м.""},{""section"":""Общие характеристики"",""label"":""Высота:"",""value"":""3,1 м.""},{""section"":""Общие характеристики"",""label"":""Высота кровли:"",""value"":""0,6 м.""},{""section"":""Общие характеристики"",""label"":""Высота потолков:"",""value"":""2,2 м.""},{""section"":""Общие характеристики"",""label"":""Общая площадь здания и застройки:"",""value"":""144 м².""},{""section"":""Металлокаркас"",""label"":""Верхняя обвязка"",""value"":""Швеллер сложногнутый х/к 120х50х3 мм.""},{""section"":""Металлокаркас"",""label"":""Нижняя обвязка:"",""value"":""Швеллер х/к 120х50х3 мм.""},{""section"":""Металлокаркас"",""label"":""Угловая стойка:"",""value"":""Угол усиленный х/к 90х90х3 мм.""},{""section"":""Металлокаркас"",""label"":""Усиление пола:"",""value"":""Сдвоенный металлический уголок, шаг 600 мм.""},{""section"":""Металлокаркас"",""label"":""Плоская кровля:"",""value"":""Х/к стальной лист 1 мм. Швы проварены сплошным швом, листы окрашены суриком, эмалированы.""},{""section"":""Металлокаркас"",""label"":""Цвет:"",""value"":""RAL 7024, либо другой стандартный цвет.""},{""section"":""Деревянный каркас"",""label"":""Второстепенный каркас стен:"",""value"":""Доска 100х40 мм 1-ого сорта.""},{""section"":""Деревянный каркас"",""label"":""Второстепенный каркас потолка:"",""value"":""Доска 100х40 мм, настил из обрезанной доски 25х100 мм.""},{""section"":""Деревянный каркас"",""label"":""Второстепенный каркас пола:"",""value"":""Настил из обрезанной доски 25х100 мм, доска 100х40 мм, настил обрезанная доска 25х100 мм.""},{""section"":""Отделка"",""label"":""Наружная обшивка:"",""value"":""Стальной оцинкованный профилированный лист «С8», толщина 0,45 мм.""},{""section"":""Отделка"",""label"":""Теплоизоляция:"",""value"":""Рулонная минеральная вата 50 мм пола, потолка, стен, плотность 11 кг/м³""},{""section"":""Отделка"",""label"":""Ветро-парозащита:"",""value"":""ПВХ пленка, толщиной 80 мкр.""},{""section"":""Отделка"",""label"":""Финишная отделка пола:"",""value"":""ДСП 16 мм.""},{""section"":""Отделка"",""label"":""Отделка стен сантех. узлов"",""value"":""ВЛДСП цвет белый 16 мм.""},{""section"":""Отделка"",""label"":""Отделка потолка сантех. узлов"",""value"":""ПВХ панели, цвет белый.""},{""section"":""Двери"",""label"":""Входная дверь:"",""value"":""Каркасная обшитая ДВП, снаружи обшита гладким оцинкованным листом, с врезанным замком и ручкой, 800х2000 мм.""},{""section"":""Двери"",""label"":""Межкомнатная дверь:"",""value"":""Каркасная обшитая ДВП, с врезанным замком и ручкой, 800х2000 мм.""},{""section"":""Сантехника"",""label"":""Туалет:"",""value"":""Унитаз Компакт со сливным бачком.""},{""section"":""Сантехника"",""label"":""Душ:"",""value"":""Душевой поддон металлический 800х800 мм.""},{""section"":""Сантехника"",""label"":""Раковина:"",""value"":""Раковина фаянс со смесителем.""},{""section"":""Сантехника"",""label"":""Туалетная и душевая кабинка:"",""value"":""Выполненные из ЛДСП белого цвета на металлических каркасах.""},{""section"":""Сантехника"",""label"":""Инженерные системы:"",""value"":""Разводка водоснабжения и канализации, вывод на контур здания.""},{""section"":""Скатная кровля"",""label"":""Кровля:"",""value"":""Кровля двускатная, стропильная система состоит из ферм и прогонов из обрезной доски. Для дополнительной вентиляции предусмотрены вент. решетки. Покрытие кровли профлист «С20» RAL 5005. Покрытие фронтонов оцинкованный профлист «С8».""},{""section"":""Дополнительное оборудование"",""label"":""Слаботочные системы (СЛС): оповещение, видеонаблюдение, контроль доступа, охранная сигнализация, LAN и Wi‑Fi."",""value"":""Оставьте заявку для расчета в тендер""},{""section"":""Дополнительное оборудование"",""label"":""Готовы рассмотреть предложения по участию в тендерах по строительству, монтажу и поставке бытовок, блок контейнеров и модульных зданий"",""value"":""Фотографии""}]"
Модульное здание столовая МЗ 09,,1074700,,https://unistroy.pro/modulnoe-zdanie-stolovaya-mz-09,"[{""section"":""Общие характеристики"",""label"":""Длина:"",""value"":""6 м.""},{""section"":""Общие характеристики"",""label"":""Ширина:"",""value"":""9,6 м.""},{""section"":""Общие характеристики"",""label"":""Высота:"",""value"":""4 м.""},{""section"":""Общие характеристики"",""label"":""Высота кровли:"",""value"":""1,5 м.""},{""section"":""Общие характеристики"",""label"":""Высота потолков:"",""value"":""2,2 м.""},{""section"":""Общие характеристики"",""label"":""Общая площадь здания и застройки:"",""value"":""57,6 м².""},{""section"":""Металлокаркас"",""label"":""Верхняя обвязка"",""value"":""Швеллер сложногнутый х/к 120х50х3 мм.""},{""section"":""Металлокаркас"",""label"":""Нижняя обвязка:"",""value"":""Швеллер х/к 120х50х3 мм.""},{""section"":""Металлокаркас"",""label"":""Угловая стойка:"",""value"":""Угол усиленный х/к 90х90х3 мм.""},{""section"":""Металлокаркас"",""label"":""Усиление пола:"",""value"":""Сдвоенный металлический уголок, шаг 600 мм.""},{""section"":""Металлокаркас"",""label"":""Плоская кровля:"",""value"":""Х/к стальной лист 1 мм. Швы проварены сплошным швом, листы окрашены суриком, эмалированы.""},{""section"":""Металлокаркас"",""label"":""Цвет:"",""value"":""RAL 7024, либо другой стандартный цвет.""},{""section"":""Деревянный каркас"",""label"":""Второстепенный каркас стен:"",""value"":""Доска 100х40 мм 1-ого сорта.""},{""section"":""Деревянный каркас"",""label"":""Второстепенный каркас потолка:"",""value"":""Доска 100х40 мм, настил из обрезанной доски 25х100 мм.""},{""section"":""Деревянный каркас"",""label"":""Второстепенный каркас пола:"",""value"":""Настил из обрезанной доски 25х100 мм, доска 100х40 мм, настил обрезанная доска 25х100 мм.""},{""section"":""Отделка"",""label"":""Наружная обшивка:"",""value"":""Стальной оцинкованный профилированный лист «С8», толщина 0,45 мм.""},{""section"":""Отделка"",""label"":""Теплоизоляция:"",""value"":""Рулонная минеральная вата 50 мм пола, потолка, стен, плотность 11 кг/м³""},{""section"":""Отделка"",""label"":""Ветро-парозащита:"",""value"":""ПВХ пленка, толщиной 80 мкр.""},{""section"":""Отделка"",""label"":""Финишная отделка пола:"",""value"":""ДСП 16 мм.""},{""section"":""Двери"",""label"":""Входная дверь:"",""value"":""Каркасная обшитая ДВП, снаружи обшита гладким оцинкованным листом, с врезанным замком и ручкой, 800х2000 мм.""},{""section"":""Двери"",""label"":""Межкомнатная дверь:"",""value"":""Каркасная обшитая ДВП, с врезанным замком и ручкой, 800х2000 мм.""},{""section"":""Сантехника"",""label"":""Туалет:"",""value"":""Унитаз Компакт со сливным бачком.""},{""section"":""Сантехника"",""label"":""Раковина:"",""value"":""Раковина фаянс со смесителем.""},{""section"":""Сантехника"",""label"":""Инженерные системы:"",""value"":""Разводка водоснабжения и канализации, вывод на контур здания.""},{""section"":""Скатная кровля"",""label"":""Кровля:"",""value"":""Кровля односкатная, стропильная система состоит из ферм и прогонов из обрезной доски. Для дополнительной вентиляции предусмотрены вент. решетки. Покрытие кровли профлист «С20» RAL 5005. Покрытие фронтонов оцинкованный профлист «С8».""},{""section"":""Дополнительное оборудование"",""label"":""Слаботочные системы (СЛС): оповещение, видеонаблюдение, контроль доступа, охранная сигнализация, LAN и Wi‑Fi."",""value"":""Оставьте заявку для расчета в тендер""},{""section"":""Дополнительное оборудование"",""label"":""Готовы рассмотреть предложения по участию в тендерах по строительству, монтажу и поставке бытовок, блок контейнеров и модульных зданий"",""value"":""Фотографии""}]"
Модульное здание столовая МЗ 10,,1018400,,https://unistroy.pro/modulnoe-zdanie-stolovaya-mz-10,"[{""section"":""Общие характеристики"",""label"":""Длина:"",""value"":""6 м.""},{""section"":""Общие характеристики"",""label"":""Ширина:"",""value"":""14,4 м.""},{""section"":""Общие характеристики"",""label"":""Высота:"",""value"":""2,5 м.""},{""section"":""Общие характеристики"",""label"":""Высота потолков:"",""value"":""2,2 м.""},{""section"":""Общие характеристики"",""label"":""Общая площадь здания и застройки:"",""value"":""86,4 м².""},{""section"":""Металлокаркас"",""label"":""Верхняя обвязка"",""value"":""Швеллер сложногнутый х/к 120х50х3 мм.""},{""section"":""Металлокаркас"",""label"":""Нижняя обвязка:"",""value"":""Швеллер х/к 120х50х3 мм.""},{""section"":""Металлокаркас"",""label"":""Угловая стойка:"",""value"":""Угол усиленный х/к 90х90х3 мм.""},{""section"":""Металлокаркас"",""label"":""Усиление пола:"",""value"":""Сдвоенный металлический уголок, шаг 600 мм.""},{""section"":""Металлокаркас"",""label"":""Плоская кровля:"",""value"":""Х/к стальной лист 1 мм. Швы проварены сплошным швом, листы окрашены суриком, эмалированы.""},{""section"":""Металлокаркас"",""label"":""Цвет:"",""value"":""RAL 7024, либо другой стандартный цвет.""},{""section"":""Деревянный каркас"",""label"":""Второстепенный каркас стен:"",""value"":""Доска 100х40 мм 1-ого сорта.""},{""section"":""Деревянный каркас"",""label"":""Второстепенный каркас потолка:"",""value"":""Доска 100х40 мм, настил из обрезанной доски 25х100 мм.""},{""section"":""Деревянный каркас"",""label"":""Второстепенный каркас пола:"",""value"":""Настил из обрезанной доски 25х100 мм, доска 100х40 мм, настил обрезанная доска 25х100 мм.""},{""section"":""Отделка"",""label"":""Наружная обшивка:"",""value"":""Стальной оцинкованный профилированный лист «С8», толщина 0,45 мм.""},{""section"":""Отделка"",""label"":""Теплоизоляция:"",""value"":""Рулонная минеральная вата 50 мм пола, потолка, стен, плотность 11 кг/м³""},{""section"":""Отделка"",""label"":""Ветро-парозащита:"",""value"":""ПВХ пленка, толщиной 80 мкр.""},{""section"":""Отделка"",""label"":""Финишная отделка пола:"",""value"":""ДСП 16 мм.""},{""section"":""Двери"",""label"":""Входная дверь:"",""value"":""Каркасная обшитая ДВП, снаружи обшита гладким оцинкованным листом, с врезанным замком и ручкой, 800х2000 мм.""},{""section"":""Двери"",""label"":""Межкомнатная дверь:"",""value"":""Каркасная обшитая ДВП, с врезанным замком и ручкой, 800х2000 мм.""},{""section"":""Окна"",""label"":""Окно:"",""value"":""Деревянное, с двойным остеклением, размер 1000х1000 мм, с поворотной створкой.""},{""section"":""Дополнительное оборудование"",""label"":""Слаботочные системы (СЛС): оповещение, видеонаблюдение, контроль доступа, охранная сигнализация, LAN и Wi‑Fi."",""value"":""Оставьте заявку для расчета в тендер""},{""section"":""Дополнительное оборудование"",""label"":""Готовы рассмотреть предложения по участию в тендерах по строительству, монтажу и поставке бытовок, блок контейнеров и модульных зданий"",""value"":""Фотографии""}]"
Модульное здание МЗ 11,,4876000,,https://unistroy.pro/modulnoe-zdanie-mz-11,"[{""section"":""Общие характеристики"",""label"":""Длина:"",""value"":""16,8 м.""},{""section"":""Общие характеристики"",""label"":""Ширина:"",""value"":""14 м.""},{""section"":""Общие характеристики"",""label"":""Высота:"",""value"":""2,5 м.""},{""section"":""Общие характеристики"",""label"":""Высота кровли:"",""value"":""1,5 м.""},{""section"":""Общие характеристики"",""label"":""Высота потолков:"",""value"":""2,2 м.""},{""section"":""Общие характеристики"",""label"":""Общая площадь здания и застройки:"",""value"":""235,2 м².""},{""section"":""Металлокаркас"",""label"":""Верхняя обвязка"",""value"":""Швеллер сложногнутый х/к 120х50х3 мм.""},{""section"":""Металлокаркас"",""label"":""Нижняя обвязка:"",""value"":""Швеллер х/к 120х50х3 мм.""},{""section"":""Металлокаркас"",""label"":""Угловая стойка:"",""value"":""Угол усиленный х/к 90х90х3 мм.""},{""section"":""Металлокаркас"",""label"":""Усиление пола:"",""value"":""Сдвоенный металлический уголок, шаг 600 мм.""},{""section"":""Металлокаркас"",""label"":""Плоская кровля:"",""value"":""Х/к стальной лист 1 мм. Швы проварены сплошным швом, листы окрашены суриком, эмалированы.""},{""section"":""Металлокаркас"",""label"":""Цвет:"",""value"":""RAL 7024, либо другой стандартный цвет.""},{""section"":""Деревянный каркас"",""label"":""Второстепенный каркас стен:"",""value"":""Доска 100х40 мм 1-ого сорта.""},{""section"":""Деревянный каркас"",""label"":""Второстепенный каркас потолка:"",""value"":""Доска 100х40 мм, настил из обрезанной доски 25х100 мм.""},{""section"":""Деревянный каркас"",""label"":""Второстепенный каркас пола:"",""value"":""Настил из обрезанной доски 25х100 мм, доска 100х40 мм, настил обрезанная доска 25х100 мм.""},{""section"":""Отделка"",""label"":""Наружная обшивка:"",""value"":""Стальной оцинкованный профилированный лист «С8», толщина 0,45 мм.""},{""section"":""Отделка"",""label"":""Теплоизоляция:"",""value"":""Рулонная минеральная вата 50 мм пола, потолка, стен, плотность 11 кг/м³""},{""section"":""Отделка"",""label"":""Ветро-парозащита:"",""value"":""ПВХ пленка, толщиной 80 мкр.""},{""section"":""Отделка"",""label"":""Финишная отделка пола:"",""value"":""ДСП 16 мм.""},{""section"":""Отделка"",""label"":""Отделка стен сантех. узлов"",""value"":""ВЛДСП цвет белый 16 мм.""},{""section"":""Отделка"",""label"":""Отделка потолка сантех. узлов"",""value"":""ПВХ панели, цвет белый.""},{""section"":""Двери"",""label"":""Входная дверь:"",""value"":""Каркасная обшитая ДВП, снаружи обшита гладким оцинкованным листом, с врезанным замком и ручкой, 800х2000 мм.""},{""section"":""Двери"",""label"":""Межкомнатная дверь:"",""value"":""Каркасная обшитая ДВП, с врезанным замком и ручкой, 800х2000 мм.""},{""section"":""Сантехника"",""label"":""Туалет:"",""value"":""Унитаз Компакт со сливным бачком.""},{""section"":""Сантехника"",""label"":""Душ:"",""value"":""Душевой поддон металлический 800х800 мм.""},{""section"":""Сантехника"",""label"":""Раковина:"",""value"":""Раковина фаянс со смесителем.""},{""section"":""Сантехника"",""label"":""Туалетная и душевая кабинка:"",""value"":""Выполненные из ЛДСП белого цвета на металлических каркасах.""},{""section"":""Сантехника"",""label"":""Инженерные системы:"",""value"":""Разводка водоснабжения и канализации, вывод на контур здания.""},{""section"":""Скатная кровля"",""label"":""Кровля:"",""value"":""Кровля двускатная, стропильная система состоит из ферм и прогонов из обрезной доски. Для дополнительной вентиляции предусмотрены вент. решетки. Покрытие кровли профлист «С20» RAL 5005. Покрытие фронтонов оцинкованный профлист «С8». Высота конька – 1800 мм.""},{""section"":""Дополнительное оборудование"",""label"":""Слаботочные системы (СЛС): оповещение, видеонаблюдение, контроль доступа, охранная сигнализация, LAN и Wi‑Fi."",""value"":""Оставьте заявку для расчета в тендер""},{""section"":""Дополнительное оборудование"",""label"":""Готовы рассмотреть предложения по участию в тендерах по строительству, монтажу и поставке бытовок, блок контейнеров и модульных зданий"",""value"":""Фотографии""}]"
Модульное здание МЗ 12,,479600,,https://unistroy.pro/modulnoe-zdanie-mz-12,"[{""section"":""Общие характеристики"",""label"":""Длина:"",""value"":""6 м.""},{""section"":""Общие характеристики"",""label"":""Ширина:"",""value"":""4,8 м.""},{""section"":""Общие характеристики"",""label"":""Высота:"",""value"":""2,5 м.""},{""section"":""Общие характеристики"",""label"":""Высота потолков:"",""value"":""2,2 м.""},{""section"":""Общие характеристики"",""label"":""Общая площадь здания и застройки:"",""value"":""28,8 м².""},{""section"":""Металлокаркас"",""label"":""Верхняя обвязка"",""value"":""Швеллер сложногнутый х/к 120х50х3 мм.""},{""section"":""Металлокаркас"",""label"":""Нижняя обвязка:"",""value"":""Швеллер х/к 120х50х3 мм.""},{""section"":""Металлокаркас"",""label"":""Угловая стойка:"",""value"":""Угол усиленный х/к 90х90х3 мм.""},{""section"":""Металлокаркас"",""label"":""Усиление пола:"",""value"":""Сдвоенный металлический уголок, шаг 1200 мм.""},{""section"":""Металлокаркас"",""label"":""Плоская кровля:"",""value"":""Х/к стальной лист 1 мм. Швы проварены сплошным швом, листы окрашены суриком, эмалированы.""},{""section"":""Металлокаркас"",""label"":""Цвет:"",""value"":""RAL 7024, либо другой стандартный цвет.""},{""section"":""Деревянный каркас"",""label"":""Второстепенный каркас стен:"",""value"":""Доска 100х40 мм 1-ого сорта.""},{""section"":""Деревянный каркас"",""label"":""Второстепенный каркас потолка:"",""value"":""Доска 100х40 мм, настил из обрезанной доски 25х100 мм.""},{""section"":""Деревянный каркас"",""label"":""Второстепенный каркас пола:"",""value"":""Настил из обрезанной доски 25х100 мм, доска 100х40 мм, настил обрезанная доска 25х100 мм.""},{""section"":""Отделка"",""label"":""Наружная обшивка:"",""value"":""Стальной оцинкованный профилированный лист «С8», толщина 0,45 мм.""},{""section"":""Отделка"",""label"":""Теплоизоляция:"",""value"":""Рулонная минеральная вата 50 мм пола, потолка, стен, плотность 11 кг/м³""},{""section"":""Отделка"",""label"":""Ветро-парозащита:"",""value"":""ПВХ пленка, толщиной 80 мкр.""},{""section"":""Отделка"",""label"":""Финишная отделка пола:"",""value"":""ДСП 16 мм.""},{""section"":""Отделка"",""label"":""Отделка стен сантех. узлов"",""value"":""ВЛДСП цвет белый 16 мм.""},{""section"":""Отделка"",""label"":""Отделка потолка сантех. узлов"",""value"":""ПВХ панели, цвет белый.""},{""section"":""Двери"",""label"":""Входная дверь:"",""value"":""Каркасная обшитая ДВП, снаружи обшита гладким оцинкованным листом, с врезанным замком и ручкой, 800х2000 мм.""},{""section"":""Двери"",""label"":""Межкомнатная дверь:"",""value"":""Каркасная обшитая ДВП, с врезанным замком и ручкой, 800х2000 мм.""},{""section"":""Сантехника"",""label"":""Туалет:"",""value"":""Унитаз Компакт со сливным бачком.""},{""section"":""Сантехника"",""label"":""Душ:"",""value"":""Душевой поддон металлический 800х800 мм.""},{""section"":""Сантехника"",""label"":""Раковина:"",""value"":""Раковина фаянс со смесителем.""},{""section"":""Сантехника"",""label"":""Душевая кабинка:"",""value"":""Выполненные из ЛДСП белого цвета на металлических каркасах.""},{""section"":""Сантехника"",""label"":""Инженерные системы:"",""value"":""Разводка водоснабжения и канализации, вывод на контур здания.""},{""section"":""Дополнительное оборудование"",""label"":""Слаботочные системы (СЛС): оповещение, видеонаблюдение, контроль доступа, охранная сигнализация, LAN и Wi‑Fi."",""value"":""Оставьте заявку для расчета в тендер""},{""section"":""Дополнительное оборудование"",""label"":""Готовы рассмотреть предложения по участию в тендерах по строительству, монтажу и поставке бытовок, блок контейнеров и модульных зданий"",""value"":""Фотографии""}]"
Модульное здание общежитие МЗ 13,,21308200,,https://unistroy.pro/modulnoe-zdanie-obshhezhitie-mz-13,"[{""section"":""Общие характеристики"",""label"":""Длина:"",""value"":""26,4 м.""},{""section"":""Общие характеристики"",""label"":""Ширина:"",""value"":""14 м.""},{""section"":""Общие характеристики"",""label"":""Высота:"",""value"":""7,5 м.""},{""section"":""Общие характеристики"",""label"":""Высота кровли:"",""value"":""1,5 м.""},{""section"":""Общие характеристики"",""label"":""Высота потолков:"",""value"":""2,2 м.""},{""section"":""Общие характеристики"",""label"":""Общая площадь застройки:"",""value"":""369,6 м².""},{""section"":""Общие характеристики"",""label"":""Общая площадь здания:"",""value"":""1108,8 м².""},{""section"":""Металлокаркас"",""label"":""Верхняя обвязка"",""value"":""Швеллер сложногнутый х/к 120х50х3 мм.""},{""section"":""Металлокаркас"",""label"":""Нижняя обвязка:"",""value"":""Швеллер х/к 120х50х3 мм.""},{""section"":""Металлокаркас"",""label"":""Угловая стойка:"",""value"":""Угол усиленный х/к 90х90х3 мм.""},{""section"":""Металлокаркас"",""label"":""Усиление пола:"",""value"":""Сдвоенный металлический уголок, шаг 600 мм.""},{""section"":""Металлокаркас"",""label"":""Плоская кровля:"",""value"":""Х/к стальной лист 1 мм. Швы проварены сплошным швом, листы окрашены суриком, эмалированы.""},{""section"":""Металлокаркас"",""label"":""Цвет:"",""value"":""RAL 7024, либо другой стандартный цвет.""},{""section"":""Деревянный каркас"",""label"":""Второстепенный каркас стен:"",""value"":""Доска 100х40 мм 1-ого сорта.""},{""section"":""Деревянный каркас"",""label"":""Второстепенный каркас потолка:"",""value"":""Доска 100х40 мм, настил из обрезанной доски 25х100 мм.""},{""section"":""Деревянный каркас"",""label"":""Второстепенный каркас пола:"",""value"":""Настил из обрезанной доски 25х100 мм, доска 100х40 мм, настил обрезанная доска 25х100 мм.""},{""section"":""Отделка"",""label"":""Наружная обшивка:"",""value"":""Стальной оцинкованный профилированный лист «С8», толщина 0,45 мм.""},{""section"":""Отделка"",""label"":""Теплоизоляция:"",""value"":""Рулонная минеральная вата 50 мм пола, потолка, стен, плотность 11 кг/м³""},{""section"":""Отделка"",""label"":""Ветро-парозащита:"",""value"":""ПВХ пленка, толщиной 80 мкр.""},{""section"":""Отделка"",""label"":""Финишная отделка пола:"",""value"":""ДСП 16 мм.""},{""section"":""Отделка"",""label"":""Отделка стен сантех. узлов"",""value"":""ВЛДСП цвет белый 16 мм.""},{""section"":""Отделка"",""label"":""Отделка потолка сантех. узлов"",""value"":""ПВХ панели, цвет белый.""},{""section"":""Двери"",""label"":""Входная дверь:"",""value"":""Каркасная обшитая ДВП, снаружи обшита гладким оцинкованным листом, с врезанным замком и ручкой, 800х2000 мм.""},{""section"":""Двери"",""label"":""Межкомнатная дверь:"",""value"":""Каркасная обшитая ДВП, с врезанным замком и ручкой, 800х2000 мм.""},{""section"":""Сантехника"",""label"":""Туалет:"",""value"":""Унитаз Компакт со сливным бачком.""},{""section"":""Сантехника"",""label"":""Душ:"",""value"":""Душевой поддон металлический 800х800 мм.""},{""section"":""Сантехника"",""label"":""Раковина:"",""value"":""Раковина фаянс со смесителем.""},{""section"":""Сантехника"",""label"":""Туалетная и душевая кабинка:"",""value"":""Выполненные из ЛДСП белого цвета на металлических каркасах.""},{""section"":""Сантехника"",""label"":""Инженерные системы:"",""value"":""Разводка водоснабжения и канализации, вывод на контур здания.""},{""section"":""Лестничная группа"",""label"":""Лестница:"",""value"":""Металлическая лестница с перилами, ступени из просечного листа, перила из проф. трубы.""},{""section"":""Лестничная группа"",""label"":""Площадка:"",""value"":""Металлическая площадка с перилами и стойками, площадка из рифленого листа, перила из проф. трубы, стойки из сложногнутых углов.""},{""section"":""Скатная кровля"",""label"":""Кровля:"",""value"":""Кровля двускатная, стропильная система состоит из ферм и прогонов из обрезной доски. Для дополнительной вентиляции предусмотрены вент. решетки. Покрытие кровли профлист «С20» RAL 5005. Покрытие фронтонов оцинкованный профлист «С8».""},{""section"":""Дополнительное оборудование"",""label"":""Слаботочные системы (СЛС): оповещение, видеонаблюдение, контроль доступа, охранная сигнализация, LAN и Wi‑Fi."",""value"":""Оставьте заявку для расчета в тендер""},{""section"":""Дополнительное оборудование"",""label"":""Готовы рассмотреть предложения по участию в тендерах по строительству, монтажу и поставке бытовок, блок контейнеров и модульных зданий"",""value"":""Фотографии""}]"
Модульное здание из сэндвич панелей МЗ 01,,884900,,https://unistroy.pro/modulnoe-zdanie-iz-sendvich-panelej-mz-01,"[{""section"":""Общие характеристики"",""label"":""Длина:"",""value"":""6 м.""},{""section"":""Общие характеристики"",""label"":""Ширина:"",""value"":""4,8 м.""},{""section"":""Общие характеристики"",""label"":""Высота:"",""value"":""2,5 м.""},{""section"":""Общие характеристики"",""label"":""Высота потолков:"",""value"":""2,2 м.""},{""section"":""Общие характеристики"",""label"":""Общая площадь здания и застройки:"",""value"":""28,8 м².""},{""section"":""Металлокаркас"",""label"":""Верхняя обвязка"",""value"":""Швеллер сложногнутый х/к 120х50х3 мм.""},{""section"":""Металлокаркас"",""label"":""Нижняя обвязка:"",""value"":""Швеллер х/к 120х50х3 мм.""},{""section"":""Металлокаркас"",""label"":""Угловая стойка:"",""value"":""Угол усиленный х/к 150х170х3 мм.""},{""section"":""Металлокаркас"",""label"":""Усиление пола:"",""value"":""Сдвоенный металлический уголок, шаг 600 мм.""},{""section"":""Металлокаркас"",""label"":""Плоская кровля:"",""value"":""Х/к стальной лист 1 мм. Швы проварены сплошным швом, листы окрашены суриком, эмалированы.""},{""section"":""Металлокаркас"",""label"":""Дно:"",""value"":""Оцинкованный гладкий лист, толщина 0,45 мм.""},{""section"":""Металлокаркас"",""label"":""Цвет:"",""value"":""RAL 7024, либо другой стандартный цвет.""},{""section"":""Деревянный каркас"",""label"":""Второстепенный каркас потолка:"",""value"":""Доска 100х40 мм, настил из обрезанной доски 25х100 мм.""},{""section"":""Деревянный каркас"",""label"":""Второстепенный каркас пола:"",""value"":""Настил из обрезанной доски 25х100 мм, доска 100х40 мм, настил обрезанная доска 25х100 мм.""},{""section"":""Отделка"",""label"":""Стеновые элементы:"",""value"":""Сэндвич-панель трехслойная заводская, с замком Z - lock, с утеплителем толщиной 100 мм, RAL 9003.""},{""section"":""Отделка"",""label"":""Внутренняя отделка потолка:"",""value"":""ЛДСП 12 мм, цвет белый, панели прокладываются через омега-профилем.""},{""section"":""Отделка"",""label"":""Теплоизоляция пола и потолка:"",""value"":""Рулонная минеральная вата 100 мм пола, потолка, стен, плотность 11 кг/м³""},{""section"":""Отделка"",""label"":""Ветро-парозащита:"",""value"":""Наноизол А-В.""},{""section"":""Отделка"",""label"":""Финишная отделка пола:"",""value"":""ДСП 16 мм.""},{""section"":""Двери"",""label"":""Входная дверь:"",""value"":""Металлическая, утепленная, с врезанным замком и ручкой, размер 800х2000 мм, цвет коричневый, производство «Промет».""},{""section"":""Окна"",""label"":""Окно:"",""value"":""ПВХ, однокамерное, цвет белый, размер 900х1100 мм, с поворотно-откидной створкой.""},{""section"":""Дополнительное оборудование"",""label"":""Слаботочные системы (СЛС): оповещение, видеонаблюдение, контроль доступа, охранная сигнализация, LAN и Wi‑Fi."",""value"":""Оставьте заявку для расчета в тендер""},{""section"":""Дополнительное оборудование"",""label"":""Готовы рассмотреть предложения по участию в тендерах по строительству, монтажу и поставке бытовок, блок контейнеров и модульных зданий"",""value"":""Фотографии""}]"
Модульное здание из сэндвич панелей МЗ 02,,920900,,https://unistroy.pro/modulnoe-zdanie-iz-sendvich-panelej-mz-02,"[{""section"":""Общие характеристики"",""label"":""Длина:"",""value"":""6 м.""},{""section"":""Общие характеристики"",""label"":""Ширина:"",""value"":""4,8 м.""},{""section"":""Общие характеристики"",""label"":""Высота:"",""value"":""2,5 м.""},{""section"":""Общие характеристики"",""label"":""Высота потолков:"",""value"":""2,2 м.""},{""section"":""Общие характеристики"",""label"":""Общая площадь здания и застройки:"",""value"":""28,8 м².""},{""section"":""Металлокаркас"",""label"":""Верхняя обвязка"",""value"":""Швеллер сложногнутый х/к 120х50х3 мм.""},{""section"":""Металлокаркас"",""label"":""Нижняя обвязка:"",""value"":""Швеллер х/к 120х50х3 мм.""},{""section"":""Металлокаркас"",""label"":""Угловая стойка:"",""value"":""Угол усиленный х/к 150х170х3 мм.""},{""section"":""Металлокаркас"",""label"":""Усиление пола:"",""value"":""Сдвоенный металлический уголок, шаг 600 мм.""},{""section"":""Металлокаркас"",""label"":""Дно:"",""value"":""Оцинкованный гладкий лист, толщина 0,45 мм.""},{""section"":""Металлокаркас"",""label"":""Плоская кровля:"",""value"":""Х/к стальной лист 1 мм. Швы проварены сплошным швом, листы окрашены суриком, эмалированы.""},{""section"":""Металлокаркас"",""label"":""Цвет:"",""value"":""RAL 7024, либо другой стандартный цвет.""},{""section"":""Деревянный каркас"",""label"":""Второстепенный каркас потолка:"",""value"":""Доска 100х40 мм, настил из обрезанной доски 25х100 мм.""},{""section"":""Деревянный каркас"",""label"":""Второстепенный каркас пола:"",""value"":""Настил из обрезанной доски 25х100 мм, доска 100х40 мм, настил обрезанная доска 25х100 мм.""},{""section"":""Отделка"",""label"":""Стеновые элементы:"",""value"":""Сэндвич-панель трехслойная заводская, с замком Z - lock, с утеплителем толщиной 100 мм, RAL 9003.""},{""section"":""Отделка"",""label"":""Внутренняя отделка потолка:"",""value"":""ЛДСП 12 мм, цвет белый, панели прокладываются через омега-профилем.""},{""section"":""Отделка"",""label"":""Теплоизоляция пола и потолка:"",""value"":""Рулонная минеральная вата 100 мм пола, потолка, стен, плотность 11 кг/м³""},{""section"":""Отделка"",""label"":""Ветро-парозащита:"",""value"":""Наноизол А-В.""},{""section"":""Отделка"",""label"":""Финишная отделка пола:"",""value"":""ДСП 16 мм.""},{""section"":""Двери"",""label"":""Входная дверь:"",""value"":""Металлическая, утепленная, с врезанным замком и ручкой, размер 800х2000 мм, цвет коричневый, производство «Промет».""},{""section"":""Двери"",""label"":""Межкомнатная дверь:"",""value"":""МДФ «ОЛОВИ», с врезанным замком и ручкой, цвет&nbsp;белый, размер 800х2000 мм.""},{""section"":""Окна"",""label"":""Окно:"",""value"":""ПВХ, однокамерное, цвет белый, размер 900х1100 мм, с поворотно-откидной створкой.""},{""section"":""Дополнительное оборудование"",""label"":""Слаботочные системы (СЛС): оповещение, видеонаблюдение, контроль доступа, охранная сигнализация, LAN и Wi‑Fi."",""value"":""Оставьте заявку для расчета в тендер""},{""section"":""Дополнительное оборудование"",""label"":""Готовы рассмотреть предложения по участию в тендерах по строительству, монтажу и поставке бытовок, блок контейнеров и модульных зданий"",""value"":""Фотографии""}]"
Модульное здание из сэндвич панелей МЗ 03,,1322800,,https://unistroy.pro/modulnoe-zdanie-iz-sendvich-panelej-mz-03,"[{""section"":""Общие характеристики"",""label"":""Длина:"",""value"":""6 м.""},{""section"":""Общие характеристики"",""label"":""Ширина:"",""value"":""7,2 м.""},{""section"":""Общие характеристики"",""label"":""Высота:"",""value"":""2,5 м.""},{""section"":""Общие характеристики"",""label"":""Высота потолков:"",""value"":""2,2 м.""},{""section"":""Общие характеристики"",""label"":""Общая площадь здания и застройки:"",""value"":""43,2 м².""},{""section"":""Металлокаркас"",""label"":""Верхняя обвязка"",""value"":""Швеллер сложногнутый х/к 120х50х3 мм.""},{""section"":""Металлокаркас"",""label"":""Нижняя обвязка:"",""value"":""Швеллер х/к 120х50х3 мм.""},{""section"":""Металлокаркас"",""label"":""Угловая стойка:"",""value"":""Угол усиленный х/к 150х170х3 мм.""},{""section"":""Металлокаркас"",""label"":""Усиление пола:"",""value"":""Сдвоенный металлический уголок, шаг 600 мм.""},{""section"":""Металлокаркас"",""label"":""Плоская кровля:"",""value"":""Х/к стальной лист 1 мм. Швы проварены сплошным швом, листы окрашены суриком, эмалированы.""},{""section"":""Металлокаркас"",""label"":""Дно:"",""value"":""Оцинкованный гладкий лист, толщина 0,45 мм.""},{""section"":""Металлокаркас"",""label"":""Цвет:"",""value"":""RAL 7024, либо другой стандартный цвет.""},{""section"":""Деревянный каркас"",""label"":""Второстепенный каркас потолка:"",""value"":""Доска 100х40 мм, настил из обрезанной доски 25х100 мм.""},{""section"":""Деревянный каркас"",""label"":""Второстепенный каркас пола:"",""value"":""Настил из обрезанной доски 25х100 мм, доска 100х40 мм, настил обрезанная доска 25х100 мм.""},{""section"":""Отделка"",""label"":""Стеновые элементы:"",""value"":""Сэндвич-панель трехслойная заводская, с замком Z - lock, с утеплителем толщиной 100 мм, RAL 9003.""},{""section"":""Отделка"",""label"":""Внутренняя отделка потолка:"",""value"":""ЛДСП 12 мм, цвет белый, панели прокладываются через омега-профилем.""},{""section"":""Отделка"",""label"":""Теплоизоляция пола и потолка:"",""value"":""Рулонная минеральная вата 100 мм пола, потолка, стен, плотность 11 кг/м³""},{""section"":""Отделка"",""label"":""Ветро-парозащита:"",""value"":""Наноизол А-В.""},{""section"":""Отделка"",""label"":""Финишная отделка пола:"",""value"":""ДСП 16 мм.""},{""section"":""Двери"",""label"":""Входная дверь:"",""value"":""Металлическая, утепленная, с врезанным замком и ручкой, размер 800х2000 мм, цвет коричневый, производство «Промет».""},{""section"":""Окна"",""label"":""Окно:"",""value"":""ПВХ, однокамерное, цвет белый, размер 900х1100 мм, с поворотно-откидной створкой.""},{""section"":""Дополнительное оборудование"",""label"":""Слаботочные системы (СЛС): оповещение, видеонаблюдение, контроль доступа, охранная сигнализация, LAN и Wi‑Fi."",""value"":""Оставьте заявку для расчета в тендер""},{""section"":""Дополнительное оборудование"",""label"":""Готовы рассмотреть предложения по участию в тендерах по строительству, монтажу и поставке бытовок, блок контейнеров и модульных зданий"",""value"":""Фотографии""}]"
Модульное здание из сэндвич панелей МЗ 04,,1796600,,https://unistroy.pro/modulnoe-zdanie-iz-sendvich-panelej-mz-04,"[{""section"":""Общие характеристики"",""label"":""Длина:"",""value"":""6 м.""},{""section"":""Общие характеристики"",""label"":""Ширина:"",""value"":""9,6 м.""},{""section"":""Общие характеристики"",""label"":""Высота:"",""value"":""2,5 м.""},{""section"":""Общие характеристики"",""label"":""Высота потолков:"",""value"":""2,2 м.""},{""section"":""Общие характеристики"",""label"":""Общая площадь здания и застройки:"",""value"":""57,6 м².""},{""section"":""Металлокаркас"",""label"":""Верхняя обвязка"",""value"":""Швеллер сложногнутый х/к 120х50х3 мм.""},{""section"":""Металлокаркас"",""label"":""Нижняя обвязка:"",""value"":""Швеллер х/к 120х50х3 мм.""},{""section"":""Металлокаркас"",""label"":""Угловая стойка:"",""value"":""Угол усиленный х/к 150х170х3 мм.""},{""section"":""Металлокаркас"",""label"":""Усиление пола:"",""value"":""Сдвоенный металлический уголок, шаг 600 мм.""},{""section"":""Металлокаркас"",""label"":""Дно:"",""value"":""Оцинкованный гладкий лист, толщина 0,45 мм.""},{""section"":""Металлокаркас"",""label"":""Плоская кровля:"",""value"":""Х/к стальной лист 1 мм. Швы проварены сплошным швом, листы окрашены суриком, эмалированы.""},{""section"":""Металлокаркас"",""label"":""Цвет:"",""value"":""RAL 7024, либо другой стандартный цвет.""},{""section"":""Деревянный каркас"",""label"":""Второстепенный каркас потолка:"",""value"":""Доска 100х40 мм, настил из обрезанной доски 25х100 мм.""},{""section"":""Деревянный каркас"",""label"":""Второстепенный каркас пола:"",""value"":""Настил из обрезанной доски 25х100 мм, доска 100х40 мм, настил обрезанная доска 25х100 мм.""},{""section"":""Отделка"",""label"":""Стеновые элементы:"",""value"":""Сэндвич-панель трехслойная заводская, с замком Z - lock, с утеплителем толщиной 100 мм, RAL 9003.""},{""section"":""Отделка"",""label"":""Внутренняя отделка потолка:"",""value"":""ЛДСП 12 мм, цвет белый, панели прокладываются через омега-профилем.""},{""section"":""Отделка"",""label"":""Теплоизоляция пола и потолка:"",""value"":""Рулонная минеральная вата 100 мм пола, потолка, стен, плотность 11 кг/м³""},{""section"":""Отделка"",""label"":""Ветро-парозащита:"",""value"":""Наноизол А-В.""},{""section"":""Отделка"",""label"":""Финишная отделка пола:"",""value"":""ДСП 16 мм.""},{""section"":""Двери"",""label"":""Входная дверь:"",""value"":""Металлическая, утепленная, с врезанным замком и ручкой, размер 800х2000 мм, цвет коричневый, производство «Промет».""},{""section"":""Двери"",""label"":""Межкомнатная дверь:"",""value"":""МДФ «ОЛОВИ», с врезанным замком и ручкой, цвет&nbsp;белый, размер 800х2000 мм.""},{""section"":""Окна"",""label"":""Окно:"",""value"":""ПВХ, однокамерное, цвет белый, размер 900х1100 мм, с поворотно-откидной створкой.""},{""section"":""Дополнительное оборудование"",""label"":""Слаботочные системы (СЛС): оповещение, видеонаблюдение, контроль доступа, охранная сигнализация, LAN и Wi‑Fi."",""value"":""Оставьте заявку для расчета в тендер""},{""section"":""Дополнительное оборудование"",""label"":""Готовы рассмотреть предложения по участию в тендерах по строительству, монтажу и поставке бытовок, блок контейнеров и модульных зданий"",""value"":""Фотографии""}]"
Модульное здание из сэндвич панелей МЗ 05,,2246300,,https://unistroy.pro/modulnoe-zdanie-iz-sendvich-panelej-mz-05,"[{""section"":""Общие характеристики"",""label"":""Длина:"",""value"":""6 м.""},{""section"":""Общие характеристики"",""label"":""Ширина:"",""value"":""12 м.""},{""section"":""Общие характеристики"",""label"":""Высота:"",""value"":""2,5 м.""},{""section"":""Общие характеристики"",""label"":""Высота потолков:"",""value"":""2,2 м.""},{""section"":""Общие характеристики"",""label"":""Общая площадь здания и застройки:"",""value"":""72 м².""},{""section"":""Металлокаркас"",""label"":""Верхняя обвязка"",""value"":""Швеллер сложногнутый х/к 120х50х3 мм.""},{""section"":""Металлокаркас"",""label"":""Нижняя обвязка:"",""value"":""Швеллер х/к 120х50х3 мм.""},{""section"":""Металлокаркас"",""label"":""Угловая стойка:"",""value"":""Угол усиленный х/к 150х170х3 мм.""},{""section"":""Металлокаркас"",""label"":""Усиление пола:"",""value"":""Сдвоенный металлический уголок, шаг 600 мм.""},{""section"":""Металлокаркас"",""label"":""Дно:"",""value"":""Оцинкованный гладкий лист, толщина 0,45 мм.""},{""section"":""Металлокаркас"",""label"":""Плоская кровля:"",""value"":""Х/к стальной лист 1 мм. Швы проварены сплошным швом, листы окрашены суриком, эмалированы.""},{""section"":""Металлокаркас"",""label"":""Цвет:"",""value"":""RAL 7024, либо другой стандартный цвет.""},{""section"":""Деревянный каркас"",""label"":""Второстепенный каркас потолка:"",""value"":""Доска 100х40 мм, настил из обрезанной доски 25х100 мм.""},{""section"":""Деревянный каркас"",""label"":""Второстепенный каркас пола:"",""value"":""Настил из обрезанной доски 25х100 мм, доска 100х40 мм, настил обрезанная доска 25х100 мм.""},{""section"":""Отделка"",""label"":""Стеновые элементы:"",""value"":""Сэндвич-панель трехслойная заводская, с замком Z - lock, с утеплителем толщиной 100 мм, RAL 9003.""},{""section"":""Отделка"",""label"":""Внутренняя отделка потолка:"",""value"":""ЛДСП 12 мм, цвет белый, панели прокладываются через омега-профилем.""},{""section"":""Отделка"",""label"":""Теплоизоляция пола и потолка:"",""value"":""Рулонная минеральная вата 100 мм пола, потолка, стен, плотность 11 кг/м³""},{""section"":""Отделка"",""label"":""Ветро-парозащита:"",""value"":""Наноизол А-В.""},{""section"":""Отделка"",""label"":""Финишная отделка пола:"",""value"":""ДСП 16 мм.""},{""section"":""Двери"",""label"":""Входная дверь:"",""value"":""Металлическая, утепленная, с врезанным замком и ручкой, размер 800х2000 мм, цвет коричневый, производство «Промет».""},{""section"":""Двери"",""label"":""Межкомнатная дверь:"",""value"":""МДФ «ОЛОВИ», с врезанным замком и ручкой, цвет&nbsp;белый, размер 800х2000 мм.""},{""section"":""Окна"",""label"":""Окно:"",""value"":""ПВХ, однокамерное, цвет белый, размер 900х1100 мм, с поворотно-откидной створкой.""},{""section"":""Дополнительное оборудование"",""label"":""Слаботочные системы (СЛС): оповещение, видеонаблюдение, контроль доступа, охранная сигнализация, LAN и Wi‑Fi."",""value"":""Оставьте заявку для расчета в тендер""},{""section"":""Дополнительное оборудование"",""label"":""Готовы рассмотреть предложения по участию в тендерах по строительству, монтажу и поставке бытовок, блок контейнеров и модульных зданий"",""value"":""Фотографии""}]"
Модульное здание из сэндвич панелей МЗ 06,,1962700,,https://unistroy.pro/modulnoe-zdanie-iz-sendvich-panelej-mz-06,"[{""section"":""Общие характеристики"",""label"":""Длина:"",""value"":""6 м.""},{""section"":""Общие характеристики"",""label"":""Ширина:"",""value"":""4,8 м.""},{""section"":""Общие характеристики"",""label"":""Высота:"",""value"":""5,5 м.""},{""section"":""Общие характеристики"",""label"":""Высота кровли:"",""value"":""0,5 м.""},{""section"":""Общие характеристики"",""label"":""Высота потолков:"",""value"":""2,2 м.""},{""section"":""Общие характеристики"",""label"":""Общая площадь застройки:"",""value"":""28,8 м².""},{""section"":""Общие характеристики"",""label"":""Общая площадь здания:"",""value"":""57,6 м².""},{""section"":""Металлокаркас"",""label"":""Верхняя обвязка"",""value"":""Швеллер сложногнутый х/к 120х50х3 мм.""},{""section"":""Металлокаркас"",""label"":""Нижняя обвязка:"",""value"":""Швеллер х/к 120х50х3 мм.""},{""section"":""Металлокаркас"",""label"":""Угловая стойка:"",""value"":""Угол усиленный х/к 150х170х3 мм.""},{""section"":""Металлокаркас"",""label"":""Усиление пола:"",""value"":""Сдвоенный металлический уголок, шаг 600 мм.""},{""section"":""Металлокаркас"",""label"":""Дно:"",""value"":""Оцинкованный гладкий лист, толщина 0,45 мм.""},{""section"":""Металлокаркас"",""label"":""Плоская кровля:"",""value"":""Х/к стальной лист 1 мм. Швы проварены сплошным швом, листы окрашены суриком, эмалированы.""},{""section"":""Металлокаркас"",""label"":""Цвет:"",""value"":""RAL 7024, либо другой стандартный цвет.""},{""section"":""Деревянный каркас"",""label"":""Второстепенный каркас потолка:"",""value"":""Доска 100х40 мм, настил из обрезанной доски 25х100 мм.""},{""section"":""Деревянный каркас"",""label"":""Второстепенный каркас пола:"",""value"":""Настил из обрезанной доски 25х100 мм, доска 100х40 мм, настил обрезанная доска 25х100 мм.""},{""section"":""Отделка"",""label"":""Стеновые элементы:"",""value"":""Сэндвич-панель трехслойная заводская, с замком Z - lock, с утеплителем толщиной 100 мм, RAL 9003.""},{""section"":""Отделка"",""label"":""Внутренняя отделка потолка:"",""value"":""ЛДСП 12 мм, цвет белый, панели прокладываются через омега-профилем.""},{""section"":""Отделка"",""label"":""Теплоизоляция пола и потолка:"",""value"":""Рулонная минеральная вата 100 мм пола, потолка, стен, плотность 11 кг/м³""},{""section"":""Отделка"",""label"":""Ветро-парозащита:"",""value"":""Наноизол А-В.""},{""section"":""Отделка"",""label"":""Финишная отделка пола:"",""value"":""ДСП 16 мм.""},{""section"":""Двери"",""label"":""Входная дверь:"",""value"":""Входная дверь: Металлическая, утепленная, с врезанным замком и ручкой, размер 800х2000 мм, цвет коричневый, производство «Промет».""},{""section"":""Окна"",""label"":""Окно:"",""value"":""ПВХ, однокамерное, цвет белый, размер 900х1100 мм, с поворотно-откидной створкой.""},{""section"":""Лестничная группа"",""label"":""Лестница:"",""value"":""Металлическая лестница с перилами, ступени из просечного листа, перила из проф. трубы.""},{""section"":""Лестничная группа"",""label"":""Площадка:"",""value"":""Металлическая площадка с перилами и стойками, площадка из рифленого листа, перила из проф. трубы, стойки из сложногнутых углов.""},{""section"":""Скатная кровля"",""label"":""Кровля:"",""value"":""Кровля двускатная, стропильная система состоит из ферм и прогонов из обрезной доски. Для дополнительной вентиляции предусмотрены вент. решетки. Покрытие кровли профлист «С20» RAL 5005. Покрытие фронтонов оцинкованный профлист «С8».""},{""section"":""Дополнительное оборудование"",""label"":""Слаботочные системы (СЛС): оповещение, видеонаблюдение, контроль доступа, охранная сигнализация, LAN и Wi‑Fi."",""value"":""Оставьте заявку для расчета в тендер""},{""section"":""Дополнительное оборудование"",""label"":""Готовы рассмотреть предложения по участию в тендерах по строительству, монтажу и поставке бытовок, блок контейнеров и модульных зданий"",""value"":""Фотографии""}]"
Модульное здание из сэндвич панелей общежитие МЗ 07,,9567500,,https://unistroy.pro/modulnoe-zdanie-iz-sendvich-panelej-obshhezhitie-mz-07,"[{""section"":""Общие характеристики"",""label"":""Длина:"",""value"":""6 м.""},{""section"":""Общие характеристики"",""label"":""Ширина:"",""value"":""19,2 м.""},{""section"":""Общие характеристики"",""label"":""Высота:"",""value"":""6,8 м.""},{""section"":""Общие характеристики"",""label"":""Высота кровли:"",""value"":""1,8 м.""},{""section"":""Общие характеристики"",""label"":""Высота потолков:"",""value"":""2,2 м.""},{""section"":""Общие характеристики"",""label"":""Общая площадь застройки:"",""value"":""115,2 м².""},{""section"":""Общие характеристики"",""label"":""Общая площадь здания:"",""value"":""230,4 м².""},{""section"":""Металлокаркас"",""label"":""Верхняя обвязка"",""value"":""Швеллер сложногнутый х/к 120х50х3 мм.""},{""section"":""Металлокаркас"",""label"":""Нижняя обвязка:"",""value"":""Швеллер х/к 120х50х3 мм.""},{""section"":""Металлокаркас"",""label"":""Угловая стойка:"",""value"":""Угол усиленный х/к 150х170х3 мм.""},{""section"":""Металлокаркас"",""label"":""Усиление пола:"",""value"":""Сдвоенный металлический уголок, шаг 600 мм.""},{""section"":""Металлокаркас"",""label"":""Дно:"",""value"":""Оцинкованный гладкий лист, толщина 0,45 мм.""},{""section"":""Металлокаркас"",""label"":""Плоская кровля:"",""value"":""Х/к стальной лист 1 мм. Швы проварены сплошным швом, листы окрашены суриком, эмалированы.""},{""section"":""Металлокаркас"",""label"":""Цвет:"",""value"":""RAL 7024, либо другой стандартный цвет.""},{""section"":""Деревянный каркас"",""label"":""Второстепенный каркас потолка:"",""value"":""Доска 100х40 мм, настил из обрезанной доски 25х100 мм.""},{""section"":""Деревянный каркас"",""label"":""Второстепенный каркас пола:"",""value"":""Настил из обрезанной доски 25х100 мм, доска 100х40 мм, настил обрезанная доска 25х100 мм.""},{""section"":""Отделка"",""label"":""Стеновые элементы:"",""value"":""Сэндвич-панель трехслойная заводская, с замком Z - lock, с утеплителем толщиной 100 мм, RAL 9003.""},{""section"":""Отделка"",""label"":""Внутренняя отделка потолка:"",""value"":""ЛДСП 12 мм, цвет белый, панели прокладываются через омега-профилем.""},{""section"":""Отделка"",""label"":""Теплоизоляция пола и потолка:"",""value"":""Рулонная минеральная вата 100 мм пола, потолка, стен, плотность 11 кг/м³""},{""section"":""Отделка"",""label"":""Ветро-парозащита:"",""value"":""Наноизол А-В.""},{""section"":""Отделка"",""label"":""Финишная отделка пола:"",""value"":""ДСП 16 мм.""},{""section"":""Двери"",""label"":""Входная дверь:"",""value"":""Металлическая, утепленная, с врезанным замком и ручкой, размер 800х2000 мм, цвет коричневый, производство «Промет».""},{""section"":""Двери"",""label"":""Межкомнатная дверь:"",""value"":""МДФ «ОЛОВИ», с врезанным замком и ручкой, цвет&nbsp;белый, размер 800х2000 мм.""},{""section"":""Сантехника"",""label"":""Туалет:"",""value"":""Унитаз Компакт со сливным бачком.""},{""section"":""Сантехника"",""label"":""Душ:"",""value"":""Душевой поддон металлический 800х800 мм.""},{""section"":""Сантехника"",""label"":""Раковина:"",""value"":""Раковина фаянс со смесителем.""},{""section"":""Сантехника"",""label"":""Туалетная и душевая кабинка:"",""value"":""Выполненные из ЛДСП белого цвета на металлических каркасах.""},{""section"":""Сантехника"",""label"":""Инженерные системы:"",""value"":""Разводка водоснабжения и канализации, вывод на контур здания.""},{""section"":""Лестничная группа"",""label"":""Лестница:"",""value"":""Металлическая лестница с перилами, ступени из просечного листа, перила из проф. трубы.""},{""section"":""Лестничная группа"",""label"":""Площадка:"",""value"":""Металлическая площадка с перилами и стойками, площадка из рифленого листа, перила из проф. трубы, стойки из сложногнутых углов.""},{""section"":""Скатная кровля"",""label"":""Кровля:"",""value"":""Кровля двускатная, стропильная система состоит из ферм и прогонов из обрезной доски. Для дополнительной вентиляции предусмотрены вент. решетки. Покрытие кровли профлист «С20» RAL 5005. Покрытие фронтонов оцинкованный профлист «С8», с полимерным покрытием RAL 9003.""},{""section"":""Дополнительное оборудование"",""label"":""Слаботочные системы (СЛС): оповещение, видеонаблюдение, контроль доступа, охранная сигнализация, LAN и Wi‑Fi."",""value"":""Оставьте заявку для расчета в тендер""},{""section"":""Дополнительное оборудование"",""label"":""Готовы рассмотреть предложения по участию в тендерах по строительству, монтажу и поставке бытовок, блок контейнеров и модульных зданий"",""value"":""Фотографии""}]"
Модульное здание из сэндвич панелей общежитие МЗ 08,,5938400,,https://unistroy.pro/modulnoe-zdanie-iz-sendvich-panelej-obshhezhitie-mz-08,"[{""section"":""Общие характеристики"",""label"":""Длина:"",""value"":""6 м.""},{""section"":""Общие характеристики"",""label"":""Ширина:"",""value"":""24 м.""},{""section"":""Общие характеристики"",""label"":""Высота:"",""value"":""3,1 м.""},{""section"":""Общие характеристики"",""label"":""Высота кровли:"",""value"":""0,6 м.""},{""section"":""Общие характеристики"",""label"":""Высота потолков:"",""value"":""2,2 м.""},{""section"":""Общие характеристики"",""label"":""Общая площадь здания и застройки:"",""value"":""144 м².""},{""section"":""Металлокаркас"",""label"":""Верхняя обвязка"",""value"":""Швеллер сложногнутый х/к 120х50х3 мм.""},{""section"":""Металлокаркас"",""label"":""Нижняя обвязка:"",""value"":""Швеллер х/к 120х50х3 мм.""},{""section"":""Металлокаркас"",""label"":""Угловая стойка:"",""value"":""Угол усиленный х/к 150х170х3 мм.""},{""section"":""Металлокаркас"",""label"":""Усиление пола:"",""value"":""Сдвоенный металлический уголок, шаг 600 мм.""},{""section"":""Металлокаркас"",""label"":""Дно:"",""value"":""Оцинкованный гладкий лист, толщина 0,45 мм.""},{""section"":""Металлокаркас"",""label"":""Плоская кровля:"",""value"":""Х/к стальной лист 1 мм. Швы проварены сплошным швом, листы окрашены суриком, эмалированы.""},{""section"":""Металлокаркас"",""label"":""Цвет:"",""value"":""RAL 7024, либо другой стандартный цвет.""},{""section"":""Деревянный каркас"",""label"":""Второстепенный каркас потолка:"",""value"":""Доска 100х40 мм, настил из обрезанной доски 25х100 мм.""},{""section"":""Деревянный каркас"",""label"":""Второстепенный каркас пола:"",""value"":""Настил из обрезанной доски 25х100 мм, доска 100х40 мм, настил обрезанная доска 25х100 мм.""},{""section"":""Отделка"",""label"":""Стеновые элементы:"",""value"":""Сэндвич-панель трехслойная заводская, с замком Z - lock, с утеплителем толщиной 100 мм, RAL 9003.""},{""section"":""Отделка"",""label"":""Внутренняя отделка потолка:"",""value"":""ЛДСП 12 мм, цвет белый, панели прокладываются через омега-профилем.""},{""section"":""Отделка"",""label"":""Теплоизоляция пола и потолка:"",""value"":""Рулонная минеральная вата 100 мм пола, потолка, стен, плотность 11 кг/м³""},{""section"":""Отделка"",""label"":""Ветро-парозащита:"",""value"":""Наноизол А-В.""},{""section"":""Отделка"",""label"":""Финишная отделка пола:"",""value"":""ДСП 16 мм.""},{""section"":""Двери"",""label"":""Входная дверь:"",""value"":""Металлическая, утепленная, с врезанным замком и ручкой, размер 800х2000 мм, цвет коричневый, производство «Промет».""},{""section"":""Двери"",""label"":""Межкомнатная дверь:"",""value"":""МДФ «ОЛОВИ», с врезанным замком и ручкой, цвет&nbsp;белый, размер 800х2000 мм.""},{""section"":""Сантехника"",""label"":""Туалет:"",""value"":""Унитаз Компакт со сливным бачком.""},{""section"":""Сантехника"",""label"":""Душ:"",""value"":""Душевой поддон металлический 800х800 мм.""},{""section"":""Сантехника"",""label"":""Раковина:"",""value"":""Раковина фаянс со смесителем.""},{""section"":""Сантехника"",""label"":""Туалетная и душевая кабинка:"",""value"":""Выполненные из ЛДСП белого цвета на металлических каркасах.""},{""section"":""Сантехника"",""label"":""Инженерные системы:"",""value"":""Разводка водоснабжения и канализации, вывод на контур здания.""},{""section"":""Скатная кровля"",""label"":""Кровля:"",""value"":""Кровля двускатная, стропильная система состоит из ферм и прогонов из обрезной доски. Для дополнительной вентиляции предусмотрены вент. решетки. Покрытие кровли профлист «С20» RAL 5005. Покрытие фронтонов оцинкованный профлист «С8».""},{""section"":""Дополнительное оборудование"",""label"":""Слаботочные системы (СЛС): оповещение, видеонаблюдение, контроль доступа, охранная сигнализация, LAN и Wi‑Fi."",""value"":""Оставьте заявку для расчета в тендер""},{""section"":""Дополнительное оборудование"",""label"":""Готовы рассмотреть предложения по участию в тендерах по строительству, монтажу и поставке бытовок, блок контейнеров и модульных зданий"",""value"":""Фотографии""}]"
Модульное здание из сэндвич панелей столовая МЗ 09,,2334500,,https://unistroy.pro/modulnoe-zdanie-iz-sendvich-panelej-stolovaya-mz-09,"[{""section"":""Общие характеристики"",""label"":""Длина:"",""value"":""6 м.""},{""section"":""Общие характеристики"",""label"":""Ширина:"",""value"":""9,6 м.""},{""section"":""Общие характеристики"",""label"":""Высота:"",""value"":""4 м.""},{""section"":""Общие характеристики"",""label"":""Высота кровли:"",""value"":""1,5 м.""},{""section"":""Общие характеристики"",""label"":""Высота потолков:"",""value"":""2,2 м.""},{""section"":""Общие характеристики"",""label"":""Общая площадь здания и застройки:"",""value"":""57,6 м².""},{""section"":""Металлокаркас"",""label"":""Верхняя обвязка"",""value"":""Швеллер сложногнутый х/к 120х50х3 мм.""},{""section"":""Металлокаркас"",""label"":""Нижняя обвязка:"",""value"":""Швеллер х/к 120х50х3 мм.""},{""section"":""Металлокаркас"",""label"":""Угловая стойка:"",""value"":""Угол усиленный х/к 150х170х3 мм.""},{""section"":""Металлокаркас"",""label"":""Усиление пола:"",""value"":""Сдвоенный металлический уголок, шаг 600 мм.""},{""section"":""Металлокаркас"",""label"":""Дно:"",""value"":""Оцинкованный гладкий лист, толщина 0,45 мм.""},{""section"":""Металлокаркас"",""label"":""Плоская кровля:"",""value"":""Х/к стальной лист 1 мм. Швы проварены сплошным швом, листы окрашены суриком, эмалированы.""},{""section"":""Металлокаркас"",""label"":""Цвет:"",""value"":""RAL 7024, либо другой стандартный цвет.""},{""section"":""Деревянный каркас"",""label"":""Второстепенный каркас потолка:"",""value"":""Доска 100х40 мм, настил из обрезанной доски 25х100 мм.""},{""section"":""Деревянный каркас"",""label"":""Второстепенный каркас пола:"",""value"":""Настил из обрезанной доски 25х100 мм, доска 100х40 мм, настил обрезанная доска 25х100 мм.""},{""section"":""Отделка"",""label"":""Стеновые элементы:"",""value"":""Сэндвич-панель трехслойная заводская, с замком Z - lock, с утеплителем толщиной 100 мм, RAL 9003.""},{""section"":""Отделка"",""label"":""Внутренняя отделка потолка:"",""value"":""ЛДСП 12 мм, цвет белый, панели прокладываются через омега-профилем.""},{""section"":""Отделка"",""label"":""Теплоизоляция пола и потолка:"",""value"":""Рулонная минеральная вата 100 мм пола, потолка, стен, плотность 11 кг/м³""},{""section"":""Отделка"",""label"":""Ветро-парозащита:"",""value"":""Наноизол А-В.""},{""section"":""Отделка"",""label"":""Финишная отделка пола:"",""value"":""ДСП 16 мм.""},{""section"":""Двери"",""label"":""Входная дверь:"",""value"":""Металлическая, утепленная, с врезанным замком и ручкой, размер 800х2000 мм, цвет коричневый, производство «Промет».""},{""section"":""Двери"",""label"":""Межкомнатная дверь:"",""value"":""МДФ «ОЛОВИ», с врезанным замком и ручкой, цвет&nbsp;белый, размер 800х2000 мм.""},{""section"":""Сантехника"",""label"":""Туалет:"",""value"":""Унитаз Компакт со сливным бачком.""},{""section"":""Сантехника"",""label"":""Раковина:"",""value"":""Раковина фаянс со смесителем.""},{""section"":""Сантехника"",""label"":""Инженерные системы:"",""value"":""Разводка водоснабжения и канализации, вывод на контур здания.""},{""section"":""Скатная кровля"",""label"":""Кровля:"",""value"":""Кровля односкатная, стропильная система состоит из ферм и прогонов из обрезной доски. Для дополнительной вентиляции предусмотрены вент. решетки. Покрытие кровли профлист «С20» RAL 5005. Покрытие фронтонов оцинкованный профлист «С8».""},{""section"":""Дополнительное оборудование"",""label"":""Слаботочные системы (СЛС): оповещение, видеонаблюдение, контроль доступа, охранная сигнализация, LAN и Wi‑Fi."",""value"":""Оставьте заявку для расчета в тендер""},{""section"":""Дополнительное оборудование"",""label"":""Готовы рассмотреть предложения по участию в тендерах по строительству, монтажу и поставке бытовок, блок контейнеров и модульных зданий"",""value"":""Фотографии""}]"
Модульное здание из сэндвич панелей столовая МЗ 10,,2672400,,https://unistroy.pro/modulnoe-zdanie-iz-sendvich-panelej-stolovaya-mz-10,"[{""section"":""Общие характеристики"",""label"":""Длина:"",""value"":""6 м.""},{""section"":""Общие характеристики"",""label"":""Ширина:"",""value"":""14,4 м.""},{""section"":""Общие характеристики"",""label"":""Высота:"",""value"":""2,5 м.""},{""section"":""Общие характеристики"",""label"":""Высота потолков:"",""value"":""2,2 м.""},{""section"":""Общие характеристики"",""label"":""Общая площадь здания и застройки:"",""value"":""86,4 м².""},{""section"":""Металлокаркас"",""label"":""Верхняя обвязка"",""value"":""Швеллер сложногнутый х/к 120х50х3 мм.""},{""section"":""Металлокаркас"",""label"":""Нижняя обвязка:"",""value"":""Швеллер х/к 120х50х3 мм.""},{""section"":""Металлокаркас"",""label"":""Угловая стойка:"",""value"":""Угол усиленный х/к 150х170х3 мм.""},{""section"":""Металлокаркас"",""label"":""Усиление пола:"",""value"":""Сдвоенный металлический уголок, шаг 600 мм.""},{""section"":""Металлокаркас"",""label"":""Дно:"",""value"":""Оцинкованный гладкий лист, толщина 0,45 мм.""},{""section"":""Металлокаркас"",""label"":""Плоская кровля:"",""value"":""Х/к стальной лист 1 мм. Швы проварены сплошным швом, листы окрашены суриком, эмалированы.""},{""section"":""Металлокаркас"",""label"":""Цвет:"",""value"":""RAL 7024, либо другой стандартный цвет.""},{""section"":""Деревянный каркас"",""label"":""Второстепенный каркас потолка:"",""value"":""Доска 100х40 мм, настил из обрезанной доски 25х100 мм.""},{""section"":""Деревянный каркас"",""label"":""Второстепенный каркас пола:"",""value"":""Настил из обрезанной доски 25х100 мм, доска 100х40 мм, настил обрезанная доска 25х100 мм.""},{""section"":""Отделка"",""label"":""Стеновые элементы:"",""value"":""Сэндвич-панель трехслойная заводская, с замком Z - lock, с утеплителем толщиной 100 мм, RAL 9003.""},{""section"":""Отделка"",""label"":""Внутренняя отделка потолка:"",""value"":""ЛДСП 12 мм, цвет белый, панели прокладываются через омега-профилем.""},{""section"":""Отделка"",""label"":""Теплоизоляция пола и потолка:"",""value"":""Рулонная минеральная вата 100 мм пола, потолка, стен, плотность 11 кг/м³""},{""section"":""Отделка"",""label"":""Ветро-парозащита:"",""value"":""Наноизол А-В.""},{""section"":""Отделка"",""label"":""Финишная отделка пола:"",""value"":""ДСП 16 мм.""},{""section"":""Двери"",""label"":""Входная дверь:"",""value"":""Металлическая, утепленная, с врезанным замком и ручкой, размер 800х2000 мм, цвет коричневый, производство «Промет».""},{""section"":""Двери"",""label"":""Межкомнатная дверь:"",""value"":""МДФ «ОЛОВИ», с врезанным замком и ручкой, цвет&nbsp;белый, размер 800х2000 мм.""},{""section"":""Окна"",""label"":""Окно:"",""value"":""ПВХ, однокамерное, цвет белый, размер 900х1100 мм, с поворотно-откидной створкой.""},{""section"":""Дополнительное оборудование"",""label"":""Слаботочные системы (СЛС): оповещение, видеонаблюдение, контроль доступа, охранная сигнализация, LAN и Wi‑Fi."",""value"":""Оставьте заявку для расчета в тендер""},{""section"":""Дополнительное оборудование"",""label"":""Готовы рассмотреть предложения по участию в тендерах по строительству, монтажу и поставке бытовок, блок контейнеров и модульных зданий"",""value"":""Фотографии""}]"
Модульное здание из сэндвич панелей МЗ 11,,9439100,,https://unistroy.pro/modulnoe-zdanie-iz-sendvich-panelej-mz-11,"[{""section"":""Общие характеристики"",""label"":""Длина:"",""value"":""16,8 м.""},{""section"":""Общие характеристики"",""label"":""Ширина:"",""value"":""14 м.""},{""section"":""Общие характеристики"",""label"":""Высота:"",""value"":""2,5 м.""},{""section"":""Общие характеристики"",""label"":""Высота кровли:"",""value"":""1,5 м.""},{""section"":""Общие характеристики"",""label"":""Высота потолков:"",""value"":""2,2 м.""},{""section"":""Общие характеристики"",""label"":""Общая площадь здания и застройки:"",""value"":""235,2 м².""},{""section"":""Металлокаркас"",""label"":""Верхняя обвязка"",""value"":""Швеллер сложногнутый х/к 120х50х3 мм.""},{""section"":""Металлокаркас"",""label"":""Нижняя обвязка:"",""value"":""Швеллер х/к 120х50х3 мм.""},{""section"":""Металлокаркас"",""label"":""Угловая стойка:"",""value"":""Угол усиленный х/к 150х170х3 мм.""},{""section"":""Металлокаркас"",""label"":""Усиление пола:"",""value"":""Сдвоенный металлический уголок, шаг 600 мм.""},{""section"":""Металлокаркас"",""label"":""Дно:"",""value"":""Оцинкованный гладкий лист, толщина 0,45 мм.""},{""section"":""Металлокаркас"",""label"":""Плоская кровля:"",""value"":""Х/к стальной лист 1 мм. Швы проварены сплошным швом, листы окрашены суриком, эмалированы.""},{""section"":""Металлокаркас"",""label"":""Цвет:"",""value"":""RAL 7024, либо другой стандартный цвет.""},{""section"":""Деревянный каркас"",""label"":""Второстепенный каркас потолка:"",""value"":""Доска 100х40 мм, настил из обрезанной доски 25х100 мм.""},{""section"":""Деревянный каркас"",""label"":""Второстепенный каркас пола:"",""value"":""Настил из обрезанной доски 25х100 мм, доска 100х40 мм, настил обрезанная доска 25х100 мм.""},{""section"":""Отделка"",""label"":""Стеновые элементы:"",""value"":""Сэндвич-панель трехслойная заводская, с замком Z - lock, с утеплителем толщиной 100 мм, RAL 9003.""},{""section"":""Отделка"",""label"":""Внутренняя отделка потолка:"",""value"":""ЛДСП 12 мм, цвет белый, панели прокладываются через омега-профилем.""},{""section"":""Отделка"",""label"":""Теплоизоляция пола и потолка:"",""value"":""Рулонная минеральная вата 100 мм пола, потолка, стен, плотность 11 кг/м³""},{""section"":""Отделка"",""label"":""Ветро-парозащита:"",""value"":""Наноизол А-В.""},{""section"":""Отделка"",""label"":""Финишная отделка пола:"",""value"":""ДСП 16 мм.""},{""section"":""Двери"",""label"":""Входная дверь:"",""value"":""Металлическая, утепленная, с врезанным замком и ручкой, размер 800х2000 мм, цвет коричневый, производство «Промет».""},{""section"":""Двери"",""label"":""Межкомнатная дверь:"",""value"":""МДФ «ОЛОВИ», с врезанным замком и ручкой, цвет&nbsp;белый, размер 800х2000 мм.""},{""section"":""Сантехника"",""label"":""Туалет:"",""value"":""Унитаз Компакт со сливным бачком.""},{""section"":""Сантехника"",""label"":""Душ:"",""value"":""Душевой поддон металлический 800х800 мм.""},{""section"":""Сантехника"",""label"":""Раковина:"",""value"":""Раковина фаянс со смесителем.""},{""section"":""Сантехника"",""label"":""Туалетная и душевая кабинка:"",""value"":""Выполненные из ЛДСП белого цвета на металлических каркасах.""},{""section"":""Сантехника"",""label"":""Инженерные системы:"",""value"":""Разводка водоснабжения и канализации, вывод на контур здания.""},{""section"":""Скатная кровля"",""label"":""Кровля:"",""value"":""Кровля двускатная, стропильная система состоит из ферм и прогонов из обрезной доски. Для дополнительной вентиляции предусмотрены вент. решетки. Покрытие кровли профлист «С20» RAL 5005. Покрытие фронтонов оцинкованный профлист «С8». Высота конька – 1800 мм.""},{""section"":""Дополнительное оборудование"",""label"":""Слаботочные системы (СЛС): оповещение, видеонаблюдение, контроль доступа, охранная сигнализация, LAN и Wi‑Fi."",""value"":""Оставьте заявку для расчета в тендер""},{""section"":""Дополнительное оборудование"",""label"":""Готовы рассмотреть предложения по участию в тендерах по строительству, монтажу и поставке бытовок, блок контейнеров и модульных зданий"",""value"":""Фотографии""}]"
Модульное здание из сэндвич панелей МЗ 12,,1018900,,https://unistroy.pro/modulnoe-zdanie-iz-sendvich-panelej-mz-12,"[{""section"":""Общие характеристики"",""label"":""Длина:"",""value"":""6 м.""},{""section"":""Общие характеристики"",""label"":""Ширина:"",""value"":""4,8 м.""},{""section"":""Общие характеристики"",""label"":""Высота:"",""value"":""2,5 м.""},{""section"":""Общие характеристики"",""label"":""Высота потолков:"",""value"":""2,2 м.""},{""section"":""Общие характеристики"",""label"":""Общая площадь здания и застройки:"",""value"":""28,8 м².""},{""section"":""Металлокаркас"",""label"":""Верхняя обвязка"",""value"":""Швеллер сложногнутый х/к 120х50х3 мм.""},{""section"":""Металлокаркас"",""label"":""Нижняя обвязка:"",""value"":""Швеллер х/к 120х50х3 мм.""},{""section"":""Металлокаркас"",""label"":""Угловая стойка:"",""value"":""Угол усиленный х/к 150х170х3 мм.""},{""section"":""Металлокаркас"",""label"":""Усиление пола:"",""value"":""Сдвоенный металлический уголок, шаг 600 мм.""},{""section"":""Металлокаркас"",""label"":""Дно:"",""value"":""Оцинкованный гладкий лист, толщина 0,45 мм.""},{""section"":""Металлокаркас"",""label"":""Плоская кровля:"",""value"":""Х/к стальной лист 1 мм. Швы проварены сплошным швом, листы окрашены суриком, эмалированы.""},{""section"":""Металлокаркас"",""label"":""Цвет:"",""value"":""RAL 7024, либо другой стандартный цвет.""},{""section"":""Деревянный каркас"",""label"":""Второстепенный каркас потолка:"",""value"":""Доска 100х40 мм, настил из обрезанной доски 25х100 мм.""},{""section"":""Деревянный каркас"",""label"":""Второстепенный каркас пола:"",""value"":""Настил из обрезанной доски 25х100 мм, доска 100х40 мм, настил обрезанная доска 25х100 мм.""},{""section"":""Отделка"",""label"":""Стеновые элементы:"",""value"":""Сэндвич-панель трехслойная заводская, с замком Z - lock, с утеплителем толщиной 100 мм, RAL 9003.""},{""section"":""Отделка"",""label"":""Внутренняя отделка потолка:"",""value"":""ЛДСП 12 мм, цвет белый, панели прокладываются через омега-профилем.""},{""section"":""Отделка"",""label"":""Теплоизоляция пола и потолка:"",""value"":""Рулонная минеральная вата 100 мм пола, потолка, стен, плотность 11 кг/м³""},{""section"":""Отделка"",""label"":""Ветро-парозащита:"",""value"":""Наноизол А-В.""},{""section"":""Отделка"",""label"":""Финишная отделка пола:"",""value"":""ДСП 16 мм.""},{""section"":""Двери"",""label"":""Входная дверь:"",""value"":""Металлическая, утепленная, с врезанным замком и ручкой, размер 800х2000 мм, цвет коричневый, производство «Промет».""},{""section"":""Двери"",""label"":""Межкомнатная дверь:"",""value"":""МДФ «ОЛОВИ», с врезанным замком и ручкой, цвет&nbsp;белый, размер 800х2000 мм.""},{""section"":""Сантехника"",""label"":""Туалет:"",""value"":""Унитаз Компакт со сливным бачком.""},{""section"":""Сантехника"",""label"":""Душ:"",""value"":""Душевой поддон металлический 800х800 мм.""},{""section"":""Сантехника"",""label"":""Раковина:"",""value"":""Раковина фаянс со смесителем.""},{""section"":""Сантехника"",""label"":""Душевая кабинка:"",""value"":""Выполненные из ЛДСП белого цвета на металлических каркасах.""},{""section"":""Сантехника"",""label"":""Инженерные системы:"",""value"":""Разводка водоснабжения и канализации, вывод на контур здания.""},{""section"":""Дополнительное оборудование"",""label"":""Слаботочные системы (СЛС): оповещение, видеонаблюдение, контроль доступа, охранная сигнализация, LAN и Wi‑Fi."",""value"":""Оставьте заявку для расчета в тендер""},{""section"":""Дополнительное оборудование"",""label"":""Готовы рассмотреть предложения по участию в тендерах по строительству, монтажу и поставке бытовок, блок контейнеров и модульных зданий"",""value"":""Фотографии""}]"