[     254ms] [INFO] %cDownload the React DevTools for a better development experience: https://react.dev/link/react-devtools font-weight:bold @ http://localhost:3001/_next/static/chunks/node_modules_next_dist_1e8vcs8._.js:776
[     280ms] [LOG] [HMR] connected @ http://localhost:3001/_next/static/chunks/node_modules_next_dist_1e8vcs8._.js:776
[     829ms] [LOG] [Fast Refresh] rebuilding @ http://localhost:3001/_next/static/chunks/node_modules_next_dist_1e8vcs8._.js:776
[     868ms] [LOG] [Fast Refresh] done in 138ms @ http://localhost:3001/_next/static/chunks/node_modules_next_dist_1e8vcs8._.js:776
[    3850ms] [WARNING] The resource http://localhost:3001/_next/static/chunks/app_0rb983j._.css was preloaded using link preload but not used within a few seconds from the window's load event. Please make sure it has an appropriate `as` value and it is preloaded intentionally. @ http://localhost:3001/:0
[   18632ms] [WARNING] The resource http://localhost:3001/_next/static/chunks/app_0rb983j._.css was preloaded using link preload but not used within a few seconds from the window's load event. Please make sure it has an appropriate `as` value and it is preloaded intentionally. @ http://localhost:3001/:0
[  166024ms] [LOG] [Fast Refresh] rebuilding @ http://localhost:3001/_next/static/chunks/node_modules_next_dist_1e8vcs8._.js:776
[  166028ms] Error: No link element found for chunk /_next/static/chunks/app_0rb983j._.css
    at http://localhost:3001/_next/static/chunks/turbopack-_08bm286._.js:2416:28
    at new Promise (<anonymous>)
    at Object.reloadChunk (http://localhost:3001/_next/static/chunks/turbopack-_08bm286._.js:2405:20)
    at applyChunkListUpdate (http://localhost:3001/_next/static/chunks/turbopack-_08bm286._.js:1939:46)
    at applyUpdate (http://localhost:3001/_next/static/chunks/turbopack-_08bm286._.js:1913:13)
    at handleApply (http://localhost:3001/_next/static/chunks/turbopack-_08bm286._.js:1976:17)
    at triggerUpdate (http://localhost:3001/_next/static/chunks/%5Bturbopack%5D_browser_dev_hmr-client_hmr-client_ts_1mojsay._.js:456:9)
    at applyAggregatedUpdates (http://localhost:3001/_next/static/chunks/%5Bturbopack%5D_browser_dev_hmr-client_hmr-client_ts_1mojsay._.js:98:9)
    at http://localhost:3001/_next/static/chunks/%5Bturbopack%5D_browser_dev_hmr-client_hmr-client_ts_1mojsay._.js:32:21
    at processTurbopackMessage (http://localhost:3001/_next/static/chunks/node_modules_next_dist_client_0_90u2t._.js:16447:13)
    at processMessage (http://localhost:3001/_next/static/chunks/node_modules_next_dist_client_0_90u2t._.js:16062:17)
    at WebSocket.handleMessage (http://localhost:3001/_next/static/chunks/node_modules_next_dist_client_0_90u2t._.js:16395:52)
[  166099ms] [LOG] [Fast Refresh] done in 34ms @ http://localhost:3001/_next/static/chunks/node_modules_next_dist_1e8vcs8._.js:776
[  166136ms] [LOG] [Fast Refresh] done in 34ms @ http://localhost:3001/_next/static/chunks/node_modules_next_dist_1e8vcs8._.js:776
[  166173ms] [LOG] [Fast Refresh] done in 34ms @ http://localhost:3001/_next/static/chunks/node_modules_next_dist_1e8vcs8._.js:776
[  166212ms] [LOG] [Fast Refresh] done in 34ms @ http://localhost:3001/_next/static/chunks/node_modules_next_dist_1e8vcs8._.js:776
[  166251ms] [LOG] [Fast Refresh] done in 34ms @ http://localhost:3001/_next/static/chunks/node_modules_next_dist_1e8vcs8._.js:776
[  166288ms] [LOG] [Fast Refresh] done in 34ms @ http://localhost:3001/_next/static/chunks/node_modules_next_dist_1e8vcs8._.js:776
[  166326ms] [LOG] [Fast Refresh] done in 34ms @ http://localhost:3001/_next/static/chunks/node_modules_next_dist_1e8vcs8._.js:776
[  166362ms] [LOG] [Fast Refresh] done in 34ms @ http://localhost:3001/_next/static/chunks/node_modules_next_dist_1e8vcs8._.js:776
[  166399ms] [LOG] [Fast Refresh] done in 34ms @ http://localhost:3001/_next/static/chunks/node_modules_next_dist_1e8vcs8._.js:776
[  166437ms] [LOG] [Fast Refresh] done in 34ms @ http://localhost:3001/_next/static/chunks/node_modules_next_dist_1e8vcs8._.js:776
[  166474ms] [LOG] [Fast Refresh] done in 34ms @ http://localhost:3001/_next/static/chunks/node_modules_next_dist_1e8vcs8._.js:776
[  166511ms] [LOG] [Fast Refresh] done in 34ms @ http://localhost:3001/_next/static/chunks/node_modules_next_dist_1e8vcs8._.js:776
[  166548ms] [LOG] [Fast Refresh] done in 34ms @ http://localhost:3001/_next/static/chunks/node_modules_next_dist_1e8vcs8._.js:776
[  166584ms] [LOG] [Fast Refresh] done in 34ms @ http://localhost:3001/_next/static/chunks/node_modules_next_dist_1e8vcs8._.js:776
[  166622ms] [LOG] [Fast Refresh] done in 34ms @ http://localhost:3001/_next/static/chunks/node_modules_next_dist_1e8vcs8._.js:776
[  166659ms] [LOG] [Fast Refresh] done in 34ms @ http://localhost:3001/_next/static/chunks/node_modules_next_dist_1e8vcs8._.js:776
[  166695ms] [LOG] [Fast Refresh] done in 34ms @ http://localhost:3001/_next/static/chunks/node_modules_next_dist_1e8vcs8._.js:776
[  166732ms] [LOG] [Fast Refresh] done in 34ms @ http://localhost:3001/_next/static/chunks/node_modules_next_dist_1e8vcs8._.js:776
[  166768ms] [LOG] [Fast Refresh] done in 34ms @ http://localhost:3001/_next/static/chunks/node_modules_next_dist_1e8vcs8._.js:776
[  166806ms] [LOG] [Fast Refresh] done in 34ms @ http://localhost:3001/_next/static/chunks/node_modules_next_dist_1e8vcs8._.js:776
[  166842ms] [LOG] [Fast Refresh] done in 34ms @ http://localhost:3001/_next/static/chunks/node_modules_next_dist_1e8vcs8._.js:776
[  166878ms] [LOG] [Fast Refresh] done in 34ms @ http://localhost:3001/_next/static/chunks/node_modules_next_dist_1e8vcs8._.js:776
[  166916ms] [LOG] [Fast Refresh] done in 34ms @ http://localhost:3001/_next/static/chunks/node_modules_next_dist_1e8vcs8._.js:776
[  166953ms] [LOG] [Fast Refresh] done in 34ms @ http://localhost:3001/_next/static/chunks/node_modules_next_dist_1e8vcs8._.js:776
[  166989ms] [LOG] [Fast Refresh] done in 34ms @ http://localhost:3001/_next/static/chunks/node_modules_next_dist_1e8vcs8._.js:776
[  167026ms] [LOG] [Fast Refresh] done in 34ms @ http://localhost:3001/_next/static/chunks/node_modules_next_dist_1e8vcs8._.js:776
[  167064ms] [LOG] [Fast Refresh] done in 34ms @ http://localhost:3001/_next/static/chunks/node_modules_next_dist_1e8vcs8._.js:776
[  167103ms] [LOG] [Fast Refresh] done in 34ms @ http://localhost:3001/_next/static/chunks/node_modules_next_dist_1e8vcs8._.js:776
[  167140ms] [LOG] [Fast Refresh] done in 34ms @ http://localhost:3001/_next/static/chunks/node_modules_next_dist_1e8vcs8._.js:776
[  167178ms] [LOG] [Fast Refresh] done in 34ms @ http://localhost:3001/_next/static/chunks/node_modules_next_dist_1e8vcs8._.js:776
[  167214ms] [LOG] [Fast Refresh] done in 34ms @ http://localhost:3001/_next/static/chunks/node_modules_next_dist_1e8vcs8._.js:776
[  167250ms] [LOG] [Fast Refresh] done in 34ms @ http://localhost:3001/_next/static/chunks/node_modules_next_dist_1e8vcs8._.js:776
[  167286ms] [LOG] [Fast Refresh] done in 34ms @ http://localhost:3001/_next/static/chunks/node_modules_next_dist_1e8vcs8._.js:776
[  167324ms] [LOG] [Fast Refresh] done in 34ms @ http://localhost:3001/_next/static/chunks/node_modules_next_dist_1e8vcs8._.js:776
[  167360ms] [LOG] [Fast Refresh] done in 34ms @ http://localhost:3001/_next/static/chunks/node_modules_next_dist_1e8vcs8._.js:776
[  167397ms] [LOG] [Fast Refresh] done in 34ms @ http://localhost:3001/_next/static/chunks/node_modules_next_dist_1e8vcs8._.js:776
[  167436ms] [LOG] [Fast Refresh] done in 34ms @ http://localhost:3001/_next/static/chunks/node_modules_next_dist_1e8vcs8._.js:776
[  167473ms] [LOG] [Fast Refresh] done in 34ms @ http://localhost:3001/_next/static/chunks/node_modules_next_dist_1e8vcs8._.js:776
[  167510ms] [LOG] [Fast Refresh] done in 34ms @ http://localhost:3001/_next/static/chunks/node_modules_next_dist_1e8vcs8._.js:776
[  167548ms] [LOG] [Fast Refresh] done in 34ms @ http://localhost:3001/_next/static/chunks/node_modules_next_dist_1e8vcs8._.js:776
[  167583ms] [LOG] [Fast Refresh] done in 34ms @ http://localhost:3001/_next/static/chunks/node_modules_next_dist_1e8vcs8._.js:776
[  167620ms] [LOG] [Fast Refresh] done in 34ms @ http://localhost:3001/_next/static/chunks/node_modules_next_dist_1e8vcs8._.js:776
[  167656ms] [LOG] [Fast Refresh] done in 34ms @ http://localhost:3001/_next/static/chunks/node_modules_next_dist_1e8vcs8._.js:776
[  167693ms] [LOG] [Fast Refresh] done in 34ms @ http://localhost:3001/_next/static/chunks/node_modules_next_dist_1e8vcs8._.js:776
[  167729ms] [LOG] [Fast Refresh] done in 34ms @ http://localhost:3001/_next/static/chunks/node_modules_next_dist_1e8vcs8._.js:776
[  167766ms] [LOG] [Fast Refresh] done in 34ms @ http://localhost:3001/_next/static/chunks/node_modules_next_dist_1e8vcs8._.js:776
[  167802ms] [LOG] [Fast Refresh] done in 34ms @ http://localhost:3001/_next/static/chunks/node_modules_next_dist_1e8vcs8._.js:776
[  167838ms] [LOG] [Fast Refresh] done in 34ms @ http://localhost:3001/_next/static/chunks/node_modules_next_dist_1e8vcs8._.js:776
[  167874ms] [LOG] [Fast Refresh] done in 34ms @ http://localhost:3001/_next/static/chunks/node_modules_next_dist_1e8vcs8._.js:776
[  167910ms] [LOG] [Fast Refresh] done in 34ms @ http://localhost:3001/_next/static/chunks/node_modules_next_dist_1e8vcs8._.js:776
[  167947ms] [LOG] [Fast Refresh] done in 34ms @ http://localhost:3001/_next/static/chunks/node_modules_next_dist_1e8vcs8._.js:776
[  167985ms] [LOG] [Fast Refresh] done in 34ms @ http://localhost:3001/_next/static/chunks/node_modules_next_dist_1e8vcs8._.js:776
[  168022ms] [LOG] [Fast Refresh] done in 34ms @ http://localhost:3001/_next/static/chunks/node_modules_next_dist_1e8vcs8._.js:776
[  168062ms] [LOG] [Fast Refresh] done in 34ms @ http://localhost:3001/_next/static/chunks/node_modules_next_dist_1e8vcs8._.js:776
[  168099ms] [LOG] [Fast Refresh] done in 34ms @ http://localhost:3001/_next/static/chunks/node_modules_next_dist_1e8vcs8._.js:776
[  168136ms] [LOG] [Fast Refresh] done in 34ms @ http://localhost:3001/_next/static/chunks/node_modules_next_dist_1e8vcs8._.js:776
[  168172ms] [LOG] [Fast Refresh] done in 34ms @ http://localhost:3001/_next/static/chunks/node_modules_next_dist_1e8vcs8._.js:776
[  168208ms] [LOG] [Fast Refresh] done in 34ms @ http://localhost:3001/_next/static/chunks/node_modules_next_dist_1e8vcs8._.js:776
[  168245ms] [LOG] [Fast Refresh] done in 34ms @ http://localhost:3001/_next/static/chunks/node_modules_next_dist_1e8vcs8._.js:776
[  168284ms] [LOG] [Fast Refresh] done in 34ms @ http://localhost:3001/_next/static/chunks/node_modules_next_dist_1e8vcs8._.js:776
[  168320ms] [LOG] [Fast Refresh] done in 34ms @ http://localhost:3001/_next/static/chunks/node_modules_next_dist_1e8vcs8._.js:776
[  168357ms] [LOG] [Fast Refresh] done in 34ms @ http://localhost:3001/_next/static/chunks/node_modules_next_dist_1e8vcs8._.js:776
[  168396ms] [LOG] [Fast Refresh] done in 34ms @ http://localhost:3001/_next/static/chunks/node_modules_next_dist_1e8vcs8._.js:776
[  168433ms] [LOG] [Fast Refresh] done in 34ms @ http://localhost:3001/_next/static/chunks/node_modules_next_dist_1e8vcs8._.js:776
[  168469ms] [LOG] [Fast Refresh] done in 34ms @ http://localhost:3001/_next/static/chunks/node_modules_next_dist_1e8vcs8._.js:776
[  168507ms] [LOG] [Fast Refresh] done in 34ms @ http://localhost:3001/_next/static/chunks/node_modules_next_dist_1e8vcs8._.js:776
[  168544ms] [LOG] [Fast Refresh] done in 34ms @ http://localhost:3001/_next/static/chunks/node_modules_next_dist_1e8vcs8._.js:776
[  168580ms] [LOG] [Fast Refresh] done in 34ms @ http://localhost:3001/_next/static/chunks/node_modules_next_dist_1e8vcs8._.js:776
[  168617ms] [LOG] [Fast Refresh] done in 34ms @ http://localhost:3001/_next/static/chunks/node_modules_next_dist_1e8vcs8._.js:776
[  168653ms] [LOG] [Fast Refresh] done in 34ms @ http://localhost:3001/_next/static/chunks/node_modules_next_dist_1e8vcs8._.js:776
[  168689ms] [LOG] [Fast Refresh] done in 34ms @ http://localhost:3001/_next/static/chunks/node_modules_next_dist_1e8vcs8._.js:776
[  168725ms] [LOG] [Fast Refresh] done in 34ms @ http://localhost:3001/_next/static/chunks/node_modules_next_dist_1e8vcs8._.js:776
[  168761ms] [LOG] [Fast Refresh] done in 34ms @ http://localhost:3001/_next/static/chunks/node_modules_next_dist_1e8vcs8._.js:776
[  168796ms] [LOG] [Fast Refresh] done in 34ms @ http://localhost:3001/_next/static/chunks/node_modules_next_dist_1e8vcs8._.js:776
[  168833ms] [LOG] [Fast Refresh] done in 34ms @ http://localhost:3001/_next/static/chunks/node_modules_next_dist_1e8vcs8._.js:776
[  168871ms] [LOG] [Fast Refresh] done in 34ms @ http://localhost:3001/_next/static/chunks/node_modules_next_dist_1e8vcs8._.js:776
[  168908ms] [LOG] [Fast Refresh] done in 34ms @ http://localhost:3001/_next/static/chunks/node_modules_next_dist_1e8vcs8._.js:776
[  168944ms] [LOG] [Fast Refresh] done in 34ms @ http://localhost:3001/_next/static/chunks/node_modules_next_dist_1e8vcs8._.js:776
[  168981ms] [LOG] [Fast Refresh] done in 34ms @ http://localhost:3001/_next/static/chunks/node_modules_next_dist_1e8vcs8._.js:776
[  169020ms] [LOG] [Fast Refresh] done in 34ms @ http://localhost:3001/_next/static/chunks/node_modules_next_dist_1e8vcs8._.js:776
[  169087ms] [WARNING] The resource http://localhost:3001/_next/static/chunks/app_0rb983j._.css was preloaded using link preload but not used within a few seconds from the window's load event. Please make sure it has an appropriate `as` value and it is preloaded intentionally. @ http://localhost:3001/:0
[  169122ms] [LOG] [Fast Refresh] rebuilding @ http://localhost:3001/_next/static/chunks/node_modules_next_dist_1e8vcs8._.js:776
[  169125ms] Error: No link element found for chunk /_next/static/chunks/app_0rb983j._.css
    at http://localhost:3001/_next/static/chunks/turbopack-_08bm286._.js:2416:28
    at new Promise (<anonymous>)
    at Object.reloadChunk (http://localhost:3001/_next/static/chunks/turbopack-_08bm286._.js:2405:20)
    at applyChunkListUpdate (http://localhost:3001/_next/static/chunks/turbopack-_08bm286._.js:1939:46)
    at applyUpdate (http://localhost:3001/_next/static/chunks/turbopack-_08bm286._.js:1913:13)
    at handleApply (http://localhost:3001/_next/static/chunks/turbopack-_08bm286._.js:1976:17)
    at triggerUpdate (http://localhost:3001/_next/static/chunks/%5Bturbopack%5D_browser_dev_hmr-client_hmr-client_ts_1mojsay._.js:456:9)
    at applyAggregatedUpdates (http://localhost:3001/_next/static/chunks/%5Bturbopack%5D_browser_dev_hmr-client_hmr-client_ts_1mojsay._.js:98:9)
    at http://localhost:3001/_next/static/chunks/%5Bturbopack%5D_browser_dev_hmr-client_hmr-client_ts_1mojsay._.js:32:21
    at processTurbopackMessage (http://localhost:3001/_next/static/chunks/node_modules_next_dist_client_0_90u2t._.js:16447:13)
    at processMessage (http://localhost:3001/_next/static/chunks/node_modules_next_dist_client_0_90u2t._.js:16062:17)
    at WebSocket.handleMessage (http://localhost:3001/_next/static/chunks/node_modules_next_dist_client_0_90u2t._.js:16395:52)
[  169161ms] [LOG] [Fast Refresh] done in 3ms @ http://localhost:3001/_next/static/chunks/node_modules_next_dist_1e8vcs8._.js:776
[  169198ms] [LOG] [Fast Refresh] done in 3ms @ http://localhost:3001/_next/static/chunks/node_modules_next_dist_1e8vcs8._.js:776
[  169235ms] [LOG] [Fast Refresh] done in 3ms @ http://localhost:3001/_next/static/chunks/node_modules_next_dist_1e8vcs8._.js:776
[  169271ms] [LOG] [Fast Refresh] done in 3ms @ http://localhost:3001/_next/static/chunks/node_modules_next_dist_1e8vcs8._.js:776
[  169307ms] [LOG] [Fast Refresh] done in 3ms @ http://localhost:3001/_next/static/chunks/node_modules_next_dist_1e8vcs8._.js:776
[  169346ms] [LOG] [Fast Refresh] done in 3ms @ http://localhost:3001/_next/static/chunks/node_modules_next_dist_1e8vcs8._.js:776
[  169382ms] [LOG] [Fast Refresh] done in 3ms @ http://localhost:3001/_next/static/chunks/node_modules_next_dist_1e8vcs8._.js:776
[  169419ms] [LOG] [Fast Refresh] done in 3ms @ http://localhost:3001/_next/static/chunks/node_modules_next_dist_1e8vcs8._.js:776
[  169457ms] [LOG] [Fast Refresh] done in 3ms @ http://localhost:3001/_next/static/chunks/node_modules_next_dist_1e8vcs8._.js:776
[  169493ms] [LOG] [Fast Refresh] done in 3ms @ http://localhost:3001/_next/static/chunks/node_modules_next_dist_1e8vcs8._.js:776
[  169529ms] [LOG] [Fast Refresh] done in 3ms @ http://localhost:3001/_next/static/chunks/node_modules_next_dist_1e8vcs8._.js:776
[  169568ms] [LOG] [Fast Refresh] done in 3ms @ http://localhost:3001/_next/static/chunks/node_modules_next_dist_1e8vcs8._.js:776
[  169606ms] [LOG] [Fast Refresh] done in 3ms @ http://localhost:3001/_next/static/chunks/node_modules_next_dist_1e8vcs8._.js:776
[  169642ms] [LOG] [Fast Refresh] done in 3ms @ http://localhost:3001/_next/static/chunks/node_modules_next_dist_1e8vcs8._.js:776
[  169679ms] [LOG] [Fast Refresh] done in 3ms @ http://localhost:3001/_next/static/chunks/node_modules_next_dist_1e8vcs8._.js:776
[  169715ms] [LOG] [Fast Refresh] done in 3ms @ http://localhost:3001/_next/static/chunks/node_modules_next_dist_1e8vcs8._.js:776
[  169751ms] [LOG] [Fast Refresh] done in 3ms @ http://localhost:3001/_next/static/chunks/node_modules_next_dist_1e8vcs8._.js:776
[  169788ms] [LOG] [Fast Refresh] done in 3ms @ http://localhost:3001/_next/static/chunks/node_modules_next_dist_1e8vcs8._.js:776
[  169826ms] [LOG] [Fast Refresh] done in 3ms @ http://localhost:3001/_next/static/chunks/node_modules_next_dist_1e8vcs8._.js:776
[  169863ms] [LOG] [Fast Refresh] done in 3ms @ http://localhost:3001/_next/static/chunks/node_modules_next_dist_1e8vcs8._.js:776
[  169899ms] [LOG] [Fast Refresh] done in 3ms @ http://localhost:3001/_next/static/chunks/node_modules_next_dist_1e8vcs8._.js:776
[  169936ms] [LOG] [Fast Refresh] done in 3ms @ http://localhost:3001/_next/static/chunks/node_modules_next_dist_1e8vcs8._.js:776
[  169973ms] [LOG] [Fast Refresh] done in 3ms @ http://localhost:3001/_next/static/chunks/node_modules_next_dist_1e8vcs8._.js:776
[  170010ms] [LOG] [Fast Refresh] done in 3ms @ http://localhost:3001/_next/static/chunks/node_modules_next_dist_1e8vcs8._.js:776
[  170049ms] [LOG] [Fast Refresh] done in 3ms @ http://localhost:3001/_next/static/chunks/node_modules_next_dist_1e8vcs8._.js:776
[  170086ms] [LOG] [Fast Refresh] done in 3ms @ http://localhost:3001/_next/static/chunks/node_modules_next_dist_1e8vcs8._.js:776
[  170124ms] [LOG] [Fast Refresh] done in 3ms @ http://localhost:3001/_next/static/chunks/node_modules_next_dist_1e8vcs8._.js:776
[  170160ms] [LOG] [Fast Refresh] done in 3ms @ http://localhost:3001/_next/static/chunks/node_modules_next_dist_1e8vcs8._.js:776
[  170197ms] [LOG] [Fast Refresh] done in 3ms @ http://localhost:3001/_next/static/chunks/node_modules_next_dist_1e8vcs8._.js:776
[  170233ms] [LOG] [Fast Refresh] done in 3ms @ http://localhost:3001/_next/static/chunks/node_modules_next_dist_1e8vcs8._.js:776
[  170270ms] [LOG] [Fast Refresh] done in 3ms @ http://localhost:3001/_next/static/chunks/node_modules_next_dist_1e8vcs8._.js:776
[  170307ms] [LOG] [Fast Refresh] done in 3ms @ http://localhost:3001/_next/static/chunks/node_modules_next_dist_1e8vcs8._.js:776
[  170342ms] [LOG] [Fast Refresh] done in 3ms @ http://localhost:3001/_next/static/chunks/node_modules_next_dist_1e8vcs8._.js:776
[  170379ms] [LOG] [Fast Refresh] done in 3ms @ http://localhost:3001/_next/static/chunks/node_modules_next_dist_1e8vcs8._.js:776
[  170416ms] [LOG] [Fast Refresh] done in 3ms @ http://localhost:3001/_next/static/chunks/node_modules_next_dist_1e8vcs8._.js:776
[  170452ms] [LOG] [Fast Refresh] done in 3ms @ http://localhost:3001/_next/static/chunks/node_modules_next_dist_1e8vcs8._.js:776
[  170488ms] [LOG] [Fast Refresh] done in 3ms @ http://localhost:3001/_next/static/chunks/node_modules_next_dist_1e8vcs8._.js:776
[  170526ms] [LOG] [Fast Refresh] done in 3ms @ http://localhost:3001/_next/static/chunks/node_modules_next_dist_1e8vcs8._.js:776
[  170564ms] [LOG] [Fast Refresh] done in 3ms @ http://localhost:3001/_next/static/chunks/node_modules_next_dist_1e8vcs8._.js:776
[  170601ms] [LOG] [Fast Refresh] done in 3ms @ http://localhost:3001/_next/static/chunks/node_modules_next_dist_1e8vcs8._.js:776
[  170638ms] [LOG] [Fast Refresh] done in 3ms @ http://localhost:3001/_next/static/chunks/node_modules_next_dist_1e8vcs8._.js:776
[  170673ms] [LOG] [Fast Refresh] done in 3ms @ http://localhost:3001/_next/static/chunks/node_modules_next_dist_1e8vcs8._.js:776
[  170709ms] [LOG] [Fast Refresh] done in 3ms @ http://localhost:3001/_next/static/chunks/node_modules_next_dist_1e8vcs8._.js:776
[  170746ms] [LOG] [Fast Refresh] done in 3ms @ http://localhost:3001/_next/static/chunks/node_modules_next_dist_1e8vcs8._.js:776
[  170782ms] [LOG] [Fast Refresh] done in 3ms @ http://localhost:3001/_next/static/chunks/node_modules_next_dist_1e8vcs8._.js:776
[  170819ms] [LOG] [Fast Refresh] done in 3ms @ http://localhost:3001/_next/static/chunks/node_modules_next_dist_1e8vcs8._.js:776
[  170855ms] [LOG] [Fast Refresh] done in 3ms @ http://localhost:3001/_next/static/chunks/node_modules_next_dist_1e8vcs8._.js:776
[  170891ms] [LOG] [Fast Refresh] done in 3ms @ http://localhost:3001/_next/static/chunks/node_modules_next_dist_1e8vcs8._.js:776
[  170929ms] [LOG] [Fast Refresh] done in 3ms @ http://localhost:3001/_next/static/chunks/node_modules_next_dist_1e8vcs8._.js:776
[  170966ms] [LOG] [Fast Refresh] done in 3ms @ http://localhost:3001/_next/static/chunks/node_modules_next_dist_1e8vcs8._.js:776
[  171002ms] [LOG] [Fast Refresh] done in 3ms @ http://localhost:3001/_next/static/chunks/node_modules_next_dist_1e8vcs8._.js:776
[  171040ms] [LOG] [Fast Refresh] done in 3ms @ http://localhost:3001/_next/static/chunks/node_modules_next_dist_1e8vcs8._.js:776
[  171078ms] [LOG] [Fast Refresh] done in 3ms @ http://localhost:3001/_next/static/chunks/node_modules_next_dist_1e8vcs8._.js:776
[  171115ms] [LOG] [Fast Refresh] done in 3ms @ http://localhost:3001/_next/static/chunks/node_modules_next_dist_1e8vcs8._.js:776
[  171151ms] [LOG] [Fast Refresh] done in 3ms @ http://localhost:3001/_next/static/chunks/node_modules_next_dist_1e8vcs8._.js:776
[  171187ms] [LOG] [Fast Refresh] done in 3ms @ http://localhost:3001/_next/static/chunks/node_modules_next_dist_1e8vcs8._.js:776
[  171224ms] [LOG] [Fast Refresh] done in 3ms @ http://localhost:3001/_next/static/chunks/node_modules_next_dist_1e8vcs8._.js:776
[  171259ms] [LOG] [Fast Refresh] done in 3ms @ http://localhost:3001/_next/static/chunks/node_modules_next_dist_1e8vcs8._.js:776
[  171298ms] [LOG] [Fast Refresh] done in 3ms @ http://localhost:3001/_next/static/chunks/node_modules_next_dist_1e8vcs8._.js:776
[  171333ms] [LOG] [Fast Refresh] done in 3ms @ http://localhost:3001/_next/static/chunks/node_modules_next_dist_1e8vcs8._.js:776
[  171369ms] [LOG] [Fast Refresh] done in 3ms @ http://localhost:3001/_next/static/chunks/node_modules_next_dist_1e8vcs8._.js:776
[  171406ms] [LOG] [Fast Refresh] done in 3ms @ http://localhost:3001/_next/static/chunks/node_modules_next_dist_1e8vcs8._.js:776
[  171443ms] [LOG] [Fast Refresh] done in 3ms @ http://localhost:3001/_next/static/chunks/node_modules_next_dist_1e8vcs8._.js:776
[  171480ms] [LOG] [Fast Refresh] done in 3ms @ http://localhost:3001/_next/static/chunks/node_modules_next_dist_1e8vcs8._.js:776
[  171516ms] [LOG] [Fast Refresh] done in 3ms @ http://localhost:3001/_next/static/chunks/node_modules_next_dist_1e8vcs8._.js:776
[  171555ms] [LOG] [Fast Refresh] done in 3ms @ http://localhost:3001/_next/static/chunks/node_modules_next_dist_1e8vcs8._.js:776
[  171592ms] [LOG] [Fast Refresh] done in 3ms @ http://localhost:3001/_next/static/chunks/node_modules_next_dist_1e8vcs8._.js:776
[  171628ms] [LOG] [Fast Refresh] done in 3ms @ http://localhost:3001/_next/static/chunks/node_modules_next_dist_1e8vcs8._.js:776
[  171665ms] [LOG] [Fast Refresh] done in 3ms @ http://localhost:3001/_next/static/chunks/node_modules_next_dist_1e8vcs8._.js:776
[  171700ms] [LOG] [Fast Refresh] done in 3ms @ http://localhost:3001/_next/static/chunks/node_modules_next_dist_1e8vcs8._.js:776
[  171736ms] [LOG] [Fast Refresh] done in 3ms @ http://localhost:3001/_next/static/chunks/node_modules_next_dist_1e8vcs8._.js:776
[  171772ms] [LOG] [Fast Refresh] done in 3ms @ http://localhost:3001/_next/static/chunks/node_modules_next_dist_1e8vcs8._.js:776
[  171809ms] [LOG] [Fast Refresh] done in 3ms @ http://localhost:3001/_next/static/chunks/node_modules_next_dist_1e8vcs8._.js:776
[  171847ms] [LOG] [Fast Refresh] done in 3ms @ http://localhost:3001/_next/static/chunks/node_modules_next_dist_1e8vcs8._.js:776
[  171883ms] [LOG] [Fast Refresh] done in 3ms @ http://localhost:3001/_next/static/chunks/node_modules_next_dist_1e8vcs8._.js:776
[  171920ms] [LOG] [Fast Refresh] done in 3ms @ http://localhost:3001/_next/static/chunks/node_modules_next_dist_1e8vcs8._.js:776
[  171957ms] [LOG] [Fast Refresh] done in 3ms @ http://localhost:3001/_next/static/chunks/node_modules_next_dist_1e8vcs8._.js:776
[  171993ms] [LOG] [Fast Refresh] done in 3ms @ http://localhost:3001/_next/static/chunks/node_modules_next_dist_1e8vcs8._.js:776
[  172030ms] [LOG] [Fast Refresh] done in 3ms @ http://localhost:3001/_next/static/chunks/node_modules_next_dist_1e8vcs8._.js:776
[  172068ms] [LOG] [Fast Refresh] done in 3ms @ http://localhost:3001/_next/static/chunks/node_modules_next_dist_1e8vcs8._.js:776
[  172105ms] [LOG] [Fast Refresh] done in 3ms @ http://localhost:3001/_next/static/chunks/node_modules_next_dist_1e8vcs8._.js:776
[  172136ms] [WARNING] The resource http://localhost:3001/_next/static/chunks/app_0rb983j._.css was preloaded using link preload but not used within a few seconds from the window's load event. Please make sure it has an appropriate `as` value and it is preloaded intentionally. @ http://localhost:3001/:0
[  172173ms] [LOG] [Fast Refresh] done in 3ms @ http://localhost:3001/_next/static/chunks/node_modules_next_dist_1e8vcs8._.js:776
[  172208ms] [LOG] [Fast Refresh] done in 3ms @ http://localhost:3001/_next/static/chunks/node_modules_next_dist_1e8vcs8._.js:776
[  172244ms] [LOG] [Fast Refresh] done in 3ms @ http://localhost:3001/_next/static/chunks/node_modules_next_dist_1e8vcs8._.js:776
[  172281ms] [LOG] [Fast Refresh] done in 3ms @ http://localhost:3001/_next/static/chunks/node_modules_next_dist_1e8vcs8._.js:776
[  172316ms] [LOG] [Fast Refresh] done in 3ms @ http://localhost:3001/_next/static/chunks/node_modules_next_dist_1e8vcs8._.js:776
[  172353ms] [LOG] [Fast Refresh] done in 3ms @ http://localhost:3001/_next/static/chunks/node_modules_next_dist_1e8vcs8._.js:776
[  172389ms] [LOG] [Fast Refresh] done in 3ms @ http://localhost:3001/_next/static/chunks/node_modules_next_dist_1e8vcs8._.js:776
[  172426ms] [LOG] [Fast Refresh] done in 3ms @ http://localhost:3001/_next/static/chunks/node_modules_next_dist_1e8vcs8._.js:776
[  172462ms] [LOG] [Fast Refresh] done in 3ms @ http://localhost:3001/_next/static/chunks/node_modules_next_dist_1e8vcs8._.js:776
[  172499ms] [LOG] [Fast Refresh] done in 3ms @ http://localhost:3001/_next/static/chunks/node_modules_next_dist_1e8vcs8._.js:776
[  172537ms] [LOG] [Fast Refresh] done in 3ms @ http://localhost:3001/_next/static/chunks/node_modules_next_dist_1e8vcs8._.js:776
[  172575ms] [LOG] [Fast Refresh] done in 3ms @ http://localhost:3001/_next/static/chunks/node_modules_next_dist_1e8vcs8._.js:776
[  172610ms] [LOG] [Fast Refresh] done in 3ms @ http://localhost:3001/_next/static/chunks/node_modules_next_dist_1e8vcs8._.js:776
[  172646ms] [LOG] [Fast Refresh] done in 3ms @ http://localhost:3001/_next/static/chunks/node_modules_next_dist_1e8vcs8._.js:776
[  172683ms] [LOG] [Fast Refresh] done in 3ms @ http://localhost:3001/_next/static/chunks/node_modules_next_dist_1e8vcs8._.js:776
[  172721ms] [LOG] [Fast Refresh] done in 3ms @ http://localhost:3001/_next/static/chunks/node_modules_next_dist_1e8vcs8._.js:776
[  172757ms] [LOG] [Fast Refresh] done in 3ms @ http://localhost:3001/_next/static/chunks/node_modules_next_dist_1e8vcs8._.js:776
[  172793ms] [LOG] [Fast Refresh] done in 3ms @ http://localhost:3001/_next/static/chunks/node_modules_next_dist_1e8vcs8._.js:776
[  172830ms] [LOG] [Fast Refresh] done in 3ms @ http://localhost:3001/_next/static/chunks/node_modules_next_dist_1e8vcs8._.js:776
[  172868ms] [LOG] [Fast Refresh] done in 3ms @ http://localhost:3001/_next/static/chunks/node_modules_next_dist_1e8vcs8._.js:776
[  172905ms] [LOG] [Fast Refresh] done in 3ms @ http://localhost:3001/_next/static/chunks/node_modules_next_dist_1e8vcs8._.js:776
[  172940ms] [LOG] [Fast Refresh] done in 3ms @ http://localhost:3001/_next/static/chunks/node_modules_next_dist_1e8vcs8._.js:776
[  172978ms] [LOG] [Fast Refresh] done in 3ms @ http://localhost:3001/_next/static/chunks/node_modules_next_dist_1e8vcs8._.js:776
[  173013ms] [LOG] [Fast Refresh] done in 3ms @ http://localhost:3001/_next/static/chunks/node_modules_next_dist_1e8vcs8._.js:776
[  173050ms] [LOG] [Fast Refresh] done in 3ms @ http://localhost:3001/_next/static/chunks/node_modules_next_dist_1e8vcs8._.js:776
[  173086ms] [LOG] [Fast Refresh] done in 3ms @ http://localhost:3001/_next/static/chunks/node_modules_next_dist_1e8vcs8._.js:776
[  173123ms] [LOG] [Fast Refresh] done in 3ms @ http://localhost:3001/_next/static/chunks/node_modules_next_dist_1e8vcs8._.js:776
[  173158ms] [LOG] [Fast Refresh] done in 3ms @ http://localhost:3001/_next/static/chunks/node_modules_next_dist_1e8vcs8._.js:776
[  173195ms] [LOG] [Fast Refresh] done in 3ms @ http://localhost:3001/_next/static/chunks/node_modules_next_dist_1e8vcs8._.js:776
[  173232ms] [LOG] [Fast Refresh] done in 3ms @ http://localhost:3001/_next/static/chunks/node_modules_next_dist_1e8vcs8._.js:776
[  173268ms] [LOG] [Fast Refresh] done in 3ms @ http://localhost:3001/_next/static/chunks/node_modules_next_dist_1e8vcs8._.js:776
[  173305ms] [LOG] [Fast Refresh] done in 3ms @ http://localhost:3001/_next/static/chunks/node_modules_next_dist_1e8vcs8._.js:776
[  173341ms] [LOG] [Fast Refresh] done in 3ms @ http://localhost:3001/_next/static/chunks/node_modules_next_dist_1e8vcs8._.js:776
[  173377ms] [LOG] [Fast Refresh] done in 3ms @ http://localhost:3001/_next/static/chunks/node_modules_next_dist_1e8vcs8._.js:776
[  173413ms] [LOG] [Fast Refresh] done in 3ms @ http://localhost:3001/_next/static/chunks/node_modules_next_dist_1e8vcs8._.js:776
[  173451ms] [LOG] [Fast Refresh] done in 3ms @ http://localhost:3001/_next/static/chunks/node_modules_next_dist_1e8vcs8._.js:776
[  173486ms] [LOG] [Fast Refresh] done in 3ms @ http://localhost:3001/_next/static/chunks/node_modules_next_dist_1e8vcs8._.js:776
[  173522ms] [LOG] [Fast Refresh] done in 3ms @ http://localhost:3001/_next/static/chunks/node_modules_next_dist_1e8vcs8._.js:776
[  173559ms] [LOG] [Fast Refresh] done in 3ms @ http://localhost:3001/_next/static/chunks/node_modules_next_dist_1e8vcs8._.js:776
[  173596ms] [LOG] [Fast Refresh] done in 3ms @ http://localhost:3001/_next/static/chunks/node_modules_next_dist_1e8vcs8._.js:776
[  173632ms] [LOG] [Fast Refresh] done in 3ms @ http://localhost:3001/_next/static/chunks/node_modules_next_dist_1e8vcs8._.js:776
[  173671ms] [LOG] [Fast Refresh] done in 3ms @ http://localhost:3001/_next/static/chunks/node_modules_next_dist_1e8vcs8._.js:776
[  173708ms] [LOG] [Fast Refresh] done in 3ms @ http://localhost:3001/_next/static/chunks/node_modules_next_dist_1e8vcs8._.js:776
[  173746ms] [LOG] [Fast Refresh] done in 3ms @ http://localhost:3001/_next/static/chunks/node_modules_next_dist_1e8vcs8._.js:776
[  173783ms] [LOG] [Fast Refresh] done in 3ms @ http://localhost:3001/_next/static/chunks/node_modules_next_dist_1e8vcs8._.js:776
[  173820ms] [LOG] [Fast Refresh] done in 3ms @ http://localhost:3001/_next/static/chunks/node_modules_next_dist_1e8vcs8._.js:776
[  173857ms] [LOG] [Fast Refresh] done in 3ms @ http://localhost:3001/_next/static/chunks/node_modules_next_dist_1e8vcs8._.js:776
[  173895ms] [LOG] [Fast Refresh] done in 3ms @ http://localhost:3001/_next/static/chunks/node_modules_next_dist_1e8vcs8._.js:776
[  173930ms] [LOG] [Fast Refresh] done in 3ms @ http://localhost:3001/_next/static/chunks/node_modules_next_dist_1e8vcs8._.js:776
[  173967ms] [LOG] [Fast Refresh] done in 3ms @ http://localhost:3001/_next/static/chunks/node_modules_next_dist_1e8vcs8._.js:776
[  174003ms] [LOG] [Fast Refresh] done in 3ms @ http://localhost:3001/_next/static/chunks/node_modules_next_dist_1e8vcs8._.js:776
[  174040ms] [LOG] [Fast Refresh] done in 3ms @ http://localhost:3001/_next/static/chunks/node_modules_next_dist_1e8vcs8._.js:776
[  174079ms] [LOG] [Fast Refresh] done in 3ms @ http://localhost:3001/_next/static/chunks/node_modules_next_dist_1e8vcs8._.js:776
[  174114ms] [LOG] [Fast Refresh] done in 3ms @ http://localhost:3001/_next/static/chunks/node_modules_next_dist_1e8vcs8._.js:776
[  174153ms] [LOG] [Fast Refresh] done in 3ms @ http://localhost:3001/_next/static/chunks/node_modules_next_dist_1e8vcs8._.js:776
[  174188ms] [LOG] [Fast Refresh] done in 3ms @ http://localhost:3001/_next/static/chunks/node_modules_next_dist_1e8vcs8._.js:776
[  174225ms] [LOG] [Fast Refresh] done in 3ms @ http://localhost:3001/_next/static/chunks/node_modules_next_dist_1e8vcs8._.js:776
[  174260ms] [LOG] [Fast Refresh] done in 3ms @ http://localhost:3001/_next/static/chunks/node_modules_next_dist_1e8vcs8._.js:776
[  174295ms] [LOG] [Fast Refresh] done in 3ms @ http://localhost:3001/_next/static/chunks/node_modules_next_dist_1e8vcs8._.js:776
[  174332ms] [LOG] [Fast Refresh] done in 3ms @ http://localhost:3001/_next/static/chunks/node_modules_next_dist_1e8vcs8._.js:776
[  174368ms] [LOG] [Fast Refresh] done in 3ms @ http://localhost:3001/_next/static/chunks/node_modules_next_dist_1e8vcs8._.js:776
[  174405ms] [LOG] [Fast Refresh] done in 3ms @ http://localhost:3001/_next/static/chunks/node_modules_next_dist_1e8vcs8._.js:776
[  174441ms] [LOG] [Fast Refresh] done in 3ms @ http://localhost:3001/_next/static/chunks/node_modules_next_dist_1e8vcs8._.js:776
[  174478ms] [LOG] [Fast Refresh] done in 3ms @ http://localhost:3001/_next/static/chunks/node_modules_next_dist_1e8vcs8._.js:776
[  174514ms] [LOG] [Fast Refresh] done in 3ms @ http://localhost:3001/_next/static/chunks/node_modules_next_dist_1e8vcs8._.js:776
[  174550ms] [LOG] [Fast Refresh] done in 3ms @ http://localhost:3001/_next/static/chunks/node_modules_next_dist_1e8vcs8._.js:776
[  174587ms] [LOG] [Fast Refresh] done in 3ms @ http://localhost:3001/_next/static/chunks/node_modules_next_dist_1e8vcs8._.js:776
[  174624ms] [LOG] [Fast Refresh] done in 3ms @ http://localhost:3001/_next/static/chunks/node_modules_next_dist_1e8vcs8._.js:776
[  174662ms] [LOG] [Fast Refresh] done in 3ms @ http://localhost:3001/_next/static/chunks/node_modules_next_dist_1e8vcs8._.js:776
[  174700ms] [LOG] [Fast Refresh] done in 3ms @ http://localhost:3001/_next/static/chunks/node_modules_next_dist_1e8vcs8._.js:776
[  174736ms] [LOG] [Fast Refresh] done in 3ms @ http://localhost:3001/_next/static/chunks/node_modules_next_dist_1e8vcs8._.js:776
[  174772ms] [LOG] [Fast Refresh] done in 3ms @ http://localhost:3001/_next/static/chunks/node_modules_next_dist_1e8vcs8._.js:776
[  174809ms] [LOG] [Fast Refresh] done in 3ms @ http://localhost:3001/_next/static/chunks/node_modules_next_dist_1e8vcs8._.js:776
[  174846ms] [LOG] [Fast Refresh] done in 3ms @ http://localhost:3001/_next/static/chunks/node_modules_next_dist_1e8vcs8._.js:776
[  174882ms] [LOG] [Fast Refresh] done in 3ms @ http://localhost:3001/_next/static/chunks/node_modules_next_dist_1e8vcs8._.js:776
[  174919ms] [LOG] [Fast Refresh] done in 3ms @ http://localhost:3001/_next/static/chunks/node_modules_next_dist_1e8vcs8._.js:776
[  174957ms] [LOG] [Fast Refresh] done in 3ms @ http://localhost:3001/_next/static/chunks/node_modules_next_dist_1e8vcs8._.js:776
[  174992ms] [LOG] [Fast Refresh] done in 3ms @ http://localhost:3001/_next/static/chunks/node_modules_next_dist_1e8vcs8._.js:776
[  175028ms] [LOG] [Fast Refresh] done in 3ms @ http://localhost:3001/_next/static/chunks/node_modules_next_dist_1e8vcs8._.js:776
[  175065ms] [LOG] [Fast Refresh] done in 3ms @ http://localhost:3001/_next/static/chunks/node_modules_next_dist_1e8vcs8._.js:776
[  175103ms] [LOG] [Fast Refresh] done in 3ms @ http://localhost:3001/_next/static/chunks/node_modules_next_dist_1e8vcs8._.js:776
[  175140ms] [LOG] [Fast Refresh] done in 3ms @ http://localhost:3001/_next/static/chunks/node_modules_next_dist_1e8vcs8._.js:776
[  175177ms] [LOG] [Fast Refresh] done in 3ms @ http://localhost:3001/_next/static/chunks/node_modules_next_dist_1e8vcs8._.js:776
[  175214ms] [LOG] [Fast Refresh] done in 3ms @ http://localhost:3001/_next/static/chunks/node_modules_next_dist_1e8vcs8._.js:776
[  175250ms] [LOG] [Fast Refresh] done in 3ms @ http://localhost:3001/_next/static/chunks/node_modules_next_dist_1e8vcs8._.js:776
[  175287ms] [LOG] [Fast Refresh] done in 3ms @ http://localhost:3001/_next/static/chunks/node_modules_next_dist_1e8vcs8._.js:776
[  175323ms] [LOG] [Fast Refresh] done in 3ms @ http://localhost:3001/_next/static/chunks/node_modules_next_dist_1e8vcs8._.js:776
[  175360ms] [LOG] [Fast Refresh] done in 3ms @ http://localhost:3001/_next/static/chunks/node_modules_next_dist_1e8vcs8._.js:776
[  175396ms] [LOG] [Fast Refresh] done in 3ms @ http://localhost:3001/_next/static/chunks/node_modules_next_dist_1e8vcs8._.js:776
[  175432ms] [LOG] [Fast Refresh] done in 3ms @ http://localhost:3001/_next/static/chunks/node_modules_next_dist_1e8vcs8._.js:776
[  175468ms] [LOG] [Fast Refresh] done in 3ms @ http://localhost:3001/_next/static/chunks/node_modules_next_dist_1e8vcs8._.js:776
[  175505ms] [LOG] [Fast Refresh] done in 3ms @ http://localhost:3001/_next/static/chunks/node_modules_next_dist_1e8vcs8._.js:776
[  175542ms] [LOG] [Fast Refresh] done in 3ms @ http://localhost:3001/_next/static/chunks/node_modules_next_dist_1e8vcs8._.js:776
[  175578ms] [LOG] [Fast Refresh] done in 3ms @ http://localhost:3001/_next/static/chunks/node_modules_next_dist_1e8vcs8._.js:776
[  175614ms] [LOG] [Fast Refresh] done in 3ms @ http://localhost:3001/_next/static/chunks/node_modules_next_dist_1e8vcs8._.js:776
[  175652ms] [LOG] [Fast Refresh] done in 3ms @ http://localhost:3001/_next/static/chunks/node_modules_next_dist_1e8vcs8._.js:776
[  175687ms] [LOG] [Fast Refresh] done in 3ms @ http://localhost:3001/_next/static/chunks/node_modules_next_dist_1e8vcs8._.js:776
[  175723ms] [LOG] [Fast Refresh] done in 3ms @ http://localhost:3001/_next/static/chunks/node_modules_next_dist_1e8vcs8._.js:776
[  175760ms] [LOG] [Fast Refresh] done in 3ms @ http://localhost:3001/_next/static/chunks/node_modules_next_dist_1e8vcs8._.js:776
[  175796ms] [LOG] [Fast Refresh] done in 3ms @ http://localhost:3001/_next/static/chunks/node_modules_next_dist_1e8vcs8._.js:776
[  175832ms] [LOG] [Fast Refresh] done in 3ms @ http://localhost:3001/_next/static/chunks/node_modules_next_dist_1e8vcs8._.js:776
[  175868ms] [LOG] [Fast Refresh] done in 3ms @ http://localhost:3001/_next/static/chunks/node_modules_next_dist_1e8vcs8._.js:776
[  175905ms] [LOG] [Fast Refresh] done in 3ms @ http://localhost:3001/_next/static/chunks/node_modules_next_dist_1e8vcs8._.js:776
[  175941ms] [LOG] [Fast Refresh] done in 3ms @ http://localhost:3001/_next/static/chunks/node_modules_next_dist_1e8vcs8._.js:776
[  175978ms] [LOG] [Fast Refresh] done in 3ms @ http://localhost:3001/_next/static/chunks/node_modules_next_dist_1e8vcs8._.js:776
[  176015ms] [LOG] [Fast Refresh] done in 3ms @ http://localhost:3001/_next/static/chunks/node_modules_next_dist_1e8vcs8._.js:776
[  176052ms] [LOG] [Fast Refresh] done in 3ms @ http://localhost:3001/_next/static/chunks/node_modules_next_dist_1e8vcs8._.js:776
[  176089ms] [LOG] [Fast Refresh] done in 3ms @ http://localhost:3001/_next/static/chunks/node_modules_next_dist_1e8vcs8._.js:776
[  176125ms] [LOG] [Fast Refresh] done in 3ms @ http://localhost:3001/_next/static/chunks/node_modules_next_dist_1e8vcs8._.js:776
[  176160ms] [LOG] [Fast Refresh] done in 3ms @ http://localhost:3001/_next/static/chunks/node_modules_next_dist_1e8vcs8._.js:776
[  176197ms] [LOG] [Fast Refresh] done in 3ms @ http://localhost:3001/_next/static/chunks/node_modules_next_dist_1e8vcs8._.js:776
[  176233ms] [LOG] [Fast Refresh] done in 3ms @ http://localhost:3001/_next/static/chunks/node_modules_next_dist_1e8vcs8._.js:776
[  176269ms] [LOG] [Fast Refresh] done in 3ms @ http://localhost:3001/_next/static/chunks/node_modules_next_dist_1e8vcs8._.js:776
[  176306ms] [LOG] [Fast Refresh] done in 3ms @ http://localhost:3001/_next/static/chunks/node_modules_next_dist_1e8vcs8._.js:776
[  176342ms] [LOG] [Fast Refresh] done in 3ms @ http://localhost:3001/_next/static/chunks/node_modules_next_dist_1e8vcs8._.js:776
[  176377ms] [LOG] [Fast Refresh] done in 3ms @ http://localhost:3001/_next/static/chunks/node_modules_next_dist_1e8vcs8._.js:776
[  176415ms] [LOG] [Fast Refresh] done in 3ms @ http://localhost:3001/_next/static/chunks/node_modules_next_dist_1e8vcs8._.js:776
[  176452ms] [LOG] [Fast Refresh] done in 3ms @ http://localhost:3001/_next/static/chunks/node_modules_next_dist_1e8vcs8._.js:776
[  176489ms] [LOG] [Fast Refresh] done in 3ms @ http://localhost:3001/_next/static/chunks/node_modules_next_dist_1e8vcs8._.js:776
[  176526ms] [LOG] [Fast Refresh] done in 3ms @ http://localhost:3001/_next/static/chunks/node_modules_next_dist_1e8vcs8._.js:776
[  176563ms] [LOG] [Fast Refresh] done in 3ms @ http://localhost:3001/_next/static/chunks/node_modules_next_dist_1e8vcs8._.js:776
[  176601ms] [LOG] [Fast Refresh] done in 3ms @ http://localhost:3001/_next/static/chunks/node_modules_next_dist_1e8vcs8._.js:776
[  176637ms] [LOG] [Fast Refresh] done in 3ms @ http://localhost:3001/_next/static/chunks/node_modules_next_dist_1e8vcs8._.js:776
[  176674ms] [LOG] [Fast Refresh] done in 3ms @ http://localhost:3001/_next/static/chunks/node_modules_next_dist_1e8vcs8._.js:776
[  176712ms] [LOG] [Fast Refresh] done in 3ms @ http://localhost:3001/_next/static/chunks/node_modules_next_dist_1e8vcs8._.js:776
[  176749ms] [LOG] [Fast Refresh] done in 3ms @ http://localhost:3001/_next/static/chunks/node_modules_next_dist_1e8vcs8._.js:776
[  176785ms] [LOG] [Fast Refresh] done in 3ms @ http://localhost:3001/_next/static/chunks/node_modules_next_dist_1e8vcs8._.js:776
[  176822ms] [LOG] [Fast Refresh] done in 3ms @ http://localhost:3001/_next/static/chunks/node_modules_next_dist_1e8vcs8._.js:776
[  176860ms] [LOG] [Fast Refresh] done in 3ms @ http://localhost:3001/_next/static/chunks/node_modules_next_dist_1e8vcs8._.js:776
[  176896ms] [LOG] [Fast Refresh] done in 3ms @ http://localhost:3001/_next/static/chunks/node_modules_next_dist_1e8vcs8._.js:776
[  176934ms] [LOG] [Fast Refresh] done in 3ms @ http://localhost:3001/_next/static/chunks/node_modules_next_dist_1e8vcs8._.js:776
[  176970ms] [LOG] [Fast Refresh] done in 3ms @ http://localhost:3001/_next/static/chunks/node_modules_next_dist_1e8vcs8._.js:776
[  177006ms] [LOG] [Fast Refresh] done in 3ms @ http://localhost:3001/_next/static/chunks/node_modules_next_dist_1e8vcs8._.js:776
[  177043ms] [LOG] [Fast Refresh] done in 3ms @ http://localhost:3001/_next/static/chunks/node_modules_next_dist_1e8vcs8._.js:776
[  177078ms] [LOG] [Fast Refresh] done in 3ms @ http://localhost:3001/_next/static/chunks/node_modules_next_dist_1e8vcs8._.js:776
[  177117ms] [LOG] [Fast Refresh] done in 3ms @ http://localhost:3001/_next/static/chunks/node_modules_next_dist_1e8vcs8._.js:776
[  177153ms] [LOG] [Fast Refresh] done in 3ms @ http://localhost:3001/_next/static/chunks/node_modules_next_dist_1e8vcs8._.js:776
[  177190ms] [LOG] [Fast Refresh] done in 3ms @ http://localhost:3001/_next/static/chunks/node_modules_next_dist_1e8vcs8._.js:776
[  177227ms] [LOG] [Fast Refresh] done in 3ms @ http://localhost:3001/_next/static/chunks/node_modules_next_dist_1e8vcs8._.js:776
[  177262ms] [LOG] [Fast Refresh] done in 3ms @ http://localhost:3001/_next/static/chunks/node_modules_next_dist_1e8vcs8._.js:776
[  177299ms] [LOG] [Fast Refresh] done in 3ms @ http://localhost:3001/_next/static/chunks/node_modules_next_dist_1e8vcs8._.js:776
[  177336ms] [LOG] [Fast Refresh] done in 3ms @ http://localhost:3001/_next/static/chunks/node_modules_next_dist_1e8vcs8._.js:776
[  177373ms] [LOG] [Fast Refresh] done in 3ms @ http://localhost:3001/_next/static/chunks/node_modules_next_dist_1e8vcs8._.js:776
[  177410ms] [LOG] [Fast Refresh] done in 3ms @ http://localhost:3001/_next/static/chunks/node_modules_next_dist_1e8vcs8._.js:776
[  177448ms] [LOG] [Fast Refresh] done in 3ms @ http://localhost:3001/_next/static/chunks/node_modules_next_dist_1e8vcs8._.js:776
[  177485ms] [LOG] [Fast Refresh] done in 3ms @ http://localhost:3001/_next/static/chunks/node_modules_next_dist_1e8vcs8._.js:776
[  177522ms] [LOG] [Fast Refresh] done in 3ms @ http://localhost:3001/_next/static/chunks/node_modules_next_dist_1e8vcs8._.js:776
[  177559ms] [LOG] [Fast Refresh] done in 3ms @ http://localhost:3001/_next/static/chunks/node_modules_next_dist_1e8vcs8._.js:776
[  177597ms] [LOG] [Fast Refresh] done in 3ms @ http://localhost:3001/_next/static/chunks/node_modules_next_dist_1e8vcs8._.js:776
[  177633ms] [LOG] [Fast Refresh] done in 3ms @ http://localhost:3001/_next/static/chunks/node_modules_next_dist_1e8vcs8._.js:776
[  177669ms] [LOG] [Fast Refresh] done in 3ms @ http://localhost:3001/_next/static/chunks/node_modules_next_dist_1e8vcs8._.js:776
[  177705ms] [LOG] [Fast Refresh] done in 3ms @ http://localhost:3001/_next/static/chunks/node_modules_next_dist_1e8vcs8._.js:776
[  177742ms] [LOG] [Fast Refresh] done in 3ms @ http://localhost:3001/_next/static/chunks/node_modules_next_dist_1e8vcs8._.js:776
[  177778ms] [LOG] [Fast Refresh] done in 3ms @ http://localhost:3001/_next/static/chunks/node_modules_next_dist_1e8vcs8._.js:776
[  177815ms] [LOG] [Fast Refresh] done in 3ms @ http://localhost:3001/_next/static/chunks/node_modules_next_dist_1e8vcs8._.js:776
[  177852ms] [LOG] [Fast Refresh] done in 3ms @ http://localhost:3001/_next/static/chunks/node_modules_next_dist_1e8vcs8._.js:776
[  177889ms] [LOG] [Fast Refresh] done in 3ms @ http://localhost:3001/_next/static/chunks/node_modules_next_dist_1e8vcs8._.js:776
[  177927ms] [LOG] [Fast Refresh] done in 3ms @ http://localhost:3001/_next/static/chunks/node_modules_next_dist_1e8vcs8._.js:776
[  177964ms] [LOG] [Fast Refresh] done in 3ms @ http://localhost:3001/_next/static/chunks/node_modules_next_dist_1e8vcs8._.js:776
[  178001ms] [LOG] [Fast Refresh] done in 3ms @ http://localhost:3001/_next/static/chunks/node_modules_next_dist_1e8vcs8._.js:776
[  178040ms] [LOG] [Fast Refresh] done in 3ms @ http://localhost:3001/_next/static/chunks/node_modules_next_dist_1e8vcs8._.js:776
[  178077ms] [LOG] [Fast Refresh] done in 3ms @ http://localhost:3001/_next/static/chunks/node_modules_next_dist_1e8vcs8._.js:776
[  178114ms] [LOG] [Fast Refresh] done in 3ms @ http://localhost:3001/_next/static/chunks/node_modules_next_dist_1e8vcs8._.js:776
[  178150ms] [LOG] [Fast Refresh] done in 3ms @ http://localhost:3001/_next/static/chunks/node_modules_next_dist_1e8vcs8._.js:776
[  178187ms] [LOG] [Fast Refresh] done in 3ms @ http://localhost:3001/_next/static/chunks/node_modules_next_dist_1e8vcs8._.js:776
[  178222ms] [LOG] [Fast Refresh] done in 3ms @ http://localhost:3001/_next/static/chunks/node_modules_next_dist_1e8vcs8._.js:776
[  178259ms] [LOG] [Fast Refresh] done in 3ms @ http://localhost:3001/_next/static/chunks/node_modules_next_dist_1e8vcs8._.js:776
[  178294ms] [LOG] [Fast Refresh] done in 3ms @ http://localhost:3001/_next/static/chunks/node_modules_next_dist_1e8vcs8._.js:776
[  178332ms] [LOG] [Fast Refresh] done in 3ms @ http://localhost:3001/_next/static/chunks/node_modules_next_dist_1e8vcs8._.js:776
[  178369ms] [LOG] [Fast Refresh] done in 3ms @ http://localhost:3001/_next/static/chunks/node_modules_next_dist_1e8vcs8._.js:776
[  178404ms] [LOG] [Fast Refresh] done in 3ms @ http://localhost:3001/_next/static/chunks/node_modules_next_dist_1e8vcs8._.js:776
[  178440ms] [LOG] [Fast Refresh] done in 3ms @ http://localhost:3001/_next/static/chunks/node_modules_next_dist_1e8vcs8._.js:776
[  178477ms] [LOG] [Fast Refresh] done in 3ms @ http://localhost:3001/_next/static/chunks/node_modules_next_dist_1e8vcs8._.js:776
[  178515ms] [LOG] [Fast Refresh] done in 3ms @ http://localhost:3001/_next/static/chunks/node_modules_next_dist_1e8vcs8._.js:776
[  178551ms] [LOG] [Fast Refresh] done in 3ms @ http://localhost:3001/_next/static/chunks/node_modules_next_dist_1e8vcs8._.js:776
[  178587ms] [LOG] [Fast Refresh] done in 3ms @ http://localhost:3001/_next/static/chunks/node_modules_next_dist_1e8vcs8._.js:776
[  178624ms] [LOG] [Fast Refresh] done in 3ms @ http://localhost:3001/_next/static/chunks/node_modules_next_dist_1e8vcs8._.js:776
[  178660ms] [LOG] [Fast Refresh] done in 3ms @ http://localhost:3001/_next/static/chunks/node_modules_next_dist_1e8vcs8._.js:776
[  178696ms] [LOG] [Fast Refresh] done in 3ms @ http://localhost:3001/_next/static/chunks/node_modules_next_dist_1e8vcs8._.js:776
[  178730ms] [LOG] [Fast Refresh] done in 3ms @ http://localhost:3001/_next/static/chunks/node_modules_next_dist_1e8vcs8._.js:776
[  178769ms] [LOG] [Fast Refresh] done in 3ms @ http://localhost:3001/_next/static/chunks/node_modules_next_dist_1e8vcs8._.js:776
[  178805ms] [LOG] [Fast Refresh] done in 3ms @ http://localhost:3001/_next/static/chunks/node_modules_next_dist_1e8vcs8._.js:776
[  178841ms] [LOG] [Fast Refresh] done in 3ms @ http://localhost:3001/_next/static/chunks/node_modules_next_dist_1e8vcs8._.js:776
[  178877ms] [LOG] [Fast Refresh] done in 3ms @ http://localhost:3001/_next/static/chunks/node_modules_next_dist_1e8vcs8._.js:776
[  178913ms] [LOG] [Fast Refresh] done in 3ms @ http://localhost:3001/_next/static/chunks/node_modules_next_dist_1e8vcs8._.js:776
[  178950ms] [LOG] [Fast Refresh] done in 3ms @ http://localhost:3001/_next/static/chunks/node_modules_next_dist_1e8vcs8._.js:776
[  178985ms] [LOG] [Fast Refresh] done in 3ms @ http://localhost:3001/_next/static/chunks/node_modules_next_dist_1e8vcs8._.js:776
[  179022ms] [LOG] [Fast Refresh] done in 3ms @ http://localhost:3001/_next/static/chunks/node_modules_next_dist_1e8vcs8._.js:776
[  179057ms] [LOG] [Fast Refresh] done in 3ms @ http://localhost:3001/_next/static/chunks/node_modules_next_dist_1e8vcs8._.js:776
[  179093ms] [LOG] [Fast Refresh] done in 3ms @ http://localhost:3001/_next/static/chunks/node_modules_next_dist_1e8vcs8._.js:776
[  179130ms] [LOG] [Fast Refresh] done in 3ms @ http://localhost:3001/_next/static/chunks/node_modules_next_dist_1e8vcs8._.js:776
[  179167ms] [LOG] [Fast Refresh] done in 3ms @ http://localhost:3001/_next/static/chunks/node_modules_next_dist_1e8vcs8._.js:776
[  179203ms] [LOG] [Fast Refresh] done in 3ms @ http://localhost:3001/_next/static/chunks/node_modules_next_dist_1e8vcs8._.js:776
[  179242ms] [LOG] [Fast Refresh] done in 3ms @ http://localhost:3001/_next/static/chunks/node_modules_next_dist_1e8vcs8._.js:776
[  179277ms] [LOG] [Fast Refresh] done in 3ms @ http://localhost:3001/_next/static/chunks/node_modules_next_dist_1e8vcs8._.js:776
[  179314ms] [LOG] [Fast Refresh] done in 3ms @ http://localhost:3001/_next/static/chunks/node_modules_next_dist_1e8vcs8._.js:776
[  179350ms] [LOG] [Fast Refresh] done in 3ms @ http://localhost:3001/_next/static/chunks/node_modules_next_dist_1e8vcs8._.js:776
[  179385ms] [LOG] [Fast Refresh] done in 3ms @ http://localhost:3001/_next/static/chunks/node_modules_next_dist_1e8vcs8._.js:776
[  179423ms] [LOG] [Fast Refresh] done in 3ms @ http://localhost:3001/_next/static/chunks/node_modules_next_dist_1e8vcs8._.js:776
[  179461ms] [LOG] [Fast Refresh] done in 3ms @ http://localhost:3001/_next/static/chunks/node_modules_next_dist_1e8vcs8._.js:776
[  179499ms] [LOG] [Fast Refresh] done in 3ms @ http://localhost:3001/_next/static/chunks/node_modules_next_dist_1e8vcs8._.js:776
[  179535ms] [LOG] [Fast Refresh] done in 3ms @ http://localhost:3001/_next/static/chunks/node_modules_next_dist_1e8vcs8._.js:776
[  179571ms] [LOG] [Fast Refresh] done in 3ms @ http://localhost:3001/_next/static/chunks/node_modules_next_dist_1e8vcs8._.js:776
[  179608ms] [LOG] [Fast Refresh] done in 3ms @ http://localhost:3001/_next/static/chunks/node_modules_next_dist_1e8vcs8._.js:776
[  179645ms] [LOG] [Fast Refresh] done in 3ms @ http://localhost:3001/_next/static/chunks/node_modules_next_dist_1e8vcs8._.js:776
[  179681ms] [LOG] [Fast Refresh] done in 3ms @ http://localhost:3001/_next/static/chunks/node_modules_next_dist_1e8vcs8._.js:776
[  179716ms] [LOG] [Fast Refresh] done in 3ms @ http://localhost:3001/_next/static/chunks/node_modules_next_dist_1e8vcs8._.js:776
[  179752ms] [LOG] [Fast Refresh] done in 3ms @ http://localhost:3001/_next/static/chunks/node_modules_next_dist_1e8vcs8._.js:776
[  179790ms] [LOG] [Fast Refresh] done in 3ms @ http://localhost:3001/_next/static/chunks/node_modules_next_dist_1e8vcs8._.js:776
[  179826ms] [LOG] [Fast Refresh] done in 3ms @ http://localhost:3001/_next/static/chunks/node_modules_next_dist_1e8vcs8._.js:776
[  179863ms] [LOG] [Fast Refresh] done in 3ms @ http://localhost:3001/_next/static/chunks/node_modules_next_dist_1e8vcs8._.js:776
[  179901ms] [LOG] [Fast Refresh] done in 3ms @ http://localhost:3001/_next/static/chunks/node_modules_next_dist_1e8vcs8._.js:776
[  179939ms] [LOG] [Fast Refresh] done in 3ms @ http://localhost:3001/_next/static/chunks/node_modules_next_dist_1e8vcs8._.js:776
[  179976ms] [LOG] [Fast Refresh] done in 3ms @ http://localhost:3001/_next/static/chunks/node_modules_next_dist_1e8vcs8._.js:776
[  180011ms] [LOG] [Fast Refresh] done in 3ms @ http://localhost:3001/_next/static/chunks/node_modules_next_dist_1e8vcs8._.js:776
[  180048ms] [LOG] [Fast Refresh] done in 3ms @ http://localhost:3001/_next/static/chunks/node_modules_next_dist_1e8vcs8._.js:776
[  180085ms] [LOG] [Fast Refresh] done in 3ms @ http://localhost:3001/_next/static/chunks/node_modules_next_dist_1e8vcs8._.js:776
[  180123ms] [LOG] [Fast Refresh] done in 3ms @ http://localhost:3001/_next/static/chunks/node_modules_next_dist_1e8vcs8._.js:776
[  180159ms] [LOG] [Fast Refresh] done in 3ms @ http://localhost:3001/_next/static/chunks/node_modules_next_dist_1e8vcs8._.js:776
[  180195ms] [LOG] [Fast Refresh] done in 3ms @ http://localhost:3001/_next/static/chunks/node_modules_next_dist_1e8vcs8._.js:776
[  180231ms] [LOG] [Fast Refresh] done in 3ms @ http://localhost:3001/_next/static/chunks/node_modules_next_dist_1e8vcs8._.js:776
[  180269ms] [LOG] [Fast Refresh] done in 3ms @ http://localhost:3001/_next/static/chunks/node_modules_next_dist_1e8vcs8._.js:776
[  180307ms] [LOG] [Fast Refresh] done in 3ms @ http://localhost:3001/_next/static/chunks/node_modules_next_dist_1e8vcs8._.js:776
[  180346ms] [LOG] [Fast Refresh] done in 3ms @ http://localhost:3001/_next/static/chunks/node_modules_next_dist_1e8vcs8._.js:776
[  180382ms] [LOG] [Fast Refresh] done in 3ms @ http://localhost:3001/_next/static/chunks/node_modules_next_dist_1e8vcs8._.js:776
[  180418ms] [LOG] [Fast Refresh] done in 3ms @ http://localhost:3001/_next/static/chunks/node_modules_next_dist_1e8vcs8._.js:776
[  180457ms] [LOG] [Fast Refresh] done in 3ms @ http://localhost:3001/_next/static/chunks/node_modules_next_dist_1e8vcs8._.js:776
[  180494ms] [LOG] [Fast Refresh] done in 3ms @ http://localhost:3001/_next/static/chunks/node_modules_next_dist_1e8vcs8._.js:776
[  180530ms] [LOG] [Fast Refresh] done in 3ms @ http://localhost:3001/_next/static/chunks/node_modules_next_dist_1e8vcs8._.js:776
[  180568ms] [LOG] [Fast Refresh] done in 3ms @ http://localhost:3001/_next/static/chunks/node_modules_next_dist_1e8vcs8._.js:776
[  180603ms] [LOG] [Fast Refresh] done in 3ms @ http://localhost:3001/_next/static/chunks/node_modules_next_dist_1e8vcs8._.js:776
[  180640ms] [LOG] [Fast Refresh] done in 3ms @ http://localhost:3001/_next/static/chunks/node_modules_next_dist_1e8vcs8._.js:776
[  180677ms] [LOG] [Fast Refresh] done in 3ms @ http://localhost:3001/_next/static/chunks/node_modules_next_dist_1e8vcs8._.js:776
[  180715ms] [LOG] [Fast Refresh] done in 3ms @ http://localhost:3001/_next/static/chunks/node_modules_next_dist_1e8vcs8._.js:776
[  180752ms] [LOG] [Fast Refresh] done in 3ms @ http://localhost:3001/_next/static/chunks/node_modules_next_dist_1e8vcs8._.js:776
[  180790ms] [LOG] [Fast Refresh] done in 3ms @ http://localhost:3001/_next/static/chunks/node_modules_next_dist_1e8vcs8._.js:776
[  180826ms] [LOG] [Fast Refresh] done in 3ms @ http://localhost:3001/_next/static/chunks/node_modules_next_dist_1e8vcs8._.js:776
[  180863ms] [LOG] [Fast Refresh] done in 3ms @ http://localhost:3001/_next/static/chunks/node_modules_next_dist_1e8vcs8._.js:776
[  180899ms] [LOG] [Fast Refresh] done in 3ms @ http://localhost:3001/_next/static/chunks/node_modules_next_dist_1e8vcs8._.js:776
[  180936ms] [LOG] [Fast Refresh] done in 3ms @ http://localhost:3001/_next/static/chunks/node_modules_next_dist_1e8vcs8._.js:776
[  180971ms] [LOG] [Fast Refresh] done in 3ms @ http://localhost:3001/_next/static/chunks/node_modules_next_dist_1e8vcs8._.js:776
[  181009ms] [LOG] [Fast Refresh] done in 3ms @ http://localhost:3001/_next/static/chunks/node_modules_next_dist_1e8vcs8._.js:776
[  181047ms] [LOG] [Fast Refresh] done in 3ms @ http://localhost:3001/_next/static/chunks/node_modules_next_dist_1e8vcs8._.js:776
[  181085ms] [LOG] [Fast Refresh] done in 3ms @ http://localhost:3001/_next/static/chunks/node_modules_next_dist_1e8vcs8._.js:776
[  181121ms] [LOG] [Fast Refresh] done in 3ms @ http://localhost:3001/_next/static/chunks/node_modules_next_dist_1e8vcs8._.js:776
[  181156ms] [LOG] [Fast Refresh] done in 3ms @ http://localhost:3001/_next/static/chunks/node_modules_next_dist_1e8vcs8._.js:776
[  181193ms] [LOG] [Fast Refresh] done in 3ms @ http://localhost:3001/_next/static/chunks/node_modules_next_dist_1e8vcs8._.js:776
[  181231ms] [LOG] [Fast Refresh] done in 3ms @ http://localhost:3001/_next/static/chunks/node_modules_next_dist_1e8vcs8._.js:776
[  181267ms] [LOG] [Fast Refresh] done in 3ms @ http://localhost:3001/_next/static/chunks/node_modules_next_dist_1e8vcs8._.js:776
[  181304ms] [LOG] [Fast Refresh] done in 3ms @ http://localhost:3001/_next/static/chunks/node_modules_next_dist_1e8vcs8._.js:776
[  181341ms] [LOG] [Fast Refresh] done in 3ms @ http://localhost:3001/_next/static/chunks/node_modules_next_dist_1e8vcs8._.js:776
[  181380ms] [LOG] [Fast Refresh] done in 3ms @ http://localhost:3001/_next/static/chunks/node_modules_next_dist_1e8vcs8._.js:776
[  181416ms] [LOG] [Fast Refresh] done in 3ms @ http://localhost:3001/_next/static/chunks/node_modules_next_dist_1e8vcs8._.js:776
[  181452ms] [LOG] [Fast Refresh] done in 3ms @ http://localhost:3001/_next/static/chunks/node_modules_next_dist_1e8vcs8._.js:776
[  181488ms] [LOG] [Fast Refresh] done in 3ms @ http://localhost:3001/_next/static/chunks/node_modules_next_dist_1e8vcs8._.js:776
[  181524ms] [LOG] [Fast Refresh] done in 3ms @ http://localhost:3001/_next/static/chunks/node_modules_next_dist_1e8vcs8._.js:776
[  181561ms] [LOG] [Fast Refresh] done in 3ms @ http://localhost:3001/_next/static/chunks/node_modules_next_dist_1e8vcs8._.js:776
[  181596ms] [LOG] [Fast Refresh] done in 3ms @ http://localhost:3001/_next/static/chunks/node_modules_next_dist_1e8vcs8._.js:776
[  181633ms] [LOG] [Fast Refresh] done in 3ms @ http://localhost:3001/_next/static/chunks/node_modules_next_dist_1e8vcs8._.js:776
[  181669ms] [LOG] [Fast Refresh] done in 3ms @ http://localhost:3001/_next/static/chunks/node_modules_next_dist_1e8vcs8._.js:776
[  181705ms] [LOG] [Fast Refresh] done in 3ms @ http://localhost:3001/_next/static/chunks/node_modules_next_dist_1e8vcs8._.js:776
[  181741ms] [LOG] [Fast Refresh] done in 3ms @ http://localhost:3001/_next/static/chunks/node_modules_next_dist_1e8vcs8._.js:776
[  181779ms] [LOG] [Fast Refresh] done in 3ms @ http://localhost:3001/_next/static/chunks/node_modules_next_dist_1e8vcs8._.js:776
[  181815ms] [LOG] [Fast Refresh] done in 3ms @ http://localhost:3001/_next/static/chunks/node_modules_next_dist_1e8vcs8._.js:776
[  181853ms] [LOG] [Fast Refresh] done in 3ms @ http://localhost:3001/_next/static/chunks/node_modules_next_dist_1e8vcs8._.js:776
[  181890ms] [LOG] [Fast Refresh] done in 3ms @ http://localhost:3001/_next/static/chunks/node_modules_next_dist_1e8vcs8._.js:776
[  181926ms] [LOG] [Fast Refresh] done in 3ms @ http://localhost:3001/_next/static/chunks/node_modules_next_dist_1e8vcs8._.js:776
[  181962ms] [LOG] [Fast Refresh] done in 3ms @ http://localhost:3001/_next/static/chunks/node_modules_next_dist_1e8vcs8._.js:776
[  181999ms] [LOG] [Fast Refresh] done in 3ms @ http://localhost:3001/_next/static/chunks/node_modules_next_dist_1e8vcs8._.js:776
[  182036ms] [LOG] [Fast Refresh] done in 3ms @ http://localhost:3001/_next/static/chunks/node_modules_next_dist_1e8vcs8._.js:776
[  182072ms] [LOG] [Fast Refresh] done in 3ms @ http://localhost:3001/_next/static/chunks/node_modules_next_dist_1e8vcs8._.js:776
[  182107ms] [LOG] [Fast Refresh] done in 3ms @ http://localhost:3001/_next/static/chunks/node_modules_next_dist_1e8vcs8._.js:776
[  182143ms] [LOG] [Fast Refresh] done in 3ms @ http://localhost:3001/_next/static/chunks/node_modules_next_dist_1e8vcs8._.js:776
[  182179ms] [LOG] [Fast Refresh] done in 3ms @ http://localhost:3001/_next/static/chunks/node_modules_next_dist_1e8vcs8._.js:776
[  182216ms] [LOG] [Fast Refresh] done in 3ms @ http://localhost:3001/_next/static/chunks/node_modules_next_dist_1e8vcs8._.js:776
[  182253ms] [LOG] [Fast Refresh] done in 3ms @ http://localhost:3001/_next/static/chunks/node_modules_next_dist_1e8vcs8._.js:776
[  182290ms] [LOG] [Fast Refresh] done in 3ms @ http://localhost:3001/_next/static/chunks/node_modules_next_dist_1e8vcs8._.js:776
[  182325ms] [LOG] [Fast Refresh] done in 3ms @ http://localhost:3001/_next/static/chunks/node_modules_next_dist_1e8vcs8._.js:776
[  182361ms] [LOG] [Fast Refresh] done in 3ms @ http://localhost:3001/_next/static/chunks/node_modules_next_dist_1e8vcs8._.js:776
[  182397ms] [LOG] [Fast Refresh] done in 3ms @ http://localhost:3001/_next/static/chunks/node_modules_next_dist_1e8vcs8._.js:776
[  182433ms] [LOG] [Fast Refresh] done in 3ms @ http://localhost:3001/_next/static/chunks/node_modules_next_dist_1e8vcs8._.js:776
[  182470ms] [LOG] [Fast Refresh] done in 3ms @ http://localhost:3001/_next/static/chunks/node_modules_next_dist_1e8vcs8._.js:776
[  182506ms] [LOG] [Fast Refresh] done in 3ms @ http://localhost:3001/_next/static/chunks/node_modules_next_dist_1e8vcs8._.js:776
[  182543ms] [LOG] [Fast Refresh] done in 3ms @ http://localhost:3001/_next/static/chunks/node_modules_next_dist_1e8vcs8._.js:776
[  182578ms] [LOG] [Fast Refresh] done in 3ms @ http://localhost:3001/_next/static/chunks/node_modules_next_dist_1e8vcs8._.js:776
[  182614ms] [LOG] [Fast Refresh] done in 3ms @ http://localhost:3001/_next/static/chunks/node_modules_next_dist_1e8vcs8._.js:776
[  182651ms] [LOG] [Fast Refresh] done in 3ms @ http://localhost:3001/_next/static/chunks/node_modules_next_dist_1e8vcs8._.js:776
[  182687ms] [LOG] [Fast Refresh] done in 3ms @ http://localhost:3001/_next/static/chunks/node_modules_next_dist_1e8vcs8._.js:776
[  182723ms] [LOG] [Fast Refresh] done in 3ms @ http://localhost:3001/_next/static/chunks/node_modules_next_dist_1e8vcs8._.js:776
[  182761ms] [LOG] [Fast Refresh] done in 3ms @ http://localhost:3001/_next/static/chunks/node_modules_next_dist_1e8vcs8._.js:776
[  182797ms] [LOG] [Fast Refresh] done in 3ms @ http://localhost:3001/_next/static/chunks/node_modules_next_dist_1e8vcs8._.js:776
[  182833ms] [LOG] [Fast Refresh] done in 3ms @ http://localhost:3001/_next/static/chunks/node_modules_next_dist_1e8vcs8._.js:776
[  182868ms] [LOG] [Fast Refresh] done in 3ms @ http://localhost:3001/_next/static/chunks/node_modules_next_dist_1e8vcs8._.js:776
[  182905ms] [LOG] [Fast Refresh] done in 3ms @ http://localhost:3001/_next/static/chunks/node_modules_next_dist_1e8vcs8._.js:776
[  182943ms] [LOG] [Fast Refresh] done in 3ms @ http://localhost:3001/_next/static/chunks/node_modules_next_dist_1e8vcs8._.js:776
[  182980ms] [LOG] [Fast Refresh] done in 3ms @ http://localhost:3001/_next/static/chunks/node_modules_next_dist_1e8vcs8._.js:776
[  183015ms] [LOG] [Fast Refresh] done in 3ms @ http://localhost:3001/_next/static/chunks/node_modules_next_dist_1e8vcs8._.js:776
[  183052ms] [LOG] [Fast Refresh] done in 3ms @ http://localhost:3001/_next/static/chunks/node_modules_next_dist_1e8vcs8._.js:776
[  183088ms] [LOG] [Fast Refresh] done in 3ms @ http://localhost:3001/_next/static/chunks/node_modules_next_dist_1e8vcs8._.js:776
[  183127ms] [LOG] [Fast Refresh] done in 3ms @ http://localhost:3001/_next/static/chunks/node_modules_next_dist_1e8vcs8._.js:776
[  183162ms] [LOG] [Fast Refresh] done in 3ms @ http://localhost:3001/_next/static/chunks/node_modules_next_dist_1e8vcs8._.js:776
[  183201ms] [LOG] [Fast Refresh] done in 3ms @ http://localhost:3001/_next/static/chunks/node_modules_next_dist_1e8vcs8._.js:776
[  183237ms] [LOG] [Fast Refresh] done in 3ms @ http://localhost:3001/_next/static/chunks/node_modules_next_dist_1e8vcs8._.js:776
[  183272ms] [LOG] [Fast Refresh] done in 3ms @ http://localhost:3001/_next/static/chunks/node_modules_next_dist_1e8vcs8._.js:776
[  183311ms] [LOG] [Fast Refresh] done in 3ms @ http://localhost:3001/_next/static/chunks/node_modules_next_dist_1e8vcs8._.js:776
[  183347ms] [LOG] [Fast Refresh] done in 3ms @ http://localhost:3001/_next/static/chunks/node_modules_next_dist_1e8vcs8._.js:776
[  183382ms] [LOG] [Fast Refresh] done in 3ms @ http://localhost:3001/_next/static/chunks/node_modules_next_dist_1e8vcs8._.js:776
[  183419ms] [LOG] [Fast Refresh] done in 3ms @ http://localhost:3001/_next/static/chunks/node_modules_next_dist_1e8vcs8._.js:776
[  183456ms] [LOG] [Fast Refresh] done in 3ms @ http://localhost:3001/_next/static/chunks/node_modules_next_dist_1e8vcs8._.js:776
[  183493ms] [LOG] [Fast Refresh] done in 3ms @ http://localhost:3001/_next/static/chunks/node_modules_next_dist_1e8vcs8._.js:776
[  183529ms] [LOG] [Fast Refresh] done in 3ms @ http://localhost:3001/_next/static/chunks/node_modules_next_dist_1e8vcs8._.js:776
[  183563ms] [LOG] [Fast Refresh] done in 3ms @ http://localhost:3001/_next/static/chunks/node_modules_next_dist_1e8vcs8._.js:776
[  183600ms] [LOG] [Fast Refresh] done in 3ms @ http://localhost:3001/_next/static/chunks/node_modules_next_dist_1e8vcs8._.js:776
[  183637ms] [LOG] [Fast Refresh] done in 3ms @ http://localhost:3001/_next/static/chunks/node_modules_next_dist_1e8vcs8._.js:776
[  183673ms] [LOG] [Fast Refresh] done in 3ms @ http://localhost:3001/_next/static/chunks/node_modules_next_dist_1e8vcs8._.js:776
[  183710ms] [LOG] [Fast Refresh] done in 3ms @ http://localhost:3001/_next/static/chunks/node_modules_next_dist_1e8vcs8._.js:776
[  183748ms] [LOG] [Fast Refresh] done in 3ms @ http://localhost:3001/_next/static/chunks/node_modules_next_dist_1e8vcs8._.js:776
[  183785ms] [LOG] [Fast Refresh] done in 3ms @ http://localhost:3001/_next/static/chunks/node_modules_next_dist_1e8vcs8._.js:776
[  183821ms] [LOG] [Fast Refresh] done in 3ms @ http://localhost:3001/_next/static/chunks/node_modules_next_dist_1e8vcs8._.js:776
[  183857ms] [LOG] [Fast Refresh] done in 3ms @ http://localhost:3001/_next/static/chunks/node_modules_next_dist_1e8vcs8._.js:776
[  183894ms] [LOG] [Fast Refresh] done in 3ms @ http://localhost:3001/_next/static/chunks/node_modules_next_dist_1e8vcs8._.js:776
[  183932ms] [LOG] [Fast Refresh] done in 3ms @ http://localhost:3001/_next/static/chunks/node_modules_next_dist_1e8vcs8._.js:776
[  183969ms] [LOG] [Fast Refresh] done in 3ms @ http://localhost:3001/_next/static/chunks/node_modules_next_dist_1e8vcs8._.js:776
[  184005ms] [LOG] [Fast Refresh] done in 3ms @ http://localhost:3001/_next/static/chunks/node_modules_next_dist_1e8vcs8._.js:776
[  184043ms] [LOG] [Fast Refresh] done in 3ms @ http://localhost:3001/_next/static/chunks/node_modules_next_dist_1e8vcs8._.js:776
[  184082ms] [LOG] [Fast Refresh] done in 3ms @ http://localhost:3001/_next/static/chunks/node_modules_next_dist_1e8vcs8._.js:776
[  184120ms] [LOG] [Fast Refresh] done in 3ms @ http://localhost:3001/_next/static/chunks/node_modules_next_dist_1e8vcs8._.js:776
[  184158ms] [LOG] [Fast Refresh] done in 3ms @ http://localhost:3001/_next/static/chunks/node_modules_next_dist_1e8vcs8._.js:776
[  184195ms] [LOG] [Fast Refresh] done in 3ms @ http://localhost:3001/_next/static/chunks/node_modules_next_dist_1e8vcs8._.js:776
[  184230ms] [LOG] [Fast Refresh] done in 3ms @ http://localhost:3001/_next/static/chunks/node_modules_next_dist_1e8vcs8._.js:776
[  184269ms] [LOG] [Fast Refresh] done in 3ms @ http://localhost:3001/_next/static/chunks/node_modules_next_dist_1e8vcs8._.js:776
[  184305ms] [LOG] [Fast Refresh] done in 3ms @ http://localhost:3001/_next/static/chunks/node_modules_next_dist_1e8vcs8._.js:776
[  184343ms] [LOG] [Fast Refresh] done in 3ms @ http://localhost:3001/_next/static/chunks/node_modules_next_dist_1e8vcs8._.js:776
[  184380ms] [LOG] [Fast Refresh] done in 3ms @ http://localhost:3001/_next/static/chunks/node_modules_next_dist_1e8vcs8._.js:776
[  184417ms] [LOG] [Fast Refresh] done in 3ms @ http://localhost:3001/_next/static/chunks/node_modules_next_dist_1e8vcs8._.js:776
[  184456ms] [LOG] [Fast Refresh] done in 3ms @ http://localhost:3001/_next/static/chunks/node_modules_next_dist_1e8vcs8._.js:776
[  184494ms] [LOG] [Fast Refresh] done in 3ms @ http://localhost:3001/_next/static/chunks/node_modules_next_dist_1e8vcs8._.js:776
[  184530ms] [LOG] [Fast Refresh] done in 3ms @ http://localhost:3001/_next/static/chunks/node_modules_next_dist_1e8vcs8._.js:776
[  184567ms] [LOG] [Fast Refresh] done in 3ms @ http://localhost:3001/_next/static/chunks/node_modules_next_dist_1e8vcs8._.js:776
[  184604ms] [LOG] [Fast Refresh] done in 3ms @ http://localhost:3001/_next/static/chunks/node_modules_next_dist_1e8vcs8._.js:776
[  184640ms] [LOG] [Fast Refresh] done in 3ms @ http://localhost:3001/_next/static/chunks/node_modules_next_dist_1e8vcs8._.js:776
[  184676ms] [LOG] [Fast Refresh] done in 3ms @ http://localhost:3001/_next/static/chunks/node_modules_next_dist_1e8vcs8._.js:776
[  184713ms] [LOG] [Fast Refresh] done in 3ms @ http://localhost:3001/_next/static/chunks/node_modules_next_dist_1e8vcs8._.js:776
[  184749ms] [LOG] [Fast Refresh] done in 3ms @ http://localhost:3001/_next/static/chunks/node_modules_next_dist_1e8vcs8._.js:776
[  184786ms] [LOG] [Fast Refresh] done in 3ms @ http://localhost:3001/_next/static/chunks/node_modules_next_dist_1e8vcs8._.js:776
[  184823ms] [LOG] [Fast Refresh] done in 3ms @ http://localhost:3001/_next/static/chunks/node_modules_next_dist_1e8vcs8._.js:776
[  184860ms] [LOG] [Fast Refresh] done in 3ms @ http://localhost:3001/_next/static/chunks/node_modules_next_dist_1e8vcs8._.js:776
[  184896ms] [LOG] [Fast Refresh] done in 3ms @ http://localhost:3001/_next/static/chunks/node_modules_next_dist_1e8vcs8._.js:776
[  184933ms] [LOG] [Fast Refresh] done in 3ms @ http://localhost:3001/_next/static/chunks/node_modules_next_dist_1e8vcs8._.js:776
[  184970ms] [LOG] [Fast Refresh] done in 3ms @ http://localhost:3001/_next/static/chunks/node_modules_next_dist_1e8vcs8._.js:776
[  185006ms] [LOG] [Fast Refresh] done in 3ms @ http://localhost:3001/_next/static/chunks/node_modules_next_dist_1e8vcs8._.js:776
[  185045ms] [LOG] [Fast Refresh] done in 3ms @ http://localhost:3001/_next/static/chunks/node_modules_next_dist_1e8vcs8._.js:776
[  185081ms] [LOG] [Fast Refresh] done in 3ms @ http://localhost:3001/_next/static/chunks/node_modules_next_dist_1e8vcs8._.js:776
[  185118ms] [LOG] [Fast Refresh] done in 3ms @ http://localhost:3001/_next/static/chunks/node_modules_next_dist_1e8vcs8._.js:776
[  185155ms] [LOG] [Fast Refresh] done in 3ms @ http://localhost:3001/_next/static/chunks/node_modules_next_dist_1e8vcs8._.js:776
[  185190ms] [LOG] [Fast Refresh] done in 3ms @ http://localhost:3001/_next/static/chunks/node_modules_next_dist_1e8vcs8._.js:776
[  185225ms] [LOG] [Fast Refresh] done in 3ms @ http://localhost:3001/_next/static/chunks/node_modules_next_dist_1e8vcs8._.js:776
[  185263ms] [LOG] [Fast Refresh] done in 3ms @ http://localhost:3001/_next/static/chunks/node_modules_next_dist_1e8vcs8._.js:776
[  185300ms] [LOG] [Fast Refresh] done in 3ms @ http://localhost:3001/_next/static/chunks/node_modules_next_dist_1e8vcs8._.js:776
[  185336ms] [LOG] [Fast Refresh] done in 3ms @ http://localhost:3001/_next/static/chunks/node_modules_next_dist_1e8vcs8._.js:776
[  185373ms] [LOG] [Fast Refresh] done in 3ms @ http://localhost:3001/_next/static/chunks/node_modules_next_dist_1e8vcs8._.js:776
[  185409ms] [LOG] [Fast Refresh] done in 3ms @ http://localhost:3001/_next/static/chunks/node_modules_next_dist_1e8vcs8._.js:776
[  185445ms] [LOG] [Fast Refresh] done in 3ms @ http://localhost:3001/_next/static/chunks/node_modules_next_dist_1e8vcs8._.js:776
[  185481ms] [LOG] [Fast Refresh] done in 3ms @ http://localhost:3001/_next/static/chunks/node_modules_next_dist_1e8vcs8._.js:776
[  185519ms] [LOG] [Fast Refresh] done in 3ms @ http://localhost:3001/_next/static/chunks/node_modules_next_dist_1e8vcs8._.js:776
[  185554ms] [LOG] [Fast Refresh] done in 3ms @ http://localhost:3001/_next/static/chunks/node_modules_next_dist_1e8vcs8._.js:776
[  185589ms] [LOG] [Fast Refresh] done in 3ms @ http://localhost:3001/_next/static/chunks/node_modules_next_dist_1e8vcs8._.js:776
[  185625ms] [LOG] [Fast Refresh] done in 3ms @ http://localhost:3001/_next/static/chunks/node_modules_next_dist_1e8vcs8._.js:776
[  185662ms] [LOG] [Fast Refresh] done in 3ms @ http://localhost:3001/_next/static/chunks/node_modules_next_dist_1e8vcs8._.js:776
[  185698ms] [LOG] [Fast Refresh] done in 3ms @ http://localhost:3001/_next/static/chunks/node_modules_next_dist_1e8vcs8._.js:776
[  185734ms] [LOG] [Fast Refresh] done in 3ms @ http://localhost:3001/_next/static/chunks/node_modules_next_dist_1e8vcs8._.js:776
[  185772ms] [LOG] [Fast Refresh] done in 3ms @ http://localhost:3001/_next/static/chunks/node_modules_next_dist_1e8vcs8._.js:776
[  185810ms] [LOG] [Fast Refresh] done in 3ms @ http://localhost:3001/_next/static/chunks/node_modules_next_dist_1e8vcs8._.js:776
[  185846ms] [LOG] [Fast Refresh] done in 3ms @ http://localhost:3001/_next/static/chunks/node_modules_next_dist_1e8vcs8._.js:776
[  185881ms] [LOG] [Fast Refresh] done in 3ms @ http://localhost:3001/_next/static/chunks/node_modules_next_dist_1e8vcs8._.js:776
[  185917ms] [LOG] [Fast Refresh] done in 3ms @ http://localhost:3001/_next/static/chunks/node_modules_next_dist_1e8vcs8._.js:776
[  185953ms] [LOG] [Fast Refresh] done in 3ms @ http://localhost:3001/_next/static/chunks/node_modules_next_dist_1e8vcs8._.js:776
[  185989ms] [LOG] [Fast Refresh] done in 3ms @ http://localhost:3001/_next/static/chunks/node_modules_next_dist_1e8vcs8._.js:776
[  186026ms] [LOG] [Fast Refresh] done in 3ms @ http://localhost:3001/_next/static/chunks/node_modules_next_dist_1e8vcs8._.js:776
[  186063ms] [LOG] [Fast Refresh] done in 3ms @ http://localhost:3001/_next/static/chunks/node_modules_next_dist_1e8vcs8._.js:776
[  186099ms] [LOG] [Fast Refresh] done in 3ms @ http://localhost:3001/_next/static/chunks/node_modules_next_dist_1e8vcs8._.js:776
[  186137ms] [LOG] [Fast Refresh] done in 3ms @ http://localhost:3001/_next/static/chunks/node_modules_next_dist_1e8vcs8._.js:776
[  186174ms] [LOG] [Fast Refresh] done in 3ms @ http://localhost:3001/_next/static/chunks/node_modules_next_dist_1e8vcs8._.js:776
[  186210ms] [LOG] [Fast Refresh] done in 3ms @ http://localhost:3001/_next/static/chunks/node_modules_next_dist_1e8vcs8._.js:776
[  186246ms] [LOG] [Fast Refresh] done in 3ms @ http://localhost:3001/_next/static/chunks/node_modules_next_dist_1e8vcs8._.js:776
[  186283ms] [LOG] [Fast Refresh] done in 3ms @ http://localhost:3001/_next/static/chunks/node_modules_next_dist_1e8vcs8._.js:776
[  186320ms] [LOG] [Fast Refresh] done in 3ms @ http://localhost:3001/_next/static/chunks/node_modules_next_dist_1e8vcs8._.js:776
[  186357ms] [LOG] [Fast Refresh] done in 3ms @ http://localhost:3001/_next/static/chunks/node_modules_next_dist_1e8vcs8._.js:776
[  186394ms] [LOG] [Fast Refresh] done in 3ms @ http://localhost:3001/_next/static/chunks/node_modules_next_dist_1e8vcs8._.js:776
[  186430ms] [LOG] [Fast Refresh] done in 3ms @ http://localhost:3001/_next/static/chunks/node_modules_next_dist_1e8vcs8._.js:776
[  186466ms] [LOG] [Fast Refresh] done in 3ms @ http://localhost:3001/_next/static/chunks/node_modules_next_dist_1e8vcs8._.js:776
[  186505ms] [LOG] [Fast Refresh] done in 3ms @ http://localhost:3001/_next/static/chunks/node_modules_next_dist_1e8vcs8._.js:776
[  186542ms] [LOG] [Fast Refresh] done in 3ms @ http://localhost:3001/_next/static/chunks/node_modules_next_dist_1e8vcs8._.js:776
[  186577ms] [LOG] [Fast Refresh] done in 3ms @ http://localhost:3001/_next/static/chunks/node_modules_next_dist_1e8vcs8._.js:776
[  186614ms] [LOG] [Fast Refresh] done in 3ms @ http://localhost:3001/_next/static/chunks/node_modules_next_dist_1e8vcs8._.js:776
[  186652ms] [LOG] [Fast Refresh] done in 3ms @ http://localhost:3001/_next/static/chunks/node_modules_next_dist_1e8vcs8._.js:776
[  186688ms] [LOG] [Fast Refresh] done in 3ms @ http://localhost:3001/_next/static/chunks/node_modules_next_dist_1e8vcs8._.js:776
[  186724ms] [LOG] [Fast Refresh] done in 3ms @ http://localhost:3001/_next/static/chunks/node_modules_next_dist_1e8vcs8._.js:776
[  186762ms] [LOG] [Fast Refresh] done in 3ms @ http://localhost:3001/_next/static/chunks/node_modules_next_dist_1e8vcs8._.js:776
[  186797ms] [LOG] [Fast Refresh] done in 3ms @ http://localhost:3001/_next/static/chunks/node_modules_next_dist_1e8vcs8._.js:776
[  186832ms] [LOG] [Fast Refresh] done in 3ms @ http://localhost:3001/_next/static/chunks/node_modules_next_dist_1e8vcs8._.js:776
[  186870ms] [LOG] [Fast Refresh] done in 3ms @ http://localhost:3001/_next/static/chunks/node_modules_next_dist_1e8vcs8._.js:776
[  186906ms] [LOG] [Fast Refresh] done in 3ms @ http://localhost:3001/_next/static/chunks/node_modules_next_dist_1e8vcs8._.js:776
[  186943ms] [LOG] [Fast Refresh] done in 3ms @ http://localhost:3001/_next/static/chunks/node_modules_next_dist_1e8vcs8._.js:776
[  186979ms] [LOG] [Fast Refresh] done in 3ms @ http://localhost:3001/_next/static/chunks/node_modules_next_dist_1e8vcs8._.js:776
[  187016ms] [LOG] [Fast Refresh] done in 3ms @ http://localhost:3001/_next/static/chunks/node_modules_next_dist_1e8vcs8._.js:776
[  187051ms] [LOG] [Fast Refresh] done in 3ms @ http://localhost:3001/_next/static/chunks/node_modules_next_dist_1e8vcs8._.js:776
[  187088ms] [LOG] [Fast Refresh] done in 3ms @ http://localhost:3001/_next/static/chunks/node_modules_next_dist_1e8vcs8._.js:776
[  187125ms] [LOG] [Fast Refresh] done in 3ms @ http://localhost:3001/_next/static/chunks/node_modules_next_dist_1e8vcs8._.js:776
[  187162ms] [LOG] [Fast Refresh] done in 3ms @ http://localhost:3001/_next/static/chunks/node_modules_next_dist_1e8vcs8._.js:776
[  187197ms] [LOG] [Fast Refresh] done in 3ms @ http://localhost:3001/_next/static/chunks/node_modules_next_dist_1e8vcs8._.js:776
[  187232ms] [LOG] [Fast Refresh] done in 3ms @ http://localhost:3001/_next/static/chunks/node_modules_next_dist_1e8vcs8._.js:776
[  187269ms] [LOG] [Fast Refresh] done in 3ms @ http://localhost:3001/_next/static/chunks/node_modules_next_dist_1e8vcs8._.js:776
[  187306ms] [LOG] [Fast Refresh] done in 3ms @ http://localhost:3001/_next/static/chunks/node_modules_next_dist_1e8vcs8._.js:776
[  187344ms] [LOG] [Fast Refresh] done in 3ms @ http://localhost:3001/_next/static/chunks/node_modules_next_dist_1e8vcs8._.js:776
[  187381ms] [LOG] [Fast Refresh] done in 3ms @ http://localhost:3001/_next/static/chunks/node_modules_next_dist_1e8vcs8._.js:776
[  187417ms] [LOG] [Fast Refresh] done in 3ms @ http://localhost:3001/_next/static/chunks/node_modules_next_dist_1e8vcs8._.js:776
[  187453ms] [LOG] [Fast Refresh] done in 3ms @ http://localhost:3001/_next/static/chunks/node_modules_next_dist_1e8vcs8._.js:776
[  187489ms] [LOG] [Fast Refresh] done in 3ms @ http://localhost:3001/_next/static/chunks/node_modules_next_dist_1e8vcs8._.js:776
[  187526ms] [LOG] [Fast Refresh] done in 3ms @ http://localhost:3001/_next/static/chunks/node_modules_next_dist_1e8vcs8._.js:776
[  187562ms] [LOG] [Fast Refresh] done in 3ms @ http://localhost:3001/_next/static/chunks/node_modules_next_dist_1e8vcs8._.js:776
[  187598ms] [LOG] [Fast Refresh] done in 3ms @ http://localhost:3001/_next/static/chunks/node_modules_next_dist_1e8vcs8._.js:776
[  187637ms] [LOG] [Fast Refresh] done in 3ms @ http://localhost:3001/_next/static/chunks/node_modules_next_dist_1e8vcs8._.js:776
[  187673ms] [LOG] [Fast Refresh] done in 3ms @ http://localhost:3001/_next/static/chunks/node_modules_next_dist_1e8vcs8._.js:776
[  187708ms] [LOG] [Fast Refresh] done in 3ms @ http://localhost:3001/_next/static/chunks/node_modules_next_dist_1e8vcs8._.js:776
[  187746ms] [LOG] [Fast Refresh] done in 3ms @ http://localhost:3001/_next/static/chunks/node_modules_next_dist_1e8vcs8._.js:776
[  187784ms] [LOG] [Fast Refresh] done in 3ms @ http://localhost:3001/_next/static/chunks/node_modules_next_dist_1e8vcs8._.js:776
[  187819ms] [LOG] [Fast Refresh] done in 3ms @ http://localhost:3001/_next/static/chunks/node_modules_next_dist_1e8vcs8._.js:776
[  187857ms] [LOG] [Fast Refresh] done in 3ms @ http://localhost:3001/_next/static/chunks/node_modules_next_dist_1e8vcs8._.js:776
[  187894ms] [LOG] [Fast Refresh] done in 3ms @ http://localhost:3001/_next/static/chunks/node_modules_next_dist_1e8vcs8._.js:776
[  187930ms] [LOG] [Fast Refresh] done in 3ms @ http://localhost:3001/_next/static/chunks/node_modules_next_dist_1e8vcs8._.js:776
[  187966ms] [LOG] [Fast Refresh] done in 3ms @ http://localhost:3001/_next/static/chunks/node_modules_next_dist_1e8vcs8._.js:776
[  188002ms] [LOG] [Fast Refresh] done in 3ms @ http://localhost:3001/_next/static/chunks/node_modules_next_dist_1e8vcs8._.js:776
[  188040ms] [LOG] [Fast Refresh] done in 3ms @ http://localhost:3001/_next/static/chunks/node_modules_next_dist_1e8vcs8._.js:776
[  188077ms] [LOG] [Fast Refresh] done in 3ms @ http://localhost:3001/_next/static/chunks/node_modules_next_dist_1e8vcs8._.js:776
[  188114ms] [LOG] [Fast Refresh] done in 3ms @ http://localhost:3001/_next/static/chunks/node_modules_next_dist_1e8vcs8._.js:776
[  188151ms] [LOG] [Fast Refresh] done in 3ms @ http://localhost:3001/_next/static/chunks/node_modules_next_dist_1e8vcs8._.js:776
[  188187ms] [LOG] [Fast Refresh] done in 3ms @ http://localhost:3001/_next/static/chunks/node_modules_next_dist_1e8vcs8._.js:776
[  188224ms] [LOG] [Fast Refresh] done in 3ms @ http://localhost:3001/_next/static/chunks/node_modules_next_dist_1e8vcs8._.js:776
[  188259ms] [LOG] [Fast Refresh] done in 3ms @ http://localhost:3001/_next/static/chunks/node_modules_next_dist_1e8vcs8._.js:776
[  188294ms] [LOG] [Fast Refresh] done in 3ms @ http://localhost:3001/_next/static/chunks/node_modules_next_dist_1e8vcs8._.js:776
[  188330ms] [LOG] [Fast Refresh] done in 3ms @ http://localhost:3001/_next/static/chunks/node_modules_next_dist_1e8vcs8._.js:776
[  188367ms] [LOG] [Fast Refresh] done in 3ms @ http://localhost:3001/_next/static/chunks/node_modules_next_dist_1e8vcs8._.js:776
[  188403ms] [LOG] [Fast Refresh] done in 3ms @ http://localhost:3001/_next/static/chunks/node_modules_next_dist_1e8vcs8._.js:776
[  188440ms] [LOG] [Fast Refresh] done in 3ms @ http://localhost:3001/_next/static/chunks/node_modules_next_dist_1e8vcs8._.js:776
[  188478ms] [LOG] [Fast Refresh] done in 3ms @ http://localhost:3001/_next/static/chunks/node_modules_next_dist_1e8vcs8._.js:776
[  188514ms] [LOG] [Fast Refresh] done in 3ms @ http://localhost:3001/_next/static/chunks/node_modules_next_dist_1e8vcs8._.js:776
[  188550ms] [LOG] [Fast Refresh] done in 3ms @ http://localhost:3001/_next/static/chunks/node_modules_next_dist_1e8vcs8._.js:776
[  188588ms] [LOG] [Fast Refresh] done in 3ms @ http://localhost:3001/_next/static/chunks/node_modules_next_dist_1e8vcs8._.js:776
[  188624ms] [LOG] [Fast Refresh] done in 3ms @ http://localhost:3001/_next/static/chunks/node_modules_next_dist_1e8vcs8._.js:776
[  188659ms] [LOG] [Fast Refresh] done in 3ms @ http://localhost:3001/_next/static/chunks/node_modules_next_dist_1e8vcs8._.js:776
[  188696ms] [LOG] [Fast Refresh] done in 3ms @ http://localhost:3001/_next/static/chunks/node_modules_next_dist_1e8vcs8._.js:776
[  188732ms] [LOG] [Fast Refresh] done in 3ms @ http://localhost:3001/_next/static/chunks/node_modules_next_dist_1e8vcs8._.js:776
[  188769ms] [LOG] [Fast Refresh] done in 3ms @ http://localhost:3001/_next/static/chunks/node_modules_next_dist_1e8vcs8._.js:776
[  188806ms] [LOG] [Fast Refresh] done in 3ms @ http://localhost:3001/_next/static/chunks/node_modules_next_dist_1e8vcs8._.js:776
[  188841ms] [LOG] [Fast Refresh] done in 3ms @ http://localhost:3001/_next/static/chunks/node_modules_next_dist_1e8vcs8._.js:776
[  188879ms] [LOG] [Fast Refresh] done in 3ms @ http://localhost:3001/_next/static/chunks/node_modules_next_dist_1e8vcs8._.js:776
[  188915ms] [LOG] [Fast Refresh] done in 3ms @ http://localhost:3001/_next/static/chunks/node_modules_next_dist_1e8vcs8._.js:776
[  188951ms] [LOG] [Fast Refresh] done in 3ms @ http://localhost:3001/_next/static/chunks/node_modules_next_dist_1e8vcs8._.js:776
[  188989ms] [LOG] [Fast Refresh] done in 3ms @ http://localhost:3001/_next/static/chunks/node_modules_next_dist_1e8vcs8._.js:776
[  189025ms] [LOG] [Fast Refresh] done in 3ms @ http://localhost:3001/_next/static/chunks/node_modules_next_dist_1e8vcs8._.js:776
[  189061ms] [LOG] [Fast Refresh] done in 3ms @ http://localhost:3001/_next/static/chunks/node_modules_next_dist_1e8vcs8._.js:776
[  189098ms] [LOG] [Fast Refresh] done in 3ms @ http://localhost:3001/_next/static/chunks/node_modules_next_dist_1e8vcs8._.js:776
[  189133ms] [LOG] [Fast Refresh] done in 3ms @ http://localhost:3001/_next/static/chunks/node_modules_next_dist_1e8vcs8._.js:776
[  189169ms] [LOG] [Fast Refresh] done in 3ms @ http://localhost:3001/_next/static/chunks/node_modules_next_dist_1e8vcs8._.js:776
[  189209ms] [LOG] [Fast Refresh] done in 3ms @ http://localhost:3001/_next/static/chunks/node_modules_next_dist_1e8vcs8._.js:776
[  189245ms] [LOG] [Fast Refresh] done in 3ms @ http://localhost:3001/_next/static/chunks/node_modules_next_dist_1e8vcs8._.js:776
[  189283ms] [LOG] [Fast Refresh] done in 3ms @ http://localhost:3001/_next/static/chunks/node_modules_next_dist_1e8vcs8._.js:776
[  189319ms] [LOG] [Fast Refresh] done in 3ms @ http://localhost:3001/_next/static/chunks/node_modules_next_dist_1e8vcs8._.js:776
[  189354ms] [LOG] [Fast Refresh] done in 3ms @ http://localhost:3001/_next/static/chunks/node_modules_next_dist_1e8vcs8._.js:776
[  189391ms] [LOG] [Fast Refresh] done in 3ms @ http://localhost:3001/_next/static/chunks/node_modules_next_dist_1e8vcs8._.js:776
[  189427ms] [LOG] [Fast Refresh] done in 3ms @ http://localhost:3001/_next/static/chunks/node_modules_next_dist_1e8vcs8._.js:776
[  189463ms] [LOG] [Fast Refresh] done in 3ms @ http://localhost:3001/_next/static/chunks/node_modules_next_dist_1e8vcs8._.js:776
[  189499ms] [LOG] [Fast Refresh] done in 3ms @ http://localhost:3001/_next/static/chunks/node_modules_next_dist_1e8vcs8._.js:776
[  189534ms] [LOG] [Fast Refresh] done in 3ms @ http://localhost:3001/_next/static/chunks/node_modules_next_dist_1e8vcs8._.js:776
[  189570ms] [LOG] [Fast Refresh] done in 3ms @ http://localhost:3001/_next/static/chunks/node_modules_next_dist_1e8vcs8._.js:776
[  189606ms] [LOG] [Fast Refresh] done in 3ms @ http://localhost:3001/_next/static/chunks/node_modules_next_dist_1e8vcs8._.js:776
[  189644ms] [LOG] [Fast Refresh] done in 3ms @ http://localhost:3001/_next/static/chunks/node_modules_next_dist_1e8vcs8._.js:776
[  189681ms] [LOG] [Fast Refresh] done in 3ms @ http://localhost:3001/_next/static/chunks/node_modules_next_dist_1e8vcs8._.js:776
[  189717ms] [LOG] [Fast Refresh] done in 3ms @ http://localhost:3001/_next/static/chunks/node_modules_next_dist_1e8vcs8._.js:776
[  189753ms] [LOG] [Fast Refresh] done in 3ms @ http://localhost:3001/_next/static/chunks/node_modules_next_dist_1e8vcs8._.js:776
[  189791ms] [LOG] [Fast Refresh] done in 3ms @ http://localhost:3001/_next/static/chunks/node_modules_next_dist_1e8vcs8._.js:776
[  189828ms] [LOG] [Fast Refresh] done in 3ms @ http://localhost:3001/_next/static/chunks/node_modules_next_dist_1e8vcs8._.js:776
[  189864ms] [LOG] [Fast Refresh] done in 3ms @ http://localhost:3001/_next/static/chunks/node_modules_next_dist_1e8vcs8._.js:776
[  189901ms] [LOG] [Fast Refresh] done in 3ms @ http://localhost:3001/_next/static/chunks/node_modules_next_dist_1e8vcs8._.js:776
[  189937ms] [LOG] [Fast Refresh] done in 3ms @ http://localhost:3001/_next/static/chunks/node_modules_next_dist_1e8vcs8._.js:776
[  189974ms] [LOG] [Fast Refresh] done in 3ms @ http://localhost:3001/_next/static/chunks/node_modules_next_dist_1e8vcs8._.js:776
[  190009ms] [LOG] [Fast Refresh] done in 3ms @ http://localhost:3001/_next/static/chunks/node_modules_next_dist_1e8vcs8._.js:776
[  190046ms] [LOG] [Fast Refresh] done in 3ms @ http://localhost:3001/_next/static/chunks/node_modules_next_dist_1e8vcs8._.js:776
[  190083ms] [LOG] [Fast Refresh] done in 3ms @ http://localhost:3001/_next/static/chunks/node_modules_next_dist_1e8vcs8._.js:776
[  190119ms] [LOG] [Fast Refresh] done in 3ms @ http://localhost:3001/_next/static/chunks/node_modules_next_dist_1e8vcs8._.js:776
[  190158ms] [LOG] [Fast Refresh] done in 3ms @ http://localhost:3001/_next/static/chunks/node_modules_next_dist_1e8vcs8._.js:776
[  190193ms] [LOG] [Fast Refresh] done in 3ms @ http://localhost:3001/_next/static/chunks/node_modules_next_dist_1e8vcs8._.js:776
[  190229ms] [LOG] [Fast Refresh] done in 3ms @ http://localhost:3001/_next/static/chunks/node_modules_next_dist_1e8vcs8._.js:776
[  190265ms] [LOG] [Fast Refresh] done in 3ms @ http://localhost:3001/_next/static/chunks/node_modules_next_dist_1e8vcs8._.js:776
[  190301ms] [LOG] [Fast Refresh] done in 3ms @ http://localhost:3001/_next/static/chunks/node_modules_next_dist_1e8vcs8._.js:776
[  190340ms] [LOG] [Fast Refresh] done in 3ms @ http://localhost:3001/_next/static/chunks/node_modules_next_dist_1e8vcs8._.js:776
[  190376ms] [LOG] [Fast Refresh] done in 3ms @ http://localhost:3001/_next/static/chunks/node_modules_next_dist_1e8vcs8._.js:776
[  190415ms] [LOG] [Fast Refresh] done in 3ms @ http://localhost:3001/_next/static/chunks/node_modules_next_dist_1e8vcs8._.js:776
[  190452ms] [LOG] [Fast Refresh] done in 3ms @ http://localhost:3001/_next/static/chunks/node_modules_next_dist_1e8vcs8._.js:776
[  190487ms] [LOG] [Fast Refresh] done in 3ms @ http://localhost:3001/_next/static/chunks/node_modules_next_dist_1e8vcs8._.js:776
[  190524ms] [LOG] [Fast Refresh] done in 3ms @ http://localhost:3001/_next/static/chunks/node_modules_next_dist_1e8vcs8._.js:776
[  190561ms] [LOG] [Fast Refresh] done in 3ms @ http://localhost:3001/_next/static/chunks/node_modules_next_dist_1e8vcs8._.js:776
[  190597ms] [LOG] [Fast Refresh] done in 3ms @ http://localhost:3001/_next/static/chunks/node_modules_next_dist_1e8vcs8._.js:776
[  190635ms] [LOG] [Fast Refresh] done in 3ms @ http://localhost:3001/_next/static/chunks/node_modules_next_dist_1e8vcs8._.js:776
[  190671ms] [LOG] [Fast Refresh] done in 3ms @ http://localhost:3001/_next/static/chunks/node_modules_next_dist_1e8vcs8._.js:776
[  190709ms] [LOG] [Fast Refresh] done in 3ms @ http://localhost:3001/_next/static/chunks/node_modules_next_dist_1e8vcs8._.js:776
[  190745ms] [LOG] [Fast Refresh] done in 3ms @ http://localhost:3001/_next/static/chunks/node_modules_next_dist_1e8vcs8._.js:776
[  190781ms] [LOG] [Fast Refresh] done in 3ms @ http://localhost:3001/_next/static/chunks/node_modules_next_dist_1e8vcs8._.js:776
[  190818ms] [LOG] [Fast Refresh] done in 3ms @ http://localhost:3001/_next/static/chunks/node_modules_next_dist_1e8vcs8._.js:776
[  190853ms] [LOG] [Fast Refresh] done in 3ms @ http://localhost:3001/_next/static/chunks/node_modules_next_dist_1e8vcs8._.js:776
[  190888ms] [LOG] [Fast Refresh] done in 3ms @ http://localhost:3001/_next/static/chunks/node_modules_next_dist_1e8vcs8._.js:776
[  190924ms] [LOG] [Fast Refresh] done in 3ms @ http://localhost:3001/_next/static/chunks/node_modules_next_dist_1e8vcs8._.js:776
[  190959ms] [LOG] [Fast Refresh] done in 3ms @ http://localhost:3001/_next/static/chunks/node_modules_next_dist_1e8vcs8._.js:776
[  190995ms] [LOG] [Fast Refresh] done in 3ms @ http://localhost:3001/_next/static/chunks/node_modules_next_dist_1e8vcs8._.js:776
[  191033ms] [LOG] [Fast Refresh] done in 3ms @ http://localhost:3001/_next/static/chunks/node_modules_next_dist_1e8vcs8._.js:776
[  191069ms] [LOG] [Fast Refresh] done in 3ms @ http://localhost:3001/_next/static/chunks/node_modules_next_dist_1e8vcs8._.js:776
[  191106ms] [LOG] [Fast Refresh] done in 3ms @ http://localhost:3001/_next/static/chunks/node_modules_next_dist_1e8vcs8._.js:776
[  191142ms] [LOG] [Fast Refresh] done in 3ms @ http://localhost:3001/_next/static/chunks/node_modules_next_dist_1e8vcs8._.js:776
[  191178ms] [LOG] [Fast Refresh] done in 3ms @ http://localhost:3001/_next/static/chunks/node_modules_next_dist_1e8vcs8._.js:776
[  191217ms] [LOG] [Fast Refresh] done in 3ms @ http://localhost:3001/_next/static/chunks/node_modules_next_dist_1e8vcs8._.js:776
[  191253ms] [LOG] [Fast Refresh] done in 3ms @ http://localhost:3001/_next/static/chunks/node_modules_next_dist_1e8vcs8._.js:776
[  191289ms] [LOG] [Fast Refresh] done in 3ms @ http://localhost:3001/_next/static/chunks/node_modules_next_dist_1e8vcs8._.js:776
[  191325ms] [LOG] [Fast Refresh] done in 3ms @ http://localhost:3001/_next/static/chunks/node_modules_next_dist_1e8vcs8._.js:776
[  191361ms] [LOG] [Fast Refresh] done in 3ms @ http://localhost:3001/_next/static/chunks/node_modules_next_dist_1e8vcs8._.js:776
[  191397ms] [LOG] [Fast Refresh] done in 3ms @ http://localhost:3001/_next/static/chunks/node_modules_next_dist_1e8vcs8._.js:776
[  191434ms] [LOG] [Fast Refresh] done in 3ms @ http://localhost:3001/_next/static/chunks/node_modules_next_dist_1e8vcs8._.js:776
[  191470ms] [LOG] [Fast Refresh] done in 3ms @ http://localhost:3001/_next/static/chunks/node_modules_next_dist_1e8vcs8._.js:776
[  191507ms] [LOG] [Fast Refresh] done in 3ms @ http://localhost:3001/_next/static/chunks/node_modules_next_dist_1e8vcs8._.js:776
[  191544ms] [LOG] [Fast Refresh] done in 3ms @ http://localhost:3001/_next/static/chunks/node_modules_next_dist_1e8vcs8._.js:776
[  191581ms] [LOG] [Fast Refresh] done in 3ms @ http://localhost:3001/_next/static/chunks/node_modules_next_dist_1e8vcs8._.js:776
[  191617ms] [LOG] [Fast Refresh] done in 3ms @ http://localhost:3001/_next/static/chunks/node_modules_next_dist_1e8vcs8._.js:776
[  191655ms] [LOG] [Fast Refresh] done in 3ms @ http://localhost:3001/_next/static/chunks/node_modules_next_dist_1e8vcs8._.js:776
[  191693ms] [LOG] [Fast Refresh] done in 3ms @ http://localhost:3001/_next/static/chunks/node_modules_next_dist_1e8vcs8._.js:776
[  191729ms] [LOG] [Fast Refresh] done in 3ms @ http://localhost:3001/_next/static/chunks/node_modules_next_dist_1e8vcs8._.js:776
[  191765ms] [LOG] [Fast Refresh] done in 3ms @ http://localhost:3001/_next/static/chunks/node_modules_next_dist_1e8vcs8._.js:776
[  191802ms] [LOG] [Fast Refresh] done in 3ms @ http://localhost:3001/_next/static/chunks/node_modules_next_dist_1e8vcs8._.js:776
[  191838ms] [LOG] [Fast Refresh] done in 3ms @ http://localhost:3001/_next/static/chunks/node_modules_next_dist_1e8vcs8._.js:776
[  191875ms] [LOG] [Fast Refresh] done in 3ms @ http://localhost:3001/_next/static/chunks/node_modules_next_dist_1e8vcs8._.js:776
[  191912ms] [LOG] [Fast Refresh] done in 3ms @ http://localhost:3001/_next/static/chunks/node_modules_next_dist_1e8vcs8._.js:776
[  191949ms] [LOG] [Fast Refresh] done in 3ms @ http://localhost:3001/_next/static/chunks/node_modules_next_dist_1e8vcs8._.js:776
[  191986ms] [LOG] [Fast Refresh] done in 3ms @ http://localhost:3001/_next/static/chunks/node_modules_next_dist_1e8vcs8._.js:776
[  192023ms] [LOG] [Fast Refresh] done in 3ms @ http://localhost:3001/_next/static/chunks/node_modules_next_dist_1e8vcs8._.js:776
[  192061ms] [LOG] [Fast Refresh] done in 3ms @ http://localhost:3001/_next/static/chunks/node_modules_next_dist_1e8vcs8._.js:776
[  192098ms] [LOG] [Fast Refresh] done in 3ms @ http://localhost:3001/_next/static/chunks/node_modules_next_dist_1e8vcs8._.js:776
[  192137ms] [LOG] [Fast Refresh] done in 3ms @ http://localhost:3001/_next/static/chunks/node_modules_next_dist_1e8vcs8._.js:776
[  192174ms] [LOG] [Fast Refresh] done in 3ms @ http://localhost:3001/_next/static/chunks/node_modules_next_dist_1e8vcs8._.js:776
[  192210ms] [LOG] [Fast Refresh] done in 3ms @ http://localhost:3001/_next/static/chunks/node_modules_next_dist_1e8vcs8._.js:776
[  192248ms] [LOG] [Fast Refresh] done in 3ms @ http://localhost:3001/_next/static/chunks/node_modules_next_dist_1e8vcs8._.js:776
[  192284ms] [LOG] [Fast Refresh] done in 3ms @ http://localhost:3001/_next/static/chunks/node_modules_next_dist_1e8vcs8._.js:776
[  192321ms] [LOG] [Fast Refresh] done in 3ms @ http://localhost:3001/_next/static/chunks/node_modules_next_dist_1e8vcs8._.js:776
[  192357ms] [LOG] [Fast Refresh] done in 3ms @ http://localhost:3001/_next/static/chunks/node_modules_next_dist_1e8vcs8._.js:776
[  192394ms] [LOG] [Fast Refresh] done in 3ms @ http://localhost:3001/_next/static/chunks/node_modules_next_dist_1e8vcs8._.js:776
[  192430ms] [LOG] [Fast Refresh] done in 3ms @ http://localhost:3001/_next/static/chunks/node_modules_next_dist_1e8vcs8._.js:776
[  192468ms] [LOG] [Fast Refresh] done in 3ms @ http://localhost:3001/_next/static/chunks/node_modules_next_dist_1e8vcs8._.js:776
[  192505ms] [LOG] [Fast Refresh] done in 3ms @ http://localhost:3001/_next/static/chunks/node_modules_next_dist_1e8vcs8._.js:776
[  192541ms] [LOG] [Fast Refresh] done in 3ms @ http://localhost:3001/_next/static/chunks/node_modules_next_dist_1e8vcs8._.js:776
[  192578ms] [LOG] [Fast Refresh] done in 3ms @ http://localhost:3001/_next/static/chunks/node_modules_next_dist_1e8vcs8._.js:776
[  192614ms] [LOG] [Fast Refresh] done in 3ms @ http://localhost:3001/_next/static/chunks/node_modules_next_dist_1e8vcs8._.js:776
[  192651ms] [LOG] [Fast Refresh] done in 3ms @ http://localhost:3001/_next/static/chunks/node_modules_next_dist_1e8vcs8._.js:776
[  192687ms] [LOG] [Fast Refresh] done in 3ms @ http://localhost:3001/_next/static/chunks/node_modules_next_dist_1e8vcs8._.js:776
[  192723ms] [LOG] [Fast Refresh] done in 3ms @ http://localhost:3001/_next/static/chunks/node_modules_next_dist_1e8vcs8._.js:776
[  192759ms] [LOG] [Fast Refresh] done in 3ms @ http://localhost:3001/_next/static/chunks/node_modules_next_dist_1e8vcs8._.js:776
[  192795ms] [LOG] [Fast Refresh] done in 3ms @ http://localhost:3001/_next/static/chunks/node_modules_next_dist_1e8vcs8._.js:776
[  192832ms] [LOG] [Fast Refresh] done in 3ms @ http://localhost:3001/_next/static/chunks/node_modules_next_dist_1e8vcs8._.js:776
[  192868ms] [LOG] [Fast Refresh] done in 3ms @ http://localhost:3001/_next/static/chunks/node_modules_next_dist_1e8vcs8._.js:776
[  192907ms] [LOG] [Fast Refresh] done in 3ms @ http://localhost:3001/_next/static/chunks/node_modules_next_dist_1e8vcs8._.js:776
[  192942ms] [LOG] [Fast Refresh] done in 3ms @ http://localhost:3001/_next/static/chunks/node_modules_next_dist_1e8vcs8._.js:776
[  192979ms] [LOG] [Fast Refresh] done in 3ms @ http://localhost:3001/_next/static/chunks/node_modules_next_dist_1e8vcs8._.js:776
[  193015ms] [LOG] [Fast Refresh] done in 3ms @ http://localhost:3001/_next/static/chunks/node_modules_next_dist_1e8vcs8._.js:776
[  193051ms] [LOG] [Fast Refresh] done in 3ms @ http://localhost:3001/_next/static/chunks/node_modules_next_dist_1e8vcs8._.js:776
[  193088ms] [LOG] [Fast Refresh] done in 3ms @ http://localhost:3001/_next/static/chunks/node_modules_next_dist_1e8vcs8._.js:776
[  193127ms] [LOG] [Fast Refresh] done in 3ms @ http://localhost:3001/_next/static/chunks/node_modules_next_dist_1e8vcs8._.js:776
[  193163ms] [LOG] [Fast Refresh] done in 3ms @ http://localhost:3001/_next/static/chunks/node_modules_next_dist_1e8vcs8._.js:776
[  193199ms] [LOG] [Fast Refresh] done in 3ms @ http://localhost:3001/_next/static/chunks/node_modules_next_dist_1e8vcs8._.js:776
[  193236ms] [LOG] [Fast Refresh] done in 3ms @ http://localhost:3001/_next/static/chunks/node_modules_next_dist_1e8vcs8._.js:776
[  193274ms] [LOG] [Fast Refresh] done in 3ms @ http://localhost:3001/_next/static/chunks/node_modules_next_dist_1e8vcs8._.js:776
[  193310ms] [LOG] [Fast Refresh] done in 3ms @ http://localhost:3001/_next/static/chunks/node_modules_next_dist_1e8vcs8._.js:776
[  193346ms] [LOG] [Fast Refresh] done in 3ms @ http://localhost:3001/_next/static/chunks/node_modules_next_dist_1e8vcs8._.js:776
[  193382ms] [LOG] [Fast Refresh] done in 3ms @ http://localhost:3001/_next/static/chunks/node_modules_next_dist_1e8vcs8._.js:776
[  193418ms] [LOG] [Fast Refresh] done in 3ms @ http://localhost:3001/_next/static/chunks/node_modules_next_dist_1e8vcs8._.js:776
[  193455ms] [LOG] [Fast Refresh] done in 3ms @ http://localhost:3001/_next/static/chunks/node_modules_next_dist_1e8vcs8._.js:776
[  193491ms] [LOG] [Fast Refresh] done in 3ms @ http://localhost:3001/_next/static/chunks/node_modules_next_dist_1e8vcs8._.js:776
[  193528ms] [LOG] [Fast Refresh] done in 3ms @ http://localhost:3001/_next/static/chunks/node_modules_next_dist_1e8vcs8._.js:776
[  193565ms] [LOG] [Fast Refresh] done in 3ms @ http://localhost:3001/_next/static/chunks/node_modules_next_dist_1e8vcs8._.js:776
[  193602ms] [LOG] [Fast Refresh] done in 3ms @ http://localhost:3001/_next/static/chunks/node_modules_next_dist_1e8vcs8._.js:776
[  193638ms] [LOG] [Fast Refresh] done in 3ms @ http://localhost:3001/_next/static/chunks/node_modules_next_dist_1e8vcs8._.js:776
[  193675ms] [LOG] [Fast Refresh] done in 3ms @ http://localhost:3001/_next/static/chunks/node_modules_next_dist_1e8vcs8._.js:776
[  193713ms] [LOG] [Fast Refresh] done in 3ms @ http://localhost:3001/_next/static/chunks/node_modules_next_dist_1e8vcs8._.js:776
[  193749ms] [LOG] [Fast Refresh] done in 3ms @ http://localhost:3001/_next/static/chunks/node_modules_next_dist_1e8vcs8._.js:776
[  193786ms] [LOG] [Fast Refresh] done in 3ms @ http://localhost:3001/_next/static/chunks/node_modules_next_dist_1e8vcs8._.js:776
[  193821ms] [LOG] [Fast Refresh] done in 3ms @ http://localhost:3001/_next/static/chunks/node_modules_next_dist_1e8vcs8._.js:776
[  193859ms] [LOG] [Fast Refresh] done in 3ms @ http://localhost:3001/_next/static/chunks/node_modules_next_dist_1e8vcs8._.js:776
[  193895ms] [LOG] [Fast Refresh] done in 3ms @ http://localhost:3001/_next/static/chunks/node_modules_next_dist_1e8vcs8._.js:776
[  193932ms] [LOG] [Fast Refresh] done in 3ms @ http://localhost:3001/_next/static/chunks/node_modules_next_dist_1e8vcs8._.js:776
[  193968ms] [LOG] [Fast Refresh] done in 3ms @ http://localhost:3001/_next/static/chunks/node_modules_next_dist_1e8vcs8._.js:776
[  194005ms] [LOG] [Fast Refresh] done in 3ms @ http://localhost:3001/_next/static/chunks/node_modules_next_dist_1e8vcs8._.js:776
[  194041ms] [LOG] [Fast Refresh] done in 3ms @ http://localhost:3001/_next/static/chunks/node_modules_next_dist_1e8vcs8._.js:776
[  194077ms] [LOG] [Fast Refresh] done in 3ms @ http://localhost:3001/_next/static/chunks/node_modules_next_dist_1e8vcs8._.js:776
[  194113ms] [LOG] [Fast Refresh] done in 3ms @ http://localhost:3001/_next/static/chunks/node_modules_next_dist_1e8vcs8._.js:776
[  194149ms] [LOG] [Fast Refresh] done in 3ms @ http://localhost:3001/_next/static/chunks/node_modules_next_dist_1e8vcs8._.js:776
[  194185ms] [LOG] [Fast Refresh] done in 3ms @ http://localhost:3001/_next/static/chunks/node_modules_next_dist_1e8vcs8._.js:776
[  194221ms] [LOG] [Fast Refresh] done in 3ms @ http://localhost:3001/_next/static/chunks/node_modules_next_dist_1e8vcs8._.js:776
[  194257ms] [LOG] [Fast Refresh] done in 3ms @ http://localhost:3001/_next/static/chunks/node_modules_next_dist_1e8vcs8._.js:776
[  194294ms] [LOG] [Fast Refresh] done in 3ms @ http://localhost:3001/_next/static/chunks/node_modules_next_dist_1e8vcs8._.js:776
[  194330ms] [LOG] [Fast Refresh] done in 3ms @ http://localhost:3001/_next/static/chunks/node_modules_next_dist_1e8vcs8._.js:776
[  194367ms] [LOG] [Fast Refresh] done in 3ms @ http://localhost:3001/_next/static/chunks/node_modules_next_dist_1e8vcs8._.js:776
[  194404ms] [LOG] [Fast Refresh] done in 3ms @ http://localhost:3001/_next/static/chunks/node_modules_next_dist_1e8vcs8._.js:776
[  194441ms] [LOG] [Fast Refresh] done in 3ms @ http://localhost:3001/_next/static/chunks/node_modules_next_dist_1e8vcs8._.js:776
[  194477ms] [LOG] [Fast Refresh] done in 3ms @ http://localhost:3001/_next/static/chunks/node_modules_next_dist_1e8vcs8._.js:776
[  194513ms] [LOG] [Fast Refresh] done in 3ms @ http://localhost:3001/_next/static/chunks/node_modules_next_dist_1e8vcs8._.js:776
[  194550ms] [LOG] [Fast Refresh] done in 3ms @ http://localhost:3001/_next/static/chunks/node_modules_next_dist_1e8vcs8._.js:776
[  194586ms] [LOG] [Fast Refresh] done in 3ms @ http://localhost:3001/_next/static/chunks/node_modules_next_dist_1e8vcs8._.js:776
[  194623ms] [LOG] [Fast Refresh] done in 3ms @ http://localhost:3001/_next/static/chunks/node_modules_next_dist_1e8vcs8._.js:776
[  194659ms] [LOG] [Fast Refresh] done in 3ms @ http://localhost:3001/_next/static/chunks/node_modules_next_dist_1e8vcs8._.js:776
[  194695ms] [LOG] [Fast Refresh] done in 3ms @ http://localhost:3001/_next/static/chunks/node_modules_next_dist_1e8vcs8._.js:776
[  194738ms] [LOG] [Fast Refresh] done in 3ms @ http://localhost:3001/_next/static/chunks/node_modules_next_dist_1e8vcs8._.js:776
[  194932ms] [ERROR] ./app/Landing.jsx:44:1
Error: Unexpected token. Did you mean `{'}'}` or `&rbrace;`?
  42 |     </div>
  43 |   )
> 44 | }
     | ^

Parsing ecmascript source code failed

Import trace:
  Server Component:
    ./app/Landing.jsx
    ./app/page.tsx @ http://localhost:3001/_next/static/chunks/node_modules_next_dist_1e8vcs8._.js:1052
[  194955ms] [LOG] [Fast Refresh] rebuilding @ http://localhost:3001/_next/static/chunks/node_modules_next_dist_1e8vcs8._.js:776
[  194994ms] [ERROR] ./app/Landing.jsx:44:1
Error: Unexpected token. Did you mean `{'}'}` or `&rbrace;`?
  42 |     </div>
  43 |   )
> 44 | }
     | ^

Parsing ecmascript source code failed

Import trace:
  Server Component:
    ./app/Landing.jsx
    ./app/page.tsx @ http://localhost:3001/_next/static/chunks/node_modules_next_dist_1e8vcs8._.js:1052
[  195031ms] [ERROR] ./app/Landing.jsx:44:1
Error: Unexpected token. Did you mean `{'}'}` or `&rbrace;`?
  42 |     </div>
  43 |   )
> 44 | }
     | ^

Parsing ecmascript source code failed

Import trace:
  Server Component:
    ./app/Landing.jsx
    ./app/page.tsx @ http://localhost:3001/_next/static/chunks/node_modules_next_dist_1e8vcs8._.js:1052
[  195067ms] [ERROR] ./app/Landing.jsx:44:1
Error: Unexpected token. Did you mean `{'}'}` or `&rbrace;`?
  42 |     </div>
  43 |   )
> 44 | }
     | ^

Parsing ecmascript source code failed

Import trace:
  Server Component:
    ./app/Landing.jsx
    ./app/page.tsx @ http://localhost:3001/_next/static/chunks/node_modules_next_dist_1e8vcs8._.js:1052
[  195103ms] [ERROR] ./app/Landing.jsx:44:1
Error: Unexpected token. Did you mean `{'}'}` or `&rbrace;`?
  42 |     </div>
  43 |   )
> 44 | }
     | ^

Parsing ecmascript source code failed

Import trace:
  Server Component:
    ./app/Landing.jsx
    ./app/page.tsx @ http://localhost:3001/_next/static/chunks/node_modules_next_dist_1e8vcs8._.js:1052
[  195139ms] [ERROR] ./app/Landing.jsx:44:1
Error: Unexpected token. Did you mean `{'}'}` or `&rbrace;`?
  42 |     </div>
  43 |   )
> 44 | }
     | ^

Parsing ecmascript source code failed

Import trace:
  Server Component:
    ./app/Landing.jsx
    ./app/page.tsx @ http://localhost:3001/_next/static/chunks/node_modules_next_dist_1e8vcs8._.js:1052
[  195175ms] [ERROR] ./app/Landing.jsx:44:1
Error: Unexpected token. Did you mean `{'}'}` or `&rbrace;`?
  42 |     </div>
  43 |   )
> 44 | }
     | ^

Parsing ecmascript source code failed

Import trace:
  Server Component:
    ./app/Landing.jsx
    ./app/page.tsx @ http://localhost:3001/_next/static/chunks/node_modules_next_dist_1e8vcs8._.js:1052
[  195213ms] [ERROR] ./app/Landing.jsx:44:1
Error: Unexpected token. Did you mean `{'}'}` or `&rbrace;`?
  42 |     </div>
  43 |   )
> 44 | }
     | ^

Parsing ecmascript source code failed

Import trace:
  Server Component:
    ./app/Landing.jsx
    ./app/page.tsx @ http://localhost:3001/_next/static/chunks/node_modules_next_dist_1e8vcs8._.js:1052
[  195249ms] [ERROR] ./app/Landing.jsx:44:1
Error: Unexpected token. Did you mean `{'}'}` or `&rbrace;`?
  42 |     </div>
  43 |   )
> 44 | }
     | ^

Parsing ecmascript source code failed

Import trace:
  Server Component:
    ./app/Landing.jsx
    ./app/page.tsx @ http://localhost:3001/_next/static/chunks/node_modules_next_dist_1e8vcs8._.js:1052
[  195286ms] [ERROR] ./app/Landing.jsx:44:1
Error: Unexpected token. Did you mean `{'}'}` or `&rbrace;`?
  42 |     </div>
  43 |   )
> 44 | }
     | ^

Parsing ecmascript source code failed

Import trace:
  Server Component:
    ./app/Landing.jsx
    ./app/page.tsx @ http://localhost:3001/_next/static/chunks/node_modules_next_dist_1e8vcs8._.js:1052
[  195324ms] [ERROR] ./app/Landing.jsx:44:1
Error: Unexpected token. Did you mean `{'}'}` or `&rbrace;`?
  42 |     </div>
  43 |   )
> 44 | }
     | ^

Parsing ecmascript source code failed

Import trace:
  Server Component:
    ./app/Landing.jsx
    ./app/page.tsx @ http://localhost:3001/_next/static/chunks/node_modules_next_dist_1e8vcs8._.js:1052
[  195360ms] [ERROR] ./app/Landing.jsx:44:1
Error: Unexpected token. Did you mean `{'}'}` or `&rbrace;`?
  42 |     </div>
  43 |   )
> 44 | }
     | ^

Parsing ecmascript source code failed

Import trace:
  Server Component:
    ./app/Landing.jsx
    ./app/page.tsx @ http://localhost:3001/_next/static/chunks/node_modules_next_dist_1e8vcs8._.js:1052
[  195396ms] [ERROR] ./app/Landing.jsx:44:1
Error: Unexpected token. Did you mean `{'}'}` or `&rbrace;`?
  42 |     </div>
  43 |   )
> 44 | }
     | ^

Parsing ecmascript source code failed

Import trace:
  Server Component:
    ./app/Landing.jsx
    ./app/page.tsx @ http://localhost:3001/_next/static/chunks/node_modules_next_dist_1e8vcs8._.js:1052
[  195433ms] [ERROR] ./app/Landing.jsx:44:1
Error: Unexpected token. Did you mean `{'}'}` or `&rbrace;`?
  42 |     </div>
  43 |   )
> 44 | }
     | ^

Parsing ecmascript source code failed

Import trace:
  Server Component:
    ./app/Landing.jsx
    ./app/page.tsx @ http://localhost:3001/_next/static/chunks/node_modules_next_dist_1e8vcs8._.js:1052
[  195470ms] [ERROR] ./app/Landing.jsx:44:1
Error: Unexpected token. Did you mean `{'}'}` or `&rbrace;`?
  42 |     </div>
  43 |   )
> 44 | }
     | ^

Parsing ecmascript source code failed

Import trace:
  Server Component:
    ./app/Landing.jsx
    ./app/page.tsx @ http://localhost:3001/_next/static/chunks/node_modules_next_dist_1e8vcs8._.js:1052
[  195507ms] [ERROR] ./app/Landing.jsx:44:1
Error: Unexpected token. Did you mean `{'}'}` or `&rbrace;`?
  42 |     </div>
  43 |   )
> 44 | }
     | ^

Parsing ecmascript source code failed

Import trace:
  Server Component:
    ./app/Landing.jsx
    ./app/page.tsx @ http://localhost:3001/_next/static/chunks/node_modules_next_dist_1e8vcs8._.js:1052
[  195545ms] [ERROR] ./app/Landing.jsx:44:1
Error: Unexpected token. Did you mean `{'}'}` or `&rbrace;`?
  42 |     </div>
  43 |   )
> 44 | }
     | ^

Parsing ecmascript source code failed

Import trace:
  Server Component:
    ./app/Landing.jsx
    ./app/page.tsx @ http://localhost:3001/_next/static/chunks/node_modules_next_dist_1e8vcs8._.js:1052
[  195581ms] [ERROR] ./app/Landing.jsx:44:1
Error: Unexpected token. Did you mean `{'}'}` or `&rbrace;`?
  42 |     </div>
  43 |   )
> 44 | }
     | ^

Parsing ecmascript source code failed

Import trace:
  Server Component:
    ./app/Landing.jsx
    ./app/page.tsx @ http://localhost:3001/_next/static/chunks/node_modules_next_dist_1e8vcs8._.js:1052
[  195618ms] [ERROR] ./app/Landing.jsx:44:1
Error: Unexpected token. Did you mean `{'}'}` or `&rbrace;`?
  42 |     </div>
  43 |   )
> 44 | }
     | ^

Parsing ecmascript source code failed

Import trace:
  Server Component:
    ./app/Landing.jsx
    ./app/page.tsx @ http://localhost:3001/_next/static/chunks/node_modules_next_dist_1e8vcs8._.js:1052
[  195655ms] [ERROR] ./app/Landing.jsx:44:1
Error: Unexpected token. Did you mean `{'}'}` or `&rbrace;`?
  42 |     </div>
  43 |   )
> 44 | }
     | ^

Parsing ecmascript source code failed

Import trace:
  Server Component:
    ./app/Landing.jsx
    ./app/page.tsx @ http://localhost:3001/_next/static/chunks/node_modules_next_dist_1e8vcs8._.js:1052
[  195691ms] [ERROR] ./app/Landing.jsx:44:1
Error: Unexpected token. Did you mean `{'}'}` or `&rbrace;`?
  42 |     </div>
  43 |   )
> 44 | }
     | ^

Parsing ecmascript source code failed

Import trace:
  Server Component:
    ./app/Landing.jsx
    ./app/page.tsx @ http://localhost:3001/_next/static/chunks/node_modules_next_dist_1e8vcs8._.js:1052
[  195728ms] [ERROR] ./app/Landing.jsx:44:1
Error: Unexpected token. Did you mean `{'}'}` or `&rbrace;`?
  42 |     </div>
  43 |   )
> 44 | }
     | ^

Parsing ecmascript source code failed

Import trace:
  Server Component:
    ./app/Landing.jsx
    ./app/page.tsx @ http://localhost:3001/_next/static/chunks/node_modules_next_dist_1e8vcs8._.js:1052
[  195765ms] [ERROR] ./app/Landing.jsx:44:1
Error: Unexpected token. Did you mean `{'}'}` or `&rbrace;`?
  42 |     </div>
  43 |   )
> 44 | }
     | ^

Parsing ecmascript source code failed

Import trace:
  Server Component:
    ./app/Landing.jsx
    ./app/page.tsx @ http://localhost:3001/_next/static/chunks/node_modules_next_dist_1e8vcs8._.js:1052
[  195801ms] [ERROR] ./app/Landing.jsx:44:1
Error: Unexpected token. Did you mean `{'}'}` or `&rbrace;`?
  42 |     </div>
  43 |   )
> 44 | }
     | ^

Parsing ecmascript source code failed

Import trace:
  Server Component:
    ./app/Landing.jsx
    ./app/page.tsx @ http://localhost:3001/_next/static/chunks/node_modules_next_dist_1e8vcs8._.js:1052
[  195838ms] [ERROR] ./app/Landing.jsx:44:1
Error: Unexpected token. Did you mean `{'}'}` or `&rbrace;`?
  42 |     </div>
  43 |   )
> 44 | }
     | ^

Parsing ecmascript source code failed

Import trace:
  Server Component:
    ./app/Landing.jsx
    ./app/page.tsx @ http://localhost:3001/_next/static/chunks/node_modules_next_dist_1e8vcs8._.js:1052
[  195874ms] [ERROR] ./app/Landing.jsx:44:1
Error: Unexpected token. Did you mean `{'}'}` or `&rbrace;`?
  42 |     </div>
  43 |   )
> 44 | }
     | ^

Parsing ecmascript source code failed

Import trace:
  Server Component:
    ./app/Landing.jsx
    ./app/page.tsx @ http://localhost:3001/_next/static/chunks/node_modules_next_dist_1e8vcs8._.js:1052
[  195912ms] [ERROR] ./app/Landing.jsx:44:1
Error: Unexpected token. Did you mean `{'}'}` or `&rbrace;`?
  42 |     </div>
  43 |   )
> 44 | }
     | ^

Parsing ecmascript source code failed

Import trace:
  Server Component:
    ./app/Landing.jsx
    ./app/page.tsx @ http://localhost:3001/_next/static/chunks/node_modules_next_dist_1e8vcs8._.js:1052
[  195950ms] [ERROR] ./app/Landing.jsx:44:1
Error: Unexpected token. Did you mean `{'}'}` or `&rbrace;`?
  42 |     </div>
  43 |   )
> 44 | }
     | ^

Parsing ecmascript source code failed

Import trace:
  Server Component:
    ./app/Landing.jsx
    ./app/page.tsx @ http://localhost:3001/_next/static/chunks/node_modules_next_dist_1e8vcs8._.js:1052
[  195988ms] [ERROR] ./app/Landing.jsx:44:1
Error: Unexpected token. Did you mean `{'}'}` or `&rbrace;`?
  42 |     </div>
  43 |   )
> 44 | }
     | ^

Parsing ecmascript source code failed

Import trace:
  Server Component:
    ./app/Landing.jsx
    ./app/page.tsx @ http://localhost:3001/_next/static/chunks/node_modules_next_dist_1e8vcs8._.js:1052
[  196022ms] [ERROR] ./app/Landing.jsx:44:1
Error: Unexpected token. Did you mean `{'}'}` or `&rbrace;`?
  42 |     </div>
  43 |   )
> 44 | }
     | ^

Parsing ecmascript source code failed

Import trace:
  Server Component:
    ./app/Landing.jsx
    ./app/page.tsx @ http://localhost:3001/_next/static/chunks/node_modules_next_dist_1e8vcs8._.js:1052
[  196060ms] [ERROR] ./app/Landing.jsx:44:1
Error: Unexpected token. Did you mean `{'}'}` or `&rbrace;`?
  42 |     </div>
  43 |   )
> 44 | }
     | ^

Parsing ecmascript source code failed

Import trace:
  Server Component:
    ./app/Landing.jsx
    ./app/page.tsx @ http://localhost:3001/_next/static/chunks/node_modules_next_dist_1e8vcs8._.js:1052
[  196098ms] [ERROR] ./app/Landing.jsx:44:1
Error: Unexpected token. Did you mean `{'}'}` or `&rbrace;`?
  42 |     </div>
  43 |   )
> 44 | }
     | ^

Parsing ecmascript source code failed

Import trace:
  Server Component:
    ./app/Landing.jsx
    ./app/page.tsx @ http://localhost:3001/_next/static/chunks/node_modules_next_dist_1e8vcs8._.js:1052
[  196137ms] [ERROR] ./app/Landing.jsx:44:1
Error: Unexpected token. Did you mean `{'}'}` or `&rbrace;`?
  42 |     </div>
  43 |   )
> 44 | }
     | ^

Parsing ecmascript source code failed

Import trace:
  Server Component:
    ./app/Landing.jsx
    ./app/page.tsx @ http://localhost:3001/_next/static/chunks/node_modules_next_dist_1e8vcs8._.js:1052
[  196173ms] [ERROR] ./app/Landing.jsx:44:1
Error: Unexpected token. Did you mean `{'}'}` or `&rbrace;`?
  42 |     </div>
  43 |   )
> 44 | }
     | ^

Parsing ecmascript source code failed

Import trace:
  Server Component:
    ./app/Landing.jsx
    ./app/page.tsx @ http://localhost:3001/_next/static/chunks/node_modules_next_dist_1e8vcs8._.js:1052
[  196209ms] [ERROR] ./app/Landing.jsx:44:1
Error: Unexpected token. Did you mean `{'}'}` or `&rbrace;`?
  42 |     </div>
  43 |   )
> 44 | }
     | ^

Parsing ecmascript source code failed

Import trace:
  Server Component:
    ./app/Landing.jsx
    ./app/page.tsx @ http://localhost:3001/_next/static/chunks/node_modules_next_dist_1e8vcs8._.js:1052
[  196246ms] [ERROR] ./app/Landing.jsx:44:1
Error: Unexpected token. Did you mean `{'}'}` or `&rbrace;`?
  42 |     </div>
  43 |   )
> 44 | }
     | ^

Parsing ecmascript source code failed

Import trace:
  Server Component:
    ./app/Landing.jsx
    ./app/page.tsx @ http://localhost:3001/_next/static/chunks/node_modules_next_dist_1e8vcs8._.js:1052
[  196283ms] [ERROR] ./app/Landing.jsx:44:1
Error: Unexpected token. Did you mean `{'}'}` or `&rbrace;`?
  42 |     </div>
  43 |   )
> 44 | }
     | ^

Parsing ecmascript source code failed

Import trace:
  Server Component:
    ./app/Landing.jsx
    ./app/page.tsx @ http://localhost:3001/_next/static/chunks/node_modules_next_dist_1e8vcs8._.js:1052
[  196319ms] [ERROR] ./app/Landing.jsx:44:1
Error: Unexpected token. Did you mean `{'}'}` or `&rbrace;`?
  42 |     </div>
  43 |   )
> 44 | }
     | ^

Parsing ecmascript source code failed

Import trace:
  Server Component:
    ./app/Landing.jsx
    ./app/page.tsx @ http://localhost:3001/_next/static/chunks/node_modules_next_dist_1e8vcs8._.js:1052
[  196355ms] [ERROR] ./app/Landing.jsx:44:1
Error: Unexpected token. Did you mean `{'}'}` or `&rbrace;`?
  42 |     </div>
  43 |   )
> 44 | }
     | ^

Parsing ecmascript source code failed

Import trace:
  Server Component:
    ./app/Landing.jsx
    ./app/page.tsx @ http://localhost:3001/_next/static/chunks/node_modules_next_dist_1e8vcs8._.js:1052
[  196391ms] [ERROR] ./app/Landing.jsx:44:1
Error: Unexpected token. Did you mean `{'}'}` or `&rbrace;`?
  42 |     </div>
  43 |   )
> 44 | }
     | ^

Parsing ecmascript source code failed

Import trace:
  Server Component:
    ./app/Landing.jsx
    ./app/page.tsx @ http://localhost:3001/_next/static/chunks/node_modules_next_dist_1e8vcs8._.js:1052
[  196427ms] [ERROR] ./app/Landing.jsx:44:1
Error: Unexpected token. Did you mean `{'}'}` or `&rbrace;`?
  42 |     </div>
  43 |   )
> 44 | }
     | ^

Parsing ecmascript source code failed

Import trace:
  Server Component:
    ./app/Landing.jsx
    ./app/page.tsx @ http://localhost:3001/_next/static/chunks/node_modules_next_dist_1e8vcs8._.js:1052
[  196463ms] [ERROR] ./app/Landing.jsx:44:1
Error: Unexpected token. Did you mean `{'}'}` or `&rbrace;`?
  42 |     </div>
  43 |   )
> 44 | }
     | ^

Parsing ecmascript source code failed

Import trace:
  Server Component:
    ./app/Landing.jsx
    ./app/page.tsx @ http://localhost:3001/_next/static/chunks/node_modules_next_dist_1e8vcs8._.js:1052
[  196499ms] [ERROR] ./app/Landing.jsx:44:1
Error: Unexpected token. Did you mean `{'}'}` or `&rbrace;`?
  42 |     </div>
  43 |   )
> 44 | }
     | ^

Parsing ecmascript source code failed

Import trace:
  Server Component:
    ./app/Landing.jsx
    ./app/page.tsx @ http://localhost:3001/_next/static/chunks/node_modules_next_dist_1e8vcs8._.js:1052
[  196536ms] [ERROR] ./app/Landing.jsx:44:1
Error: Unexpected token. Did you mean `{'}'}` or `&rbrace;`?
  42 |     </div>
  43 |   )
> 44 | }
     | ^

Parsing ecmascript source code failed

Import trace:
  Server Component:
    ./app/Landing.jsx
    ./app/page.tsx @ http://localhost:3001/_next/static/chunks/node_modules_next_dist_1e8vcs8._.js:1052
[  196574ms] [ERROR] ./app/Landing.jsx:44:1
Error: Unexpected token. Did you mean `{'}'}` or `&rbrace;`?
  42 |     </div>
  43 |   )
> 44 | }
     | ^

Parsing ecmascript source code failed

Import trace:
  Server Component:
    ./app/Landing.jsx
    ./app/page.tsx @ http://localhost:3001/_next/static/chunks/node_modules_next_dist_1e8vcs8._.js:1052
[  196610ms] [ERROR] ./app/Landing.jsx:44:1
Error: Unexpected token. Did you mean `{'}'}` or `&rbrace;`?
  42 |     </div>
  43 |   )
> 44 | }
     | ^

Parsing ecmascript source code failed

Import trace:
  Server Component:
    ./app/Landing.jsx
    ./app/page.tsx @ http://localhost:3001/_next/static/chunks/node_modules_next_dist_1e8vcs8._.js:1052
[  196646ms] [ERROR] ./app/Landing.jsx:44:1
Error: Unexpected token. Did you mean `{'}'}` or `&rbrace;`?
  42 |     </div>
  43 |   )
> 44 | }
     | ^

Parsing ecmascript source code failed

Import trace:
  Server Component:
    ./app/Landing.jsx
    ./app/page.tsx @ http://localhost:3001/_next/static/chunks/node_modules_next_dist_1e8vcs8._.js:1052
[  196684ms] [ERROR] ./app/Landing.jsx:44:1
Error: Unexpected token. Did you mean `{'}'}` or `&rbrace;`?
  42 |     </div>
  43 |   )
> 44 | }
     | ^

Parsing ecmascript source code failed

Import trace:
  Server Component:
    ./app/Landing.jsx
    ./app/page.tsx @ http://localhost:3001/_next/static/chunks/node_modules_next_dist_1e8vcs8._.js:1052
[  196721ms] [ERROR] ./app/Landing.jsx:44:1
Error: Unexpected token. Did you mean `{'}'}` or `&rbrace;`?
  42 |     </div>
  43 |   )
> 44 | }
     | ^

Parsing ecmascript source code failed

Import trace:
  Server Component:
    ./app/Landing.jsx
    ./app/page.tsx @ http://localhost:3001/_next/static/chunks/node_modules_next_dist_1e8vcs8._.js:1052
[  196757ms] [ERROR] ./app/Landing.jsx:44:1
Error: Unexpected token. Did you mean `{'}'}` or `&rbrace;`?
  42 |     </div>
  43 |   )
> 44 | }
     | ^

Parsing ecmascript source code failed

Import trace:
  Server Component:
    ./app/Landing.jsx
    ./app/page.tsx @ http://localhost:3001/_next/static/chunks/node_modules_next_dist_1e8vcs8._.js:1052
[  196795ms] [ERROR] ./app/Landing.jsx:44:1
Error: Unexpected token. Did you mean `{'}'}` or `&rbrace;`?
  42 |     </div>
  43 |   )
> 44 | }
     | ^

Parsing ecmascript source code failed

Import trace:
  Server Component:
    ./app/Landing.jsx
    ./app/page.tsx @ http://localhost:3001/_next/static/chunks/node_modules_next_dist_1e8vcs8._.js:1052
[  196832ms] [ERROR] ./app/Landing.jsx:44:1
Error: Unexpected token. Did you mean `{'}'}` or `&rbrace;`?
  42 |     </div>
  43 |   )
> 44 | }
     | ^

Parsing ecmascript source code failed

Import trace:
  Server Component:
    ./app/Landing.jsx
    ./app/page.tsx @ http://localhost:3001/_next/static/chunks/node_modules_next_dist_1e8vcs8._.js:1052
[  196870ms] [ERROR] ./app/Landing.jsx:44:1
Error: Unexpected token. Did you mean `{'}'}` or `&rbrace;`?
  42 |     </div>
  43 |   )
> 44 | }
     | ^

Parsing ecmascript source code failed

Import trace:
  Server Component:
    ./app/Landing.jsx
    ./app/page.tsx @ http://localhost:3001/_next/static/chunks/node_modules_next_dist_1e8vcs8._.js:1052
[  196907ms] [ERROR] ./app/Landing.jsx:44:1
Error: Unexpected token. Did you mean `{'}'}` or `&rbrace;`?
  42 |     </div>
  43 |   )
> 44 | }
     | ^

Parsing ecmascript source code failed

Import trace:
  Server Component:
    ./app/Landing.jsx
    ./app/page.tsx @ http://localhost:3001/_next/static/chunks/node_modules_next_dist_1e8vcs8._.js:1052
[  196944ms] [ERROR] ./app/Landing.jsx:44:1
Error: Unexpected token. Did you mean `{'}'}` or `&rbrace;`?
  42 |     </div>
  43 |   )
> 44 | }
     | ^

Parsing ecmascript source code failed

Import trace:
  Server Component:
    ./app/Landing.jsx
    ./app/page.tsx @ http://localhost:3001/_next/static/chunks/node_modules_next_dist_1e8vcs8._.js:1052
[  196981ms] [ERROR] ./app/Landing.jsx:44:1
Error: Unexpected token. Did you mean `{'}'}` or `&rbrace;`?
  42 |     </div>
  43 |   )
> 44 | }
     | ^

Parsing ecmascript source code failed

Import trace:
  Server Component:
    ./app/Landing.jsx
    ./app/page.tsx @ http://localhost:3001/_next/static/chunks/node_modules_next_dist_1e8vcs8._.js:1052
[  197019ms] [ERROR] ./app/Landing.jsx:44:1
Error: Unexpected token. Did you mean `{'}'}` or `&rbrace;`?
  42 |     </div>
  43 |   )
> 44 | }
     | ^

Parsing ecmascript source code failed

Import trace:
  Server Component:
    ./app/Landing.jsx
    ./app/page.tsx @ http://localhost:3001/_next/static/chunks/node_modules_next_dist_1e8vcs8._.js:1052
[  197058ms] [ERROR] ./app/Landing.jsx:44:1
Error: Unexpected token. Did you mean `{'}'}` or `&rbrace;`?
  42 |     </div>
  43 |   )
> 44 | }
     | ^

Parsing ecmascript source code failed

Import trace:
  Server Component:
    ./app/Landing.jsx
    ./app/page.tsx @ http://localhost:3001/_next/static/chunks/node_modules_next_dist_1e8vcs8._.js:1052
[  197093ms] [ERROR] ./app/Landing.jsx:44:1
Error: Unexpected token. Did you mean `{'}'}` or `&rbrace;`?
  42 |     </div>
  43 |   )
> 44 | }
     | ^

Parsing ecmascript source code failed

Import trace:
  Server Component:
    ./app/Landing.jsx
    ./app/page.tsx @ http://localhost:3001/_next/static/chunks/node_modules_next_dist_1e8vcs8._.js:1052
[  197131ms] [ERROR] ./app/Landing.jsx:44:1
Error: Unexpected token. Did you mean `{'}'}` or `&rbrace;`?
  42 |     </div>
  43 |   )
> 44 | }
     | ^

Parsing ecmascript source code failed

Import trace:
  Server Component:
    ./app/Landing.jsx
    ./app/page.tsx @ http://localhost:3001/_next/static/chunks/node_modules_next_dist_1e8vcs8._.js:1052
[  197169ms] [ERROR] ./app/Landing.jsx:44:1
Error: Unexpected token. Did you mean `{'}'}` or `&rbrace;`?
  42 |     </div>
  43 |   )
> 44 | }
     | ^

Parsing ecmascript source code failed

Import trace:
  Server Component:
    ./app/Landing.jsx
    ./app/page.tsx @ http://localhost:3001/_next/static/chunks/node_modules_next_dist_1e8vcs8._.js:1052
[  197204ms] [ERROR] ./app/Landing.jsx:44:1
Error: Unexpected token. Did you mean `{'}'}` or `&rbrace;`?
  42 |     </div>
  43 |   )
> 44 | }
     | ^

Parsing ecmascript source code failed

Import trace:
  Server Component:
    ./app/Landing.jsx
    ./app/page.tsx @ http://localhost:3001/_next/static/chunks/node_modules_next_dist_1e8vcs8._.js:1052
[  197241ms] [ERROR] ./app/Landing.jsx:44:1
Error: Unexpected token. Did you mean `{'}'}` or `&rbrace;`?
  42 |     </div>
  43 |   )
> 44 | }
     | ^

Parsing ecmascript source code failed

Import trace:
  Server Component:
    ./app/Landing.jsx
    ./app/page.tsx @ http://localhost:3001/_next/static/chunks/node_modules_next_dist_1e8vcs8._.js:1052
[  197279ms] [ERROR] ./app/Landing.jsx:44:1
Error: Unexpected token. Did you mean `{'}'}` or `&rbrace;`?
  42 |     </div>
  43 |   )
> 44 | }
     | ^

Parsing ecmascript source code failed

Import trace:
  Server Component:
    ./app/Landing.jsx
    ./app/page.tsx @ http://localhost:3001/_next/static/chunks/node_modules_next_dist_1e8vcs8._.js:1052
[  197317ms] [ERROR] ./app/Landing.jsx:44:1
Error: Unexpected token. Did you mean `{'}'}` or `&rbrace;`?
  42 |     </div>
  43 |   )
> 44 | }
     | ^

Parsing ecmascript source code failed

Import trace:
  Server Component:
    ./app/Landing.jsx
    ./app/page.tsx @ http://localhost:3001/_next/static/chunks/node_modules_next_dist_1e8vcs8._.js:1052
[  197355ms] [ERROR] ./app/Landing.jsx:44:1
Error: Unexpected token. Did you mean `{'}'}` or `&rbrace;`?
  42 |     </div>
  43 |   )
> 44 | }
     | ^

Parsing ecmascript source code failed

Import trace:
  Server Component:
    ./app/Landing.jsx
    ./app/page.tsx @ http://localhost:3001/_next/static/chunks/node_modules_next_dist_1e8vcs8._.js:1052
[  197394ms] [ERROR] ./app/Landing.jsx:44:1
Error: Unexpected token. Did you mean `{'}'}` or `&rbrace;`?
  42 |     </div>
  43 |   )
> 44 | }
     | ^

Parsing ecmascript source code failed

Import trace:
  Server Component:
    ./app/Landing.jsx
    ./app/page.tsx @ http://localhost:3001/_next/static/chunks/node_modules_next_dist_1e8vcs8._.js:1052
[  197431ms] [ERROR] ./app/Landing.jsx:44:1
Error: Unexpected token. Did you mean `{'}'}` or `&rbrace;`?
  42 |     </div>
  43 |   )
> 44 | }
     | ^

Parsing ecmascript source code failed

Import trace:
  Server Component:
    ./app/Landing.jsx
    ./app/page.tsx @ http://localhost:3001/_next/static/chunks/node_modules_next_dist_1e8vcs8._.js:1052
[  197470ms] [ERROR] ./app/Landing.jsx:44:1
Error: Unexpected token. Did you mean `{'}'}` or `&rbrace;`?
  42 |     </div>
  43 |   )
> 44 | }
     | ^

Parsing ecmascript source code failed

Import trace:
  Server Component:
    ./app/Landing.jsx
    ./app/page.tsx @ http://localhost:3001/_next/static/chunks/node_modules_next_dist_1e8vcs8._.js:1052
[  197506ms] [ERROR] ./app/Landing.jsx:44:1
Error: Unexpected token. Did you mean `{'}'}` or `&rbrace;`?
  42 |     </div>
  43 |   )
> 44 | }
     | ^

Parsing ecmascript source code failed

Import trace:
  Server Component:
    ./app/Landing.jsx
    ./app/page.tsx @ http://localhost:3001/_next/static/chunks/node_modules_next_dist_1e8vcs8._.js:1052
[  197542ms] [ERROR] ./app/Landing.jsx:44:1
Error: Unexpected token. Did you mean `{'}'}` or `&rbrace;`?
  42 |     </div>
  43 |   )
> 44 | }
     | ^

Parsing ecmascript source code failed

Import trace:
  Server Component:
    ./app/Landing.jsx
    ./app/page.tsx @ http://localhost:3001/_next/static/chunks/node_modules_next_dist_1e8vcs8._.js:1052
[  197578ms] [ERROR] ./app/Landing.jsx:44:1
Error: Unexpected token. Did you mean `{'}'}` or `&rbrace;`?
  42 |     </div>
  43 |   )
> 44 | }
     | ^

Parsing ecmascript source code failed

Import trace:
  Server Component:
    ./app/Landing.jsx
    ./app/page.tsx @ http://localhost:3001/_next/static/chunks/node_modules_next_dist_1e8vcs8._.js:1052
[  197616ms] [ERROR] ./app/Landing.jsx:44:1
Error: Unexpected token. Did you mean `{'}'}` or `&rbrace;`?
  42 |     </div>
  43 |   )
> 44 | }
     | ^

Parsing ecmascript source code failed

Import trace:
  Server Component:
    ./app/Landing.jsx
    ./app/page.tsx @ http://localhost:3001/_next/static/chunks/node_modules_next_dist_1e8vcs8._.js:1052
[  197651ms] [ERROR] ./app/Landing.jsx:44:1
Error: Unexpected token. Did you mean `{'}'}` or `&rbrace;`?
  42 |     </div>
  43 |   )
> 44 | }
     | ^

Parsing ecmascript source code failed

Import trace:
  Server Component:
    ./app/Landing.jsx
    ./app/page.tsx @ http://localhost:3001/_next/static/chunks/node_modules_next_dist_1e8vcs8._.js:1052
[  197687ms] [ERROR] ./app/Landing.jsx:44:1
Error: Unexpected token. Did you mean `{'}'}` or `&rbrace;`?
  42 |     </div>
  43 |   )
> 44 | }
     | ^

Parsing ecmascript source code failed

Import trace:
  Server Component:
    ./app/Landing.jsx
    ./app/page.tsx @ http://localhost:3001/_next/static/chunks/node_modules_next_dist_1e8vcs8._.js:1052
[  197723ms] [ERROR] ./app/Landing.jsx:44:1
Error: Unexpected token. Did you mean `{'}'}` or `&rbrace;`?
  42 |     </div>
  43 |   )
> 44 | }
     | ^

Parsing ecmascript source code failed

Import trace:
  Server Component:
    ./app/Landing.jsx
    ./app/page.tsx @ http://localhost:3001/_next/static/chunks/node_modules_next_dist_1e8vcs8._.js:1052
[  197760ms] [ERROR] ./app/Landing.jsx:44:1
Error: Unexpected token. Did you mean `{'}'}` or `&rbrace;`?
  42 |     </div>
  43 |   )
> 44 | }
     | ^

Parsing ecmascript source code failed

Import trace:
  Server Component:
    ./app/Landing.jsx
    ./app/page.tsx @ http://localhost:3001/_next/static/chunks/node_modules_next_dist_1e8vcs8._.js:1052
[  197797ms] [ERROR] ./app/Landing.jsx:44:1
Error: Unexpected token. Did you mean `{'}'}` or `&rbrace;`?
  42 |     </div>
  43 |   )
> 44 | }
     | ^

Parsing ecmascript source code failed

Import trace:
  Server Component:
    ./app/Landing.jsx
    ./app/page.tsx @ http://localhost:3001/_next/static/chunks/node_modules_next_dist_1e8vcs8._.js:1052
[  197833ms] [ERROR] ./app/Landing.jsx:44:1
Error: Unexpected token. Did you mean `{'}'}` or `&rbrace;`?
  42 |     </div>
  43 |   )
> 44 | }
     | ^

Parsing ecmascript source code failed

Import trace:
  Server Component:
    ./app/Landing.jsx
    ./app/page.tsx @ http://localhost:3001/_next/static/chunks/node_modules_next_dist_1e8vcs8._.js:1052
[  197869ms] [ERROR] ./app/Landing.jsx:44:1
Error: Unexpected token. Did you mean `{'}'}` or `&rbrace;`?
  42 |     </div>
  43 |   )
> 44 | }
     | ^

Parsing ecmascript source code failed

Import trace:
  Server Component:
    ./app/Landing.jsx
    ./app/page.tsx @ http://localhost:3001/_next/static/chunks/node_modules_next_dist_1e8vcs8._.js:1052
[  197906ms] [ERROR] ./app/Landing.jsx:44:1
Error: Unexpected token. Did you mean `{'}'}` or `&rbrace;`?
  42 |     </div>
  43 |   )
> 44 | }
     | ^

Parsing ecmascript source code failed

Import trace:
  Server Component:
    ./app/Landing.jsx
    ./app/page.tsx @ http://localhost:3001/_next/static/chunks/node_modules_next_dist_1e8vcs8._.js:1052
[  197944ms] [ERROR] ./app/Landing.jsx:44:1
Error: Unexpected token. Did you mean `{'}'}` or `&rbrace;`?
  42 |     </div>
  43 |   )
> 44 | }
     | ^

Parsing ecmascript source code failed

Import trace:
  Server Component:
    ./app/Landing.jsx
    ./app/page.tsx @ http://localhost:3001/_next/static/chunks/node_modules_next_dist_1e8vcs8._.js:1052
[  197962ms] [WARNING] The resource http://localhost:3001/_next/static/chunks/app_0rb983j._.css was preloaded using link preload but not used within a few seconds from the window's load event. Please make sure it has an appropriate `as` value and it is preloaded intentionally. @ http://localhost:3001/:0
[  197999ms] [ERROR] ./app/Landing.jsx:44:1
Error: Unexpected token. Did you mean `{'}'}` or `&rbrace;`?
  42 |     </div>
  43 |   )
> 44 | }
     | ^

Parsing ecmascript source code failed

Import trace:
  Server Component:
    ./app/Landing.jsx
    ./app/page.tsx @ http://localhost:3001/_next/static/chunks/node_modules_next_dist_1e8vcs8._.js:1052
[  198037ms] [ERROR] ./app/Landing.jsx:44:1
Error: Unexpected token. Did you mean `{'}'}` or `&rbrace;`?
  42 |     </div>
  43 |   )
> 44 | }
     | ^

Parsing ecmascript source code failed

Import trace:
  Server Component:
    ./app/Landing.jsx
    ./app/page.tsx @ http://localhost:3001/_next/static/chunks/node_modules_next_dist_1e8vcs8._.js:1052
[  198074ms] [ERROR] ./app/Landing.jsx:44:1
Error: Unexpected token. Did you mean `{'}'}` or `&rbrace;`?
  42 |     </div>
  43 |   )
> 44 | }
     | ^

Parsing ecmascript source code failed

Import trace:
  Server Component:
    ./app/Landing.jsx
    ./app/page.tsx @ http://localhost:3001/_next/static/chunks/node_modules_next_dist_1e8vcs8._.js:1052
[  198111ms] [ERROR] ./app/Landing.jsx:44:1
Error: Unexpected token. Did you mean `{'}'}` or `&rbrace;`?
  42 |     </div>
  43 |   )
> 44 | }
     | ^

Parsing ecmascript source code failed

Import trace:
  Server Component:
    ./app/Landing.jsx
    ./app/page.tsx @ http://localhost:3001/_next/static/chunks/node_modules_next_dist_1e8vcs8._.js:1052
[  198148ms] [ERROR] ./app/Landing.jsx:44:1
Error: Unexpected token. Did you mean `{'}'}` or `&rbrace;`?
  42 |     </div>
  43 |   )
> 44 | }
     | ^

Parsing ecmascript source code failed

Import trace:
  Server Component:
    ./app/Landing.jsx
    ./app/page.tsx @ http://localhost:3001/_next/static/chunks/node_modules_next_dist_1e8vcs8._.js:1052
[  198186ms] [ERROR] ./app/Landing.jsx:44:1
Error: Unexpected token. Did you mean `{'}'}` or `&rbrace;`?
  42 |     </div>
  43 |   )
> 44 | }
     | ^

Parsing ecmascript source code failed

Import trace:
  Server Component:
    ./app/Landing.jsx
    ./app/page.tsx @ http://localhost:3001/_next/static/chunks/node_modules_next_dist_1e8vcs8._.js:1052
[  198222ms] [ERROR] ./app/Landing.jsx:44:1
Error: Unexpected token. Did you mean `{'}'}` or `&rbrace;`?
  42 |     </div>
  43 |   )
> 44 | }
     | ^

Parsing ecmascript source code failed

Import trace:
  Server Component:
    ./app/Landing.jsx
    ./app/page.tsx @ http://localhost:3001/_next/static/chunks/node_modules_next_dist_1e8vcs8._.js:1052
[  198260ms] [ERROR] ./app/Landing.jsx:44:1
Error: Unexpected token. Did you mean `{'}'}` or `&rbrace;`?
  42 |     </div>
  43 |   )
> 44 | }
     | ^

Parsing ecmascript source code failed

Import trace:
  Server Component:
    ./app/Landing.jsx
    ./app/page.tsx @ http://localhost:3001/_next/static/chunks/node_modules_next_dist_1e8vcs8._.js:1052
[  198297ms] [ERROR] ./app/Landing.jsx:44:1
Error: Unexpected token. Did you mean `{'}'}` or `&rbrace;`?
  42 |     </div>
  43 |   )
> 44 | }
     | ^

Parsing ecmascript source code failed

Import trace:
  Server Component:
    ./app/Landing.jsx
    ./app/page.tsx @ http://localhost:3001/_next/static/chunks/node_modules_next_dist_1e8vcs8._.js:1052
[  198333ms] [ERROR] ./app/Landing.jsx:44:1
Error: Unexpected token. Did you mean `{'}'}` or `&rbrace;`?
  42 |     </div>
  43 |   )
> 44 | }
     | ^

Parsing ecmascript source code failed

Import trace:
  Server Component:
    ./app/Landing.jsx
    ./app/page.tsx @ http://localhost:3001/_next/static/chunks/node_modules_next_dist_1e8vcs8._.js:1052
[  198371ms] [ERROR] ./app/Landing.jsx:44:1
Error: Unexpected token. Did you mean `{'}'}` or `&rbrace;`?
  42 |     </div>
  43 |   )
> 44 | }
     | ^

Parsing ecmascript source code failed

Import trace:
  Server Component:
    ./app/Landing.jsx
    ./app/page.tsx @ http://localhost:3001/_next/static/chunks/node_modules_next_dist_1e8vcs8._.js:1052
[  198409ms] [ERROR] ./app/Landing.jsx:44:1
Error: Unexpected token. Did you mean `{'}'}` or `&rbrace;`?
  42 |     </div>
  43 |   )
> 44 | }
     | ^

Parsing ecmascript source code failed

Import trace:
  Server Component:
    ./app/Landing.jsx
    ./app/page.tsx @ http://localhost:3001/_next/static/chunks/node_modules_next_dist_1e8vcs8._.js:1052
[  198445ms] [ERROR] ./app/Landing.jsx:44:1
Error: Unexpected token. Did you mean `{'}'}` or `&rbrace;`?
  42 |     </div>
  43 |   )
> 44 | }
     | ^

Parsing ecmascript source code failed

Import trace:
  Server Component:
    ./app/Landing.jsx
    ./app/page.tsx @ http://localhost:3001/_next/static/chunks/node_modules_next_dist_1e8vcs8._.js:1052
[  198482ms] [ERROR] ./app/Landing.jsx:44:1
Error: Unexpected token. Did you mean `{'}'}` or `&rbrace;`?
  42 |     </div>
  43 |   )
> 44 | }
     | ^

Parsing ecmascript source code failed

Import trace:
  Server Component:
    ./app/Landing.jsx
    ./app/page.tsx @ http://localhost:3001/_next/static/chunks/node_modules_next_dist_1e8vcs8._.js:1052
[  198519ms] [ERROR] ./app/Landing.jsx:44:1
Error: Unexpected token. Did you mean `{'}'}` or `&rbrace;`?
  42 |     </div>
  43 |   )
> 44 | }
     | ^

Parsing ecmascript source code failed

Import trace:
  Server Component:
    ./app/Landing.jsx
    ./app/page.tsx @ http://localhost:3001/_next/static/chunks/node_modules_next_dist_1e8vcs8._.js:1052
[  198557ms] [ERROR] ./app/Landing.jsx:44:1
Error: Unexpected token. Did you mean `{'}'}` or `&rbrace;`?
  42 |     </div>
  43 |   )
> 44 | }
     | ^

Parsing ecmascript source code failed

Import trace:
  Server Component:
    ./app/Landing.jsx
    ./app/page.tsx @ http://localhost:3001/_next/static/chunks/node_modules_next_dist_1e8vcs8._.js:1052
[  198595ms] [ERROR] ./app/Landing.jsx:44:1
Error: Unexpected token. Did you mean `{'}'}` or `&rbrace;`?
  42 |     </div>
  43 |   )
> 44 | }
     | ^

Parsing ecmascript source code failed

Import trace:
  Server Component:
    ./app/Landing.jsx
    ./app/page.tsx @ http://localhost:3001/_next/static/chunks/node_modules_next_dist_1e8vcs8._.js:1052
[  198631ms] [ERROR] ./app/Landing.jsx:44:1
Error: Unexpected token. Did you mean `{'}'}` or `&rbrace;`?
  42 |     </div>
  43 |   )
> 44 | }
     | ^

Parsing ecmascript source code failed

Import trace:
  Server Component:
    ./app/Landing.jsx
    ./app/page.tsx @ http://localhost:3001/_next/static/chunks/node_modules_next_dist_1e8vcs8._.js:1052
[  198668ms] [ERROR] ./app/Landing.jsx:44:1
Error: Unexpected token. Did you mean `{'}'}` or `&rbrace;`?
  42 |     </div>
  43 |   )
> 44 | }
     | ^

Parsing ecmascript source code failed

Import trace:
  Server Component:
    ./app/Landing.jsx
    ./app/page.tsx @ http://localhost:3001/_next/static/chunks/node_modules_next_dist_1e8vcs8._.js:1052
[  198703ms] [ERROR] ./app/Landing.jsx:44:1
Error: Unexpected token. Did you mean `{'}'}` or `&rbrace;`?
  42 |     </div>
  43 |   )
> 44 | }
     | ^

Parsing ecmascript source code failed

Import trace:
  Server Component:
    ./app/Landing.jsx
    ./app/page.tsx @ http://localhost:3001/_next/static/chunks/node_modules_next_dist_1e8vcs8._.js:1052
[  198740ms] [ERROR] ./app/Landing.jsx:44:1
Error: Unexpected token. Did you mean `{'}'}` or `&rbrace;`?
  42 |     </div>
  43 |   )
> 44 | }
     | ^

Parsing ecmascript source code failed

Import trace:
  Server Component:
    ./app/Landing.jsx
    ./app/page.tsx @ http://localhost:3001/_next/static/chunks/node_modules_next_dist_1e8vcs8._.js:1052
[  198777ms] [ERROR] ./app/Landing.jsx:44:1
Error: Unexpected token. Did you mean `{'}'}` or `&rbrace;`?
  42 |     </div>
  43 |   )
> 44 | }
     | ^

Parsing ecmascript source code failed

Import trace:
  Server Component:
    ./app/Landing.jsx
    ./app/page.tsx @ http://localhost:3001/_next/static/chunks/node_modules_next_dist_1e8vcs8._.js:1052
[  198813ms] [ERROR] ./app/Landing.jsx:44:1
Error: Unexpected token. Did you mean `{'}'}` or `&rbrace;`?
  42 |     </div>
  43 |   )
> 44 | }
     | ^

Parsing ecmascript source code failed

Import trace:
  Server Component:
    ./app/Landing.jsx
    ./app/page.tsx @ http://localhost:3001/_next/static/chunks/node_modules_next_dist_1e8vcs8._.js:1052
[  198849ms] [ERROR] ./app/Landing.jsx:44:1
Error: Unexpected token. Did you mean `{'}'}` or `&rbrace;`?
  42 |     </div>
  43 |   )
> 44 | }
     | ^

Parsing ecmascript source code failed

Import trace:
  Server Component:
    ./app/Landing.jsx
    ./app/page.tsx @ http://localhost:3001/_next/static/chunks/node_modules_next_dist_1e8vcs8._.js:1052
[  198886ms] [ERROR] ./app/Landing.jsx:44:1
Error: Unexpected token. Did you mean `{'}'}` or `&rbrace;`?
  42 |     </div>
  43 |   )
> 44 | }
     | ^

Parsing ecmascript source code failed

Import trace:
  Server Component:
    ./app/Landing.jsx
    ./app/page.tsx @ http://localhost:3001/_next/static/chunks/node_modules_next_dist_1e8vcs8._.js:1052
[  198922ms] [ERROR] ./app/Landing.jsx:44:1
Error: Unexpected token. Did you mean `{'}'}` or `&rbrace;`?
  42 |     </div>
  43 |   )
> 44 | }
     | ^

Parsing ecmascript source code failed

Import trace:
  Server Component:
    ./app/Landing.jsx
    ./app/page.tsx @ http://localhost:3001/_next/static/chunks/node_modules_next_dist_1e8vcs8._.js:1052
[  198959ms] [ERROR] ./app/Landing.jsx:44:1
Error: Unexpected token. Did you mean `{'}'}` or `&rbrace;`?
  42 |     </div>
  43 |   )
> 44 | }
     | ^

Parsing ecmascript source code failed

Import trace:
  Server Component:
    ./app/Landing.jsx
    ./app/page.tsx @ http://localhost:3001/_next/static/chunks/node_modules_next_dist_1e8vcs8._.js:1052
[  198997ms] [ERROR] ./app/Landing.jsx:44:1
Error: Unexpected token. Did you mean `{'}'}` or `&rbrace;`?
  42 |     </div>
  43 |   )
> 44 | }
     | ^

Parsing ecmascript source code failed

Import trace:
  Server Component:
    ./app/Landing.jsx
    ./app/page.tsx @ http://localhost:3001/_next/static/chunks/node_modules_next_dist_1e8vcs8._.js:1052
[  199034ms] [ERROR] ./app/Landing.jsx:44:1
Error: Unexpected token. Did you mean `{'}'}` or `&rbrace;`?
  42 |     </div>
  43 |   )
> 44 | }
     | ^

Parsing ecmascript source code failed

Import trace:
  Server Component:
    ./app/Landing.jsx
    ./app/page.tsx @ http://localhost:3001/_next/static/chunks/node_modules_next_dist_1e8vcs8._.js:1052
[  199070ms] [ERROR] ./app/Landing.jsx:44:1
Error: Unexpected token. Did you mean `{'}'}` or `&rbrace;`?
  42 |     </div>
  43 |   )
> 44 | }
     | ^

Parsing ecmascript source code failed

Import trace:
  Server Component:
    ./app/Landing.jsx
    ./app/page.tsx @ http://localhost:3001/_next/static/chunks/node_modules_next_dist_1e8vcs8._.js:1052
[  199107ms] [ERROR] ./app/Landing.jsx:44:1
Error: Unexpected token. Did you mean `{'}'}` or `&rbrace;`?
  42 |     </div>
  43 |   )
> 44 | }
     | ^

Parsing ecmascript source code failed

Import trace:
  Server Component:
    ./app/Landing.jsx
    ./app/page.tsx @ http://localhost:3001/_next/static/chunks/node_modules_next_dist_1e8vcs8._.js:1052
[  199145ms] [ERROR] ./app/Landing.jsx:44:1
Error: Unexpected token. Did you mean `{'}'}` or `&rbrace;`?
  42 |     </div>
  43 |   )
> 44 | }
     | ^

Parsing ecmascript source code failed

Import trace:
  Server Component:
    ./app/Landing.jsx
    ./app/page.tsx @ http://localhost:3001/_next/static/chunks/node_modules_next_dist_1e8vcs8._.js:1052
[  199183ms] [ERROR] ./app/Landing.jsx:44:1
Error: Unexpected token. Did you mean `{'}'}` or `&rbrace;`?
  42 |     </div>
  43 |   )
> 44 | }
     | ^

Parsing ecmascript source code failed

Import trace:
  Server Component:
    ./app/Landing.jsx
    ./app/page.tsx @ http://localhost:3001/_next/static/chunks/node_modules_next_dist_1e8vcs8._.js:1052
[  199220ms] [ERROR] ./app/Landing.jsx:44:1
Error: Unexpected token. Did you mean `{'}'}` or `&rbrace;`?
  42 |     </div>
  43 |   )
> 44 | }
     | ^

Parsing ecmascript source code failed

Import trace:
  Server Component:
    ./app/Landing.jsx
    ./app/page.tsx @ http://localhost:3001/_next/static/chunks/node_modules_next_dist_1e8vcs8._.js:1052
[  199256ms] [ERROR] ./app/Landing.jsx:44:1
Error: Unexpected token. Did you mean `{'}'}` or `&rbrace;`?
  42 |     </div>
  43 |   )
> 44 | }
     | ^

Parsing ecmascript source code failed

Import trace:
  Server Component:
    ./app/Landing.jsx
    ./app/page.tsx @ http://localhost:3001/_next/static/chunks/node_modules_next_dist_1e8vcs8._.js:1052
[  199292ms] [ERROR] ./app/Landing.jsx:44:1
Error: Unexpected token. Did you mean `{'}'}` or `&rbrace;`?
  42 |     </div>
  43 |   )
> 44 | }
     | ^

Parsing ecmascript source code failed

Import trace:
  Server Component:
    ./app/Landing.jsx
    ./app/page.tsx @ http://localhost:3001/_next/static/chunks/node_modules_next_dist_1e8vcs8._.js:1052
[  199328ms] [ERROR] ./app/Landing.jsx:44:1
Error: Unexpected token. Did you mean `{'}'}` or `&rbrace;`?
  42 |     </div>
  43 |   )
> 44 | }
     | ^

Parsing ecmascript source code failed

Import trace:
  Server Component:
    ./app/Landing.jsx
    ./app/page.tsx @ http://localhost:3001/_next/static/chunks/node_modules_next_dist_1e8vcs8._.js:1052
[  199364ms] [ERROR] ./app/Landing.jsx:44:1
Error: Unexpected token. Did you mean `{'}'}` or `&rbrace;`?
  42 |     </div>
  43 |   )
> 44 | }
     | ^

Parsing ecmascript source code failed

Import trace:
  Server Component:
    ./app/Landing.jsx
    ./app/page.tsx @ http://localhost:3001/_next/static/chunks/node_modules_next_dist_1e8vcs8._.js:1052
[  199400ms] [ERROR] ./app/Landing.jsx:44:1
Error: Unexpected token. Did you mean `{'}'}` or `&rbrace;`?
  42 |     </div>
  43 |   )
> 44 | }
     | ^

Parsing ecmascript source code failed

Import trace:
  Server Component:
    ./app/Landing.jsx
    ./app/page.tsx @ http://localhost:3001/_next/static/chunks/node_modules_next_dist_1e8vcs8._.js:1052
[  199438ms] [ERROR] ./app/Landing.jsx:44:1
Error: Unexpected token. Did you mean `{'}'}` or `&rbrace;`?
  42 |     </div>
  43 |   )
> 44 | }
     | ^

Parsing ecmascript source code failed

Import trace:
  Server Component:
    ./app/Landing.jsx
    ./app/page.tsx @ http://localhost:3001/_next/static/chunks/node_modules_next_dist_1e8vcs8._.js:1052
[  199474ms] [ERROR] ./app/Landing.jsx:44:1
Error: Unexpected token. Did you mean `{'}'}` or `&rbrace;`?
  42 |     </div>
  43 |   )
> 44 | }
     | ^

Parsing ecmascript source code failed

Import trace:
  Server Component:
    ./app/Landing.jsx
    ./app/page.tsx @ http://localhost:3001/_next/static/chunks/node_modules_next_dist_1e8vcs8._.js:1052
[  199511ms] [ERROR] ./app/Landing.jsx:44:1
Error: Unexpected token. Did you mean `{'}'}` or `&rbrace;`?
  42 |     </div>
  43 |   )
> 44 | }
     | ^

Parsing ecmascript source code failed

Import trace:
  Server Component:
    ./app/Landing.jsx
    ./app/page.tsx @ http://localhost:3001/_next/static/chunks/node_modules_next_dist_1e8vcs8._.js:1052
[  199547ms] [ERROR] ./app/Landing.jsx:44:1
Error: Unexpected token. Did you mean `{'}'}` or `&rbrace;`?
  42 |     </div>
  43 |   )
> 44 | }
     | ^

Parsing ecmascript source code failed

Import trace:
  Server Component:
    ./app/Landing.jsx
    ./app/page.tsx @ http://localhost:3001/_next/static/chunks/node_modules_next_dist_1e8vcs8._.js:1052
[  199583ms] [ERROR] ./app/Landing.jsx:44:1
Error: Unexpected token. Did you mean `{'}'}` or `&rbrace;`?
  42 |     </div>
  43 |   )
> 44 | }
     | ^

Parsing ecmascript source code failed

Import trace:
  Server Component:
    ./app/Landing.jsx
    ./app/page.tsx @ http://localhost:3001/_next/static/chunks/node_modules_next_dist_1e8vcs8._.js:1052
[  199619ms] [ERROR] ./app/Landing.jsx:44:1
Error: Unexpected token. Did you mean `{'}'}` or `&rbrace;`?
  42 |     </div>
  43 |   )
> 44 | }
     | ^

Parsing ecmascript source code failed

Import trace:
  Server Component:
    ./app/Landing.jsx
    ./app/page.tsx @ http://localhost:3001/_next/static/chunks/node_modules_next_dist_1e8vcs8._.js:1052
[  199657ms] [ERROR] ./app/Landing.jsx:44:1
Error: Unexpected token. Did you mean `{'}'}` or `&rbrace;`?
  42 |     </div>
  43 |   )
> 44 | }
     | ^

Parsing ecmascript source code failed

Import trace:
  Server Component:
    ./app/Landing.jsx
    ./app/page.tsx @ http://localhost:3001/_next/static/chunks/node_modules_next_dist_1e8vcs8._.js:1052
[  199694ms] [ERROR] ./app/Landing.jsx:44:1
Error: Unexpected token. Did you mean `{'}'}` or `&rbrace;`?
  42 |     </div>
  43 |   )
> 44 | }
     | ^

Parsing ecmascript source code failed

Import trace:
  Server Component:
    ./app/Landing.jsx
    ./app/page.tsx @ http://localhost:3001/_next/static/chunks/node_modules_next_dist_1e8vcs8._.js:1052
[  199730ms] [ERROR] ./app/Landing.jsx:44:1
Error: Unexpected token. Did you mean `{'}'}` or `&rbrace;`?
  42 |     </div>
  43 |   )
> 44 | }
     | ^

Parsing ecmascript source code failed

Import trace:
  Server Component:
    ./app/Landing.jsx
    ./app/page.tsx @ http://localhost:3001/_next/static/chunks/node_modules_next_dist_1e8vcs8._.js:1052
[  199766ms] [ERROR] ./app/Landing.jsx:44:1
Error: Unexpected token. Did you mean `{'}'}` or `&rbrace;`?
  42 |     </div>
  43 |   )
> 44 | }
     | ^

Parsing ecmascript source code failed

Import trace:
  Server Component:
    ./app/Landing.jsx
    ./app/page.tsx @ http://localhost:3001/_next/static/chunks/node_modules_next_dist_1e8vcs8._.js:1052
[  199803ms] [ERROR] ./app/Landing.jsx:44:1
Error: Unexpected token. Did you mean `{'}'}` or `&rbrace;`?
  42 |     </div>
  43 |   )
> 44 | }
     | ^

Parsing ecmascript source code failed

Import trace:
  Server Component:
    ./app/Landing.jsx
    ./app/page.tsx @ http://localhost:3001/_next/static/chunks/node_modules_next_dist_1e8vcs8._.js:1052
[  199978ms] [LOG] [Fast Refresh] rebuilding @ http://localhost:3001/_next/static/chunks/node_modules_next_dist_1e8vcs8._.js:776
[  200342ms] [LOG] [Fast Refresh] done in 427ms @ http://localhost:3001/_next/static/chunks/node_modules_next_dist_1e8vcs8._.js:776
[  200393ms] [LOG] [Fast Refresh] done in 427ms @ http://localhost:3001/_next/static/chunks/node_modules_next_dist_1e8vcs8._.js:776
[  200443ms] [LOG] [Fast Refresh] done in 427ms @ http://localhost:3001/_next/static/chunks/node_modules_next_dist_1e8vcs8._.js:776
[  200480ms] [LOG] [Fast Refresh] done in 427ms @ http://localhost:3001/_next/static/chunks/node_modules_next_dist_1e8vcs8._.js:776
[  200516ms] [LOG] [Fast Refresh] done in 427ms @ http://localhost:3001/_next/static/chunks/node_modules_next_dist_1e8vcs8._.js:776
[  200554ms] [LOG] [Fast Refresh] done in 427ms @ http://localhost:3001/_next/static/chunks/node_modules_next_dist_1e8vcs8._.js:776
[  200590ms] [LOG] [Fast Refresh] done in 427ms @ http://localhost:3001/_next/static/chunks/node_modules_next_dist_1e8vcs8._.js:776
[  200627ms] [LOG] [Fast Refresh] done in 427ms @ http://localhost:3001/_next/static/chunks/node_modules_next_dist_1e8vcs8._.js:776
[  200666ms] [LOG] [Fast Refresh] done in 427ms @ http://localhost:3001/_next/static/chunks/node_modules_next_dist_1e8vcs8._.js:776
[  200701ms] [LOG] [Fast Refresh] done in 427ms @ http://localhost:3001/_next/static/chunks/node_modules_next_dist_1e8vcs8._.js:776
[  200737ms] [LOG] [Fast Refresh] done in 427ms @ http://localhost:3001/_next/static/chunks/node_modules_next_dist_1e8vcs8._.js:776
[  200773ms] [LOG] [Fast Refresh] done in 427ms @ http://localhost:3001/_next/static/chunks/node_modules_next_dist_1e8vcs8._.js:776
[  200812ms] [LOG] [Fast Refresh] done in 427ms @ http://localhost:3001/_next/static/chunks/node_modules_next_dist_1e8vcs8._.js:776
[  200850ms] [LOG] [Fast Refresh] done in 427ms @ http://localhost:3001/_next/static/chunks/node_modules_next_dist_1e8vcs8._.js:776
[  200888ms] [LOG] [Fast Refresh] done in 427ms @ http://localhost:3001/_next/static/chunks/node_modules_next_dist_1e8vcs8._.js:776
[  200923ms] [LOG] [Fast Refresh] done in 427ms @ http://localhost:3001/_next/static/chunks/node_modules_next_dist_1e8vcs8._.js:776
[  200958ms] [LOG] [Fast Refresh] done in 427ms @ http://localhost:3001/_next/static/chunks/node_modules_next_dist_1e8vcs8._.js:776
[  200993ms] [LOG] [Fast Refresh] done in 427ms @ http://localhost:3001/_next/static/chunks/node_modules_next_dist_1e8vcs8._.js:776
[  201030ms] [LOG] [Fast Refresh] done in 427ms @ http://localhost:3001/_next/static/chunks/node_modules_next_dist_1e8vcs8._.js:776
[  201065ms] [LOG] [Fast Refresh] done in 427ms @ http://localhost:3001/_next/static/chunks/node_modules_next_dist_1e8vcs8._.js:776
[  201102ms] [LOG] [Fast Refresh] done in 427ms @ http://localhost:3001/_next/static/chunks/node_modules_next_dist_1e8vcs8._.js:776
[  201139ms] [LOG] [Fast Refresh] done in 427ms @ http://localhost:3001/_next/static/chunks/node_modules_next_dist_1e8vcs8._.js:776
[  201175ms] [LOG] [Fast Refresh] done in 427ms @ http://localhost:3001/_next/static/chunks/node_modules_next_dist_1e8vcs8._.js:776
[  201213ms] [LOG] [Fast Refresh] done in 427ms @ http://localhost:3001/_next/static/chunks/node_modules_next_dist_1e8vcs8._.js:776
[  201249ms] [LOG] [Fast Refresh] done in 427ms @ http://localhost:3001/_next/static/chunks/node_modules_next_dist_1e8vcs8._.js:776
[  201285ms] [LOG] [Fast Refresh] done in 427ms @ http://localhost:3001/_next/static/chunks/node_modules_next_dist_1e8vcs8._.js:776
[  201321ms] [LOG] [Fast Refresh] done in 427ms @ http://localhost:3001/_next/static/chunks/node_modules_next_dist_1e8vcs8._.js:776
[  201360ms] [LOG] [Fast Refresh] done in 427ms @ http://localhost:3001/_next/static/chunks/node_modules_next_dist_1e8vcs8._.js:776
[  201397ms] [LOG] [Fast Refresh] done in 427ms @ http://localhost:3001/_next/static/chunks/node_modules_next_dist_1e8vcs8._.js:776
[  201436ms] [LOG] [Fast Refresh] done in 427ms @ http://localhost:3001/_next/static/chunks/node_modules_next_dist_1e8vcs8._.js:776
[  201472ms] [LOG] [Fast Refresh] done in 427ms @ http://localhost:3001/_next/static/chunks/node_modules_next_dist_1e8vcs8._.js:776
[  201510ms] [LOG] [Fast Refresh] done in 427ms @ http://localhost:3001/_next/static/chunks/node_modules_next_dist_1e8vcs8._.js:776
[  201547ms] [LOG] [Fast Refresh] done in 427ms @ http://localhost:3001/_next/static/chunks/node_modules_next_dist_1e8vcs8._.js:776
[  201584ms] [LOG] [Fast Refresh] done in 427ms @ http://localhost:3001/_next/static/chunks/node_modules_next_dist_1e8vcs8._.js:776
[  201620ms] [LOG] [Fast Refresh] done in 427ms @ http://localhost:3001/_next/static/chunks/node_modules_next_dist_1e8vcs8._.js:776
[  201658ms] [LOG] [Fast Refresh] done in 427ms @ http://localhost:3001/_next/static/chunks/node_modules_next_dist_1e8vcs8._.js:776
[  201694ms] [LOG] [Fast Refresh] done in 427ms @ http://localhost:3001/_next/static/chunks/node_modules_next_dist_1e8vcs8._.js:776
[  201730ms] [LOG] [Fast Refresh] done in 427ms @ http://localhost:3001/_next/static/chunks/node_modules_next_dist_1e8vcs8._.js:776
[  201767ms] [LOG] [Fast Refresh] done in 427ms @ http://localhost:3001/_next/static/chunks/node_modules_next_dist_1e8vcs8._.js:776
[  201804ms] [LOG] [Fast Refresh] done in 427ms @ http://localhost:3001/_next/static/chunks/node_modules_next_dist_1e8vcs8._.js:776
[  201842ms] [LOG] [Fast Refresh] done in 427ms @ http://localhost:3001/_next/static/chunks/node_modules_next_dist_1e8vcs8._.js:776
[  201880ms] [LOG] [Fast Refresh] done in 427ms @ http://localhost:3001/_next/static/chunks/node_modules_next_dist_1e8vcs8._.js:776
[  201917ms] [LOG] [Fast Refresh] done in 427ms @ http://localhost:3001/_next/static/chunks/node_modules_next_dist_1e8vcs8._.js:776
[  201953ms] [LOG] [Fast Refresh] done in 427ms @ http://localhost:3001/_next/static/chunks/node_modules_next_dist_1e8vcs8._.js:776
[  201991ms] [LOG] [Fast Refresh] done in 427ms @ http://localhost:3001/_next/static/chunks/node_modules_next_dist_1e8vcs8._.js:776
[  202043ms] [LOG] [Fast Refresh] done in 427ms @ http://localhost:3001/_next/static/chunks/node_modules_next_dist_1e8vcs8._.js:776
[  202158ms] [LOG] [Fast Refresh] rebuilding @ http://localhost:3001/_next/static/chunks/node_modules_next_dist_1e8vcs8._.js:776
[  202200ms] [LOG] [Fast Refresh] done in 15ms @ http://localhost:3001/_next/static/chunks/node_modules_next_dist_1e8vcs8._.js:776
[  202249ms] [LOG] [Fast Refresh] done in 15ms @ http://localhost:3001/_next/static/chunks/node_modules_next_dist_1e8vcs8._.js:776
[  202285ms] [LOG] [Fast Refresh] done in 15ms @ http://localhost:3001/_next/static/chunks/node_modules_next_dist_1e8vcs8._.js:776
[  202324ms] [LOG] [Fast Refresh] done in 15ms @ http://localhost:3001/_next/static/chunks/node_modules_next_dist_1e8vcs8._.js:776
[  202359ms] [LOG] [Fast Refresh] done in 15ms @ http://localhost:3001/_next/static/chunks/node_modules_next_dist_1e8vcs8._.js:776
[  202396ms] [LOG] [Fast Refresh] done in 15ms @ http://localhost:3001/_next/static/chunks/node_modules_next_dist_1e8vcs8._.js:776
[  202432ms] [LOG] [Fast Refresh] done in 15ms @ http://localhost:3001/_next/static/chunks/node_modules_next_dist_1e8vcs8._.js:776
[  202468ms] [LOG] [Fast Refresh] done in 15ms @ http://localhost:3001/_next/static/chunks/node_modules_next_dist_1e8vcs8._.js:776
[  202505ms] [LOG] [Fast Refresh] done in 15ms @ http://localhost:3001/_next/static/chunks/node_modules_next_dist_1e8vcs8._.js:776
[  202542ms] [LOG] [Fast Refresh] done in 15ms @ http://localhost:3001/_next/static/chunks/node_modules_next_dist_1e8vcs8._.js:776
[  202581ms] [LOG] [Fast Refresh] done in 15ms @ http://localhost:3001/_next/static/chunks/node_modules_next_dist_1e8vcs8._.js:776
[  202619ms] [LOG] [Fast Refresh] done in 15ms @ http://localhost:3001/_next/static/chunks/node_modules_next_dist_1e8vcs8._.js:776
[  202654ms] [LOG] [Fast Refresh] done in 15ms @ http://localhost:3001/_next/static/chunks/node_modules_next_dist_1e8vcs8._.js:776
[  202692ms] [LOG] [Fast Refresh] done in 15ms @ http://localhost:3001/_next/static/chunks/node_modules_next_dist_1e8vcs8._.js:776
[  202728ms] [LOG] [Fast Refresh] done in 15ms @ http://localhost:3001/_next/static/chunks/node_modules_next_dist_1e8vcs8._.js:776
[  202764ms] [LOG] [Fast Refresh] done in 15ms @ http://localhost:3001/_next/static/chunks/node_modules_next_dist_1e8vcs8._.js:776
[  202799ms] [LOG] [Fast Refresh] done in 15ms @ http://localhost:3001/_next/static/chunks/node_modules_next_dist_1e8vcs8._.js:776
[  202835ms] [LOG] [Fast Refresh] done in 15ms @ http://localhost:3001/_next/static/chunks/node_modules_next_dist_1e8vcs8._.js:776
[  202871ms] [LOG] [Fast Refresh] done in 15ms @ http://localhost:3001/_next/static/chunks/node_modules_next_dist_1e8vcs8._.js:776
[  202907ms] [LOG] [Fast Refresh] done in 15ms @ http://localhost:3001/_next/static/chunks/node_modules_next_dist_1e8vcs8._.js:776
[  202945ms] [LOG] [Fast Refresh] done in 15ms @ http://localhost:3001/_next/static/chunks/node_modules_next_dist_1e8vcs8._.js:776
[  202983ms] [LOG] [Fast Refresh] done in 15ms @ http://localhost:3001/_next/static/chunks/node_modules_next_dist_1e8vcs8._.js:776
[  203020ms] [LOG] [Fast Refresh] done in 15ms @ http://localhost:3001/_next/static/chunks/node_modules_next_dist_1e8vcs8._.js:776
[  203058ms] [LOG] [Fast Refresh] done in 15ms @ http://localhost:3001/_next/static/chunks/node_modules_next_dist_1e8vcs8._.js:776
[  203093ms] [LOG] [Fast Refresh] done in 15ms @ http://localhost:3001/_next/static/chunks/node_modules_next_dist_1e8vcs8._.js:776
[  203130ms] [LOG] [Fast Refresh] done in 15ms @ http://localhost:3001/_next/static/chunks/node_modules_next_dist_1e8vcs8._.js:776
[  203168ms] [LOG] [Fast Refresh] done in 15ms @ http://localhost:3001/_next/static/chunks/node_modules_next_dist_1e8vcs8._.js:776
[  203206ms] [LOG] [Fast Refresh] done in 15ms @ http://localhost:3001/_next/static/chunks/node_modules_next_dist_1e8vcs8._.js:776
[  203242ms] [LOG] [Fast Refresh] done in 15ms @ http://localhost:3001/_next/static/chunks/node_modules_next_dist_1e8vcs8._.js:776
[  203278ms] [LOG] [Fast Refresh] done in 15ms @ http://localhost:3001/_next/static/chunks/node_modules_next_dist_1e8vcs8._.js:776
[  203314ms] [LOG] [Fast Refresh] done in 15ms @ http://localhost:3001/_next/static/chunks/node_modules_next_dist_1e8vcs8._.js:776
[  203352ms] [LOG] [Fast Refresh] done in 15ms @ http://localhost:3001/_next/static/chunks/node_modules_next_dist_1e8vcs8._.js:776
[  203389ms] [LOG] [Fast Refresh] done in 15ms @ http://localhost:3001/_next/static/chunks/node_modules_next_dist_1e8vcs8._.js:776
[  203425ms] [LOG] [Fast Refresh] done in 15ms @ http://localhost:3001/_next/static/chunks/node_modules_next_dist_1e8vcs8._.js:776
[  203462ms] [LOG] [Fast Refresh] done in 15ms @ http://localhost:3001/_next/static/chunks/node_modules_next_dist_1e8vcs8._.js:776
[  203498ms] [LOG] [Fast Refresh] done in 15ms @ http://localhost:3001/_next/static/chunks/node_modules_next_dist_1e8vcs8._.js:776
[  203535ms] [LOG] [Fast Refresh] done in 15ms @ http://localhost:3001/_next/static/chunks/node_modules_next_dist_1e8vcs8._.js:776
[  203571ms] [LOG] [Fast Refresh] done in 15ms @ http://localhost:3001/_next/static/chunks/node_modules_next_dist_1e8vcs8._.js:776
[  203608ms] [LOG] [Fast Refresh] done in 15ms @ http://localhost:3001/_next/static/chunks/node_modules_next_dist_1e8vcs8._.js:776
[  203645ms] [LOG] [Fast Refresh] done in 15ms @ http://localhost:3001/_next/static/chunks/node_modules_next_dist_1e8vcs8._.js:776
[  203681ms] [LOG] [Fast Refresh] done in 15ms @ http://localhost:3001/_next/static/chunks/node_modules_next_dist_1e8vcs8._.js:776
[  203717ms] [LOG] [Fast Refresh] done in 15ms @ http://localhost:3001/_next/static/chunks/node_modules_next_dist_1e8vcs8._.js:776
[  203752ms] [LOG] [Fast Refresh] done in 15ms @ http://localhost:3001/_next/static/chunks/node_modules_next_dist_1e8vcs8._.js:776
[  203789ms] [LOG] [Fast Refresh] done in 15ms @ http://localhost:3001/_next/static/chunks/node_modules_next_dist_1e8vcs8._.js:776
[  203826ms] [LOG] [Fast Refresh] done in 15ms @ http://localhost:3001/_next/static/chunks/node_modules_next_dist_1e8vcs8._.js:776
[  203863ms] [LOG] [Fast Refresh] done in 15ms @ http://localhost:3001/_next/static/chunks/node_modules_next_dist_1e8vcs8._.js:776
[  203898ms] [LOG] [Fast Refresh] done in 15ms @ http://localhost:3001/_next/static/chunks/node_modules_next_dist_1e8vcs8._.js:776
[  203935ms] [LOG] [Fast Refresh] done in 15ms @ http://localhost:3001/_next/static/chunks/node_modules_next_dist_1e8vcs8._.js:776
[  203972ms] [LOG] [Fast Refresh] done in 15ms @ http://localhost:3001/_next/static/chunks/node_modules_next_dist_1e8vcs8._.js:776
[  204008ms] [LOG] [Fast Refresh] done in 15ms @ http://localhost:3001/_next/static/chunks/node_modules_next_dist_1e8vcs8._.js:776
[  204044ms] [LOG] [Fast Refresh] done in 15ms @ http://localhost:3001/_next/static/chunks/node_modules_next_dist_1e8vcs8._.js:776
[  204082ms] [LOG] [Fast Refresh] done in 15ms @ http://localhost:3001/_next/static/chunks/node_modules_next_dist_1e8vcs8._.js:776
[  204251ms] [LOG] [Fast Refresh] rebuilding @ http://localhost:3001/_next/static/chunks/node_modules_next_dist_1e8vcs8._.js:776
[  204299ms] [LOG] [Fast Refresh] done in 64ms @ http://localhost:3001/_next/static/chunks/node_modules_next_dist_1e8vcs8._.js:776
[  204347ms] [LOG] [Fast Refresh] done in 64ms @ http://localhost:3001/_next/static/chunks/node_modules_next_dist_1e8vcs8._.js:776
[  204384ms] [LOG] [Fast Refresh] done in 64ms @ http://localhost:3001/_next/static/chunks/node_modules_next_dist_1e8vcs8._.js:776
[  204421ms] [LOG] [Fast Refresh] done in 64ms @ http://localhost:3001/_next/static/chunks/node_modules_next_dist_1e8vcs8._.js:776
[  204458ms] [LOG] [Fast Refresh] done in 64ms @ http://localhost:3001/_next/static/chunks/node_modules_next_dist_1e8vcs8._.js:776
[  204493ms] [LOG] [Fast Refresh] done in 64ms @ http://localhost:3001/_next/static/chunks/node_modules_next_dist_1e8vcs8._.js:776
[  204530ms] [LOG] [Fast Refresh] done in 64ms @ http://localhost:3001/_next/static/chunks/node_modules_next_dist_1e8vcs8._.js:776
[  204567ms] [LOG] [Fast Refresh] done in 64ms @ http://localhost:3001/_next/static/chunks/node_modules_next_dist_1e8vcs8._.js:776
[  204603ms] [LOG] [Fast Refresh] done in 64ms @ http://localhost:3001/_next/static/chunks/node_modules_next_dist_1e8vcs8._.js:776
[  204638ms] [LOG] [Fast Refresh] done in 64ms @ http://localhost:3001/_next/static/chunks/node_modules_next_dist_1e8vcs8._.js:776
[  204674ms] [LOG] [Fast Refresh] done in 64ms @ http://localhost:3001/_next/static/chunks/node_modules_next_dist_1e8vcs8._.js:776
[  204710ms] [LOG] [Fast Refresh] done in 64ms @ http://localhost:3001/_next/static/chunks/node_modules_next_dist_1e8vcs8._.js:776
[  204746ms] [LOG] [Fast Refresh] done in 64ms @ http://localhost:3001/_next/static/chunks/node_modules_next_dist_1e8vcs8._.js:776
[  204783ms] [LOG] [Fast Refresh] done in 64ms @ http://localhost:3001/_next/static/chunks/node_modules_next_dist_1e8vcs8._.js:776
[  204820ms] [LOG] [Fast Refresh] done in 64ms @ http://localhost:3001/_next/static/chunks/node_modules_next_dist_1e8vcs8._.js:776
[  204855ms] [LOG] [Fast Refresh] done in 64ms @ http://localhost:3001/_next/static/chunks/node_modules_next_dist_1e8vcs8._.js:776
[  204891ms] [LOG] [Fast Refresh] done in 64ms @ http://localhost:3001/_next/static/chunks/node_modules_next_dist_1e8vcs8._.js:776
[  204928ms] [LOG] [Fast Refresh] done in 64ms @ http://localhost:3001/_next/static/chunks/node_modules_next_dist_1e8vcs8._.js:776
[  204969ms] [LOG] [Fast Refresh] done in 64ms @ http://localhost:3001/_next/static/chunks/node_modules_next_dist_1e8vcs8._.js:776
[  205006ms] [LOG] [Fast Refresh] done in 64ms @ http://localhost:3001/_next/static/chunks/node_modules_next_dist_1e8vcs8._.js:776
[  205042ms] [LOG] [Fast Refresh] done in 64ms @ http://localhost:3001/_next/static/chunks/node_modules_next_dist_1e8vcs8._.js:776
[  205078ms] [LOG] [Fast Refresh] done in 64ms @ http://localhost:3001/_next/static/chunks/node_modules_next_dist_1e8vcs8._.js:776
[  205117ms] [LOG] [Fast Refresh] done in 64ms @ http://localhost:3001/_next/static/chunks/node_modules_next_dist_1e8vcs8._.js:776
[  205153ms] [LOG] [Fast Refresh] done in 64ms @ http://localhost:3001/_next/static/chunks/node_modules_next_dist_1e8vcs8._.js:776
[  205189ms] [LOG] [Fast Refresh] done in 64ms @ http://localhost:3001/_next/static/chunks/node_modules_next_dist_1e8vcs8._.js:776
[  205226ms] [LOG] [Fast Refresh] done in 64ms @ http://localhost:3001/_next/static/chunks/node_modules_next_dist_1e8vcs8._.js:776
[  205265ms] [LOG] [Fast Refresh] done in 64ms @ http://localhost:3001/_next/static/chunks/node_modules_next_dist_1e8vcs8._.js:776
[  205303ms] [LOG] [Fast Refresh] done in 64ms @ http://localhost:3001/_next/static/chunks/node_modules_next_dist_1e8vcs8._.js:776
[  205340ms] [LOG] [Fast Refresh] done in 64ms @ http://localhost:3001/_next/static/chunks/node_modules_next_dist_1e8vcs8._.js:776
[  205377ms] [LOG] [Fast Refresh] done in 64ms @ http://localhost:3001/_next/static/chunks/node_modules_next_dist_1e8vcs8._.js:776
[  205415ms] [LOG] [Fast Refresh] done in 64ms @ http://localhost:3001/_next/static/chunks/node_modules_next_dist_1e8vcs8._.js:776
[  205450ms] [LOG] [Fast Refresh] done in 64ms @ http://localhost:3001/_next/static/chunks/node_modules_next_dist_1e8vcs8._.js:776
[  205487ms] [LOG] [Fast Refresh] done in 64ms @ http://localhost:3001/_next/static/chunks/node_modules_next_dist_1e8vcs8._.js:776
[  205523ms] [LOG] [Fast Refresh] done in 64ms @ http://localhost:3001/_next/static/chunks/node_modules_next_dist_1e8vcs8._.js:776
[  205560ms] [LOG] [Fast Refresh] done in 64ms @ http://localhost:3001/_next/static/chunks/node_modules_next_dist_1e8vcs8._.js:776
[  205597ms] [LOG] [Fast Refresh] done in 64ms @ http://localhost:3001/_next/static/chunks/node_modules_next_dist_1e8vcs8._.js:776
[  205636ms] [LOG] [Fast Refresh] done in 64ms @ http://localhost:3001/_next/static/chunks/node_modules_next_dist_1e8vcs8._.js:776
[  205671ms] [LOG] [Fast Refresh] done in 64ms @ http://localhost:3001/_next/static/chunks/node_modules_next_dist_1e8vcs8._.js:776
[  205707ms] [LOG] [Fast Refresh] done in 64ms @ http://localhost:3001/_next/static/chunks/node_modules_next_dist_1e8vcs8._.js:776
[  205744ms] [LOG] [Fast Refresh] done in 64ms @ http://localhost:3001/_next/static/chunks/node_modules_next_dist_1e8vcs8._.js:776
[  205780ms] [LOG] [Fast Refresh] done in 64ms @ http://localhost:3001/_next/static/chunks/node_modules_next_dist_1e8vcs8._.js:776
[  205815ms] [LOG] [Fast Refresh] done in 64ms @ http://localhost:3001/_next/static/chunks/node_modules_next_dist_1e8vcs8._.js:776
[  205852ms] [LOG] [Fast Refresh] done in 64ms @ http://localhost:3001/_next/static/chunks/node_modules_next_dist_1e8vcs8._.js:776
[  205890ms] [LOG] [Fast Refresh] done in 64ms @ http://localhost:3001/_next/static/chunks/node_modules_next_dist_1e8vcs8._.js:776
[  205928ms] [LOG] [Fast Refresh] done in 64ms @ http://localhost:3001/_next/static/chunks/node_modules_next_dist_1e8vcs8._.js:776
[  205963ms] [LOG] [Fast Refresh] done in 64ms @ http://localhost:3001/_next/static/chunks/node_modules_next_dist_1e8vcs8._.js:776
[  206001ms] [LOG] [Fast Refresh] done in 64ms @ http://localhost:3001/_next/static/chunks/node_modules_next_dist_1e8vcs8._.js:776
[  206037ms] [LOG] [Fast Refresh] done in 64ms @ http://localhost:3001/_next/static/chunks/node_modules_next_dist_1e8vcs8._.js:776
[  206075ms] [LOG] [Fast Refresh] done in 64ms @ http://localhost:3001/_next/static/chunks/node_modules_next_dist_1e8vcs8._.js:776
[  206227ms] [LOG] [Fast Refresh] rebuilding @ http://localhost:3001/_next/static/chunks/node_modules_next_dist_1e8vcs8._.js:776
[  206270ms] [LOG] [Fast Refresh] done in 49ms @ http://localhost:3001/_next/static/chunks/node_modules_next_dist_1e8vcs8._.js:776
[  206308ms] [LOG] [Fast Refresh] done in 49ms @ http://localhost:3001/_next/static/chunks/node_modules_next_dist_1e8vcs8._.js:776
[  206345ms] [LOG] [Fast Refresh] done in 49ms @ http://localhost:3001/_next/static/chunks/node_modules_next_dist_1e8vcs8._.js:776
[  206380ms] [LOG] [Fast Refresh] done in 49ms @ http://localhost:3001/_next/static/chunks/node_modules_next_dist_1e8vcs8._.js:776
[  206416ms] [LOG] [Fast Refresh] done in 49ms @ http://localhost:3001/_next/static/chunks/node_modules_next_dist_1e8vcs8._.js:776
[  206453ms] [LOG] [Fast Refresh] done in 49ms @ http://localhost:3001/_next/static/chunks/node_modules_next_dist_1e8vcs8._.js:776
[  206490ms] [LOG] [Fast Refresh] done in 49ms @ http://localhost:3001/_next/static/chunks/node_modules_next_dist_1e8vcs8._.js:776
[  206526ms] [LOG] [Fast Refresh] done in 49ms @ http://localhost:3001/_next/static/chunks/node_modules_next_dist_1e8vcs8._.js:776
[  206561ms] [LOG] [Fast Refresh] done in 49ms @ http://localhost:3001/_next/static/chunks/node_modules_next_dist_1e8vcs8._.js:776
[  206598ms] [LOG] [Fast Refresh] done in 49ms @ http://localhost:3001/_next/static/chunks/node_modules_next_dist_1e8vcs8._.js:776
[  206636ms] [LOG] [Fast Refresh] done in 49ms @ http://localhost:3001/_next/static/chunks/node_modules_next_dist_1e8vcs8._.js:776
[  206674ms] [LOG] [Fast Refresh] done in 49ms @ http://localhost:3001/_next/static/chunks/node_modules_next_dist_1e8vcs8._.js:776
[  206711ms] [LOG] [Fast Refresh] done in 49ms @ http://localhost:3001/_next/static/chunks/node_modules_next_dist_1e8vcs8._.js:776
[  206747ms] [LOG] [Fast Refresh] done in 49ms @ http://localhost:3001/_next/static/chunks/node_modules_next_dist_1e8vcs8._.js:776
[  206784ms] [LOG] [Fast Refresh] done in 49ms @ http://localhost:3001/_next/static/chunks/node_modules_next_dist_1e8vcs8._.js:776
[  206819ms] [LOG] [Fast Refresh] done in 49ms @ http://localhost:3001/_next/static/chunks/node_modules_next_dist_1e8vcs8._.js:776
[  206855ms] [LOG] [Fast Refresh] done in 49ms @ http://localhost:3001/_next/static/chunks/node_modules_next_dist_1e8vcs8._.js:776
[  206891ms] [LOG] [Fast Refresh] done in 49ms @ http://localhost:3001/_next/static/chunks/node_modules_next_dist_1e8vcs8._.js:776
[  206928ms] [LOG] [Fast Refresh] done in 49ms @ http://localhost:3001/_next/static/chunks/node_modules_next_dist_1e8vcs8._.js:776
[  206964ms] [LOG] [Fast Refresh] done in 49ms @ http://localhost:3001/_next/static/chunks/node_modules_next_dist_1e8vcs8._.js:776
[  207000ms] [LOG] [Fast Refresh] done in 49ms @ http://localhost:3001/_next/static/chunks/node_modules_next_dist_1e8vcs8._.js:776
[  207036ms] [LOG] [Fast Refresh] done in 49ms @ http://localhost:3001/_next/static/chunks/node_modules_next_dist_1e8vcs8._.js:776
[  207071ms] [LOG] [Fast Refresh] done in 49ms @ http://localhost:3001/_next/static/chunks/node_modules_next_dist_1e8vcs8._.js:776
[  207109ms] [LOG] [Fast Refresh] done in 49ms @ http://localhost:3001/_next/static/chunks/node_modules_next_dist_1e8vcs8._.js:776
[  207144ms] [LOG] [Fast Refresh] done in 49ms @ http://localhost:3001/_next/static/chunks/node_modules_next_dist_1e8vcs8._.js:776
[  207180ms] [LOG] [Fast Refresh] done in 49ms @ http://localhost:3001/_next/static/chunks/node_modules_next_dist_1e8vcs8._.js:776
[  207217ms] [LOG] [Fast Refresh] done in 49ms @ http://localhost:3001/_next/static/chunks/node_modules_next_dist_1e8vcs8._.js:776
[  207254ms] [LOG] [Fast Refresh] done in 49ms @ http://localhost:3001/_next/static/chunks/node_modules_next_dist_1e8vcs8._.js:776
[  207290ms] [LOG] [Fast Refresh] done in 49ms @ http://localhost:3001/_next/static/chunks/node_modules_next_dist_1e8vcs8._.js:776
[  207327ms] [LOG] [Fast Refresh] done in 49ms @ http://localhost:3001/_next/static/chunks/node_modules_next_dist_1e8vcs8._.js:776
[  207365ms] [LOG] [Fast Refresh] done in 49ms @ http://localhost:3001/_next/static/chunks/node_modules_next_dist_1e8vcs8._.js:776
[  207403ms] [LOG] [Fast Refresh] done in 49ms @ http://localhost:3001/_next/static/chunks/node_modules_next_dist_1e8vcs8._.js:776
[  207442ms] [LOG] [Fast Refresh] done in 49ms @ http://localhost:3001/_next/static/chunks/node_modules_next_dist_1e8vcs8._.js:776
[  207477ms] [LOG] [Fast Refresh] done in 49ms @ http://localhost:3001/_next/static/chunks/node_modules_next_dist_1e8vcs8._.js:776
[  207513ms] [LOG] [Fast Refresh] done in 49ms @ http://localhost:3001/_next/static/chunks/node_modules_next_dist_1e8vcs8._.js:776
[  207551ms] [LOG] [Fast Refresh] done in 49ms @ http://localhost:3001/_next/static/chunks/node_modules_next_dist_1e8vcs8._.js:776
[  207587ms] [LOG] [Fast Refresh] done in 49ms @ http://localhost:3001/_next/static/chunks/node_modules_next_dist_1e8vcs8._.js:776
[  207624ms] [LOG] [Fast Refresh] done in 49ms @ http://localhost:3001/_next/static/chunks/node_modules_next_dist_1e8vcs8._.js:776
[  207660ms] [LOG] [Fast Refresh] done in 49ms @ http://localhost:3001/_next/static/chunks/node_modules_next_dist_1e8vcs8._.js:776
[  207696ms] [LOG] [Fast Refresh] done in 49ms @ http://localhost:3001/_next/static/chunks/node_modules_next_dist_1e8vcs8._.js:776
[  207733ms] [LOG] [Fast Refresh] done in 49ms @ http://localhost:3001/_next/static/chunks/node_modules_next_dist_1e8vcs8._.js:776
[  207771ms] [LOG] [Fast Refresh] done in 49ms @ http://localhost:3001/_next/static/chunks/node_modules_next_dist_1e8vcs8._.js:776
[  207810ms] [LOG] [Fast Refresh] done in 49ms @ http://localhost:3001/_next/static/chunks/node_modules_next_dist_1e8vcs8._.js:776
[  207845ms] [LOG] [Fast Refresh] done in 49ms @ http://localhost:3001/_next/static/chunks/node_modules_next_dist_1e8vcs8._.js:776
[  207881ms] [LOG] [Fast Refresh] done in 49ms @ http://localhost:3001/_next/static/chunks/node_modules_next_dist_1e8vcs8._.js:776
[  207918ms] [LOG] [Fast Refresh] done in 49ms @ http://localhost:3001/_next/static/chunks/node_modules_next_dist_1e8vcs8._.js:776
[  207954ms] [LOG] [Fast Refresh] done in 49ms @ http://localhost:3001/_next/static/chunks/node_modules_next_dist_1e8vcs8._.js:776
[  207991ms] [LOG] [Fast Refresh] done in 49ms @ http://localhost:3001/_next/static/chunks/node_modules_next_dist_1e8vcs8._.js:776
[  208027ms] [LOG] [Fast Refresh] done in 49ms @ http://localhost:3001/_next/static/chunks/node_modules_next_dist_1e8vcs8._.js:776
[  208063ms] [LOG] [Fast Refresh] done in 49ms @ http://localhost:3001/_next/static/chunks/node_modules_next_dist_1e8vcs8._.js:776
[  208098ms] [LOG] [Fast Refresh] done in 49ms @ http://localhost:3001/_next/static/chunks/node_modules_next_dist_1e8vcs8._.js:776
[  208134ms] [LOG] [Fast Refresh] done in 49ms @ http://localhost:3001/_next/static/chunks/node_modules_next_dist_1e8vcs8._.js:776
[  208171ms] [LOG] [Fast Refresh] done in 49ms @ http://localhost:3001/_next/static/chunks/node_modules_next_dist_1e8vcs8._.js:776
[  208207ms] [LOG] [Fast Refresh] done in 49ms @ http://localhost:3001/_next/static/chunks/node_modules_next_dist_1e8vcs8._.js:776
[  208242ms] [LOG] [Fast Refresh] done in 49ms @ http://localhost:3001/_next/static/chunks/node_modules_next_dist_1e8vcs8._.js:776
[  208277ms] [LOG] [Fast Refresh] done in 49ms @ http://localhost:3001/_next/static/chunks/node_modules_next_dist_1e8vcs8._.js:776
[  208314ms] [LOG] [Fast Refresh] done in 49ms @ http://localhost:3001/_next/static/chunks/node_modules_next_dist_1e8vcs8._.js:776
[  208350ms] [LOG] [Fast Refresh] done in 49ms @ http://localhost:3001/_next/static/chunks/node_modules_next_dist_1e8vcs8._.js:776
[  208387ms] [LOG] [Fast Refresh] done in 49ms @ http://localhost:3001/_next/static/chunks/node_modules_next_dist_1e8vcs8._.js:776
[  208423ms] [LOG] [Fast Refresh] done in 49ms @ http://localhost:3001/_next/static/chunks/node_modules_next_dist_1e8vcs8._.js:776
[  208459ms] [LOG] [Fast Refresh] done in 49ms @ http://localhost:3001/_next/static/chunks/node_modules_next_dist_1e8vcs8._.js:776
[  208497ms] [LOG] [Fast Refresh] done in 49ms @ http://localhost:3001/_next/static/chunks/node_modules_next_dist_1e8vcs8._.js:776
[  208534ms] [LOG] [Fast Refresh] done in 49ms @ http://localhost:3001/_next/static/chunks/node_modules_next_dist_1e8vcs8._.js:776
[  208571ms] [LOG] [Fast Refresh] done in 49ms @ http://localhost:3001/_next/static/chunks/node_modules_next_dist_1e8vcs8._.js:776
[  208606ms] [LOG] [Fast Refresh] done in 49ms @ http://localhost:3001/_next/static/chunks/node_modules_next_dist_1e8vcs8._.js:776
[  208644ms] [LOG] [Fast Refresh] done in 49ms @ http://localhost:3001/_next/static/chunks/node_modules_next_dist_1e8vcs8._.js:776
[  208682ms] [LOG] [Fast Refresh] done in 49ms @ http://localhost:3001/_next/static/chunks/node_modules_next_dist_1e8vcs8._.js:776
[  208719ms] [LOG] [Fast Refresh] done in 49ms @ http://localhost:3001/_next/static/chunks/node_modules_next_dist_1e8vcs8._.js:776
[  208756ms] [LOG] [Fast Refresh] done in 49ms @ http://localhost:3001/_next/static/chunks/node_modules_next_dist_1e8vcs8._.js:776
[  208791ms] [LOG] [Fast Refresh] done in 49ms @ http://localhost:3001/_next/static/chunks/node_modules_next_dist_1e8vcs8._.js:776
[  208827ms] [LOG] [Fast Refresh] done in 49ms @ http://localhost:3001/_next/static/chunks/node_modules_next_dist_1e8vcs8._.js:776
[  208865ms] [LOG] [Fast Refresh] done in 49ms @ http://localhost:3001/_next/static/chunks/node_modules_next_dist_1e8vcs8._.js:776
[  208901ms] [LOG] [Fast Refresh] done in 49ms @ http://localhost:3001/_next/static/chunks/node_modules_next_dist_1e8vcs8._.js:776
[  208937ms] [LOG] [Fast Refresh] done in 49ms @ http://localhost:3001/_next/static/chunks/node_modules_next_dist_1e8vcs8._.js:776
[  208973ms] [LOG] [Fast Refresh] done in 49ms @ http://localhost:3001/_next/static/chunks/node_modules_next_dist_1e8vcs8._.js:776
[  209012ms] [LOG] [Fast Refresh] done in 49ms @ http://localhost:3001/_next/static/chunks/node_modules_next_dist_1e8vcs8._.js:776
[  209049ms] [LOG] [Fast Refresh] done in 49ms @ http://localhost:3001/_next/static/chunks/node_modules_next_dist_1e8vcs8._.js:776
[  209084ms] [LOG] [Fast Refresh] done in 49ms @ http://localhost:3001/_next/static/chunks/node_modules_next_dist_1e8vcs8._.js:776
[  209120ms] [LOG] [Fast Refresh] done in 49ms @ http://localhost:3001/_next/static/chunks/node_modules_next_dist_1e8vcs8._.js:776
[  209157ms] [LOG] [Fast Refresh] done in 49ms @ http://localhost:3001/_next/static/chunks/node_modules_next_dist_1e8vcs8._.js:776
[  209192ms] [LOG] [Fast Refresh] done in 49ms @ http://localhost:3001/_next/static/chunks/node_modules_next_dist_1e8vcs8._.js:776
[  209228ms] [LOG] [Fast Refresh] done in 49ms @ http://localhost:3001/_next/static/chunks/node_modules_next_dist_1e8vcs8._.js:776
[  209264ms] [LOG] [Fast Refresh] done in 49ms @ http://localhost:3001/_next/static/chunks/node_modules_next_dist_1e8vcs8._.js:776
[  209272ms] [WARNING] The resource http://localhost:3001/_next/static/chunks/app_0rb983j._.css was preloaded using link preload but not used within a few seconds from the window's load event. Please make sure it has an appropriate `as` value and it is preloaded intentionally. @ http://localhost:3001/:0
[  209310ms] [LOG] [Fast Refresh] done in 49ms @ http://localhost:3001/_next/static/chunks/node_modules_next_dist_1e8vcs8._.js:776
[  209346ms] [LOG] [Fast Refresh] done in 49ms @ http://localhost:3001/_next/static/chunks/node_modules_next_dist_1e8vcs8._.js:776
[  209382ms] [LOG] [Fast Refresh] done in 49ms @ http://localhost:3001/_next/static/chunks/node_modules_next_dist_1e8vcs8._.js:776
[  209418ms] [LOG] [Fast Refresh] done in 49ms @ http://localhost:3001/_next/static/chunks/node_modules_next_dist_1e8vcs8._.js:776
[  209456ms] [LOG] [Fast Refresh] done in 49ms @ http://localhost:3001/_next/static/chunks/node_modules_next_dist_1e8vcs8._.js:776
[  209491ms] [LOG] [Fast Refresh] done in 49ms @ http://localhost:3001/_next/static/chunks/node_modules_next_dist_1e8vcs8._.js:776
[  209526ms] [LOG] [Fast Refresh] done in 49ms @ http://localhost:3001/_next/static/chunks/node_modules_next_dist_1e8vcs8._.js:776
[  209561ms] [LOG] [Fast Refresh] done in 49ms @ http://localhost:3001/_next/static/chunks/node_modules_next_dist_1e8vcs8._.js:776
[  209597ms] [LOG] [Fast Refresh] done in 49ms @ http://localhost:3001/_next/static/chunks/node_modules_next_dist_1e8vcs8._.js:776
[  209633ms] [LOG] [Fast Refresh] done in 49ms @ http://localhost:3001/_next/static/chunks/node_modules_next_dist_1e8vcs8._.js:776
[  209671ms] [LOG] [Fast Refresh] done in 49ms @ http://localhost:3001/_next/static/chunks/node_modules_next_dist_1e8vcs8._.js:776
[  209708ms] [LOG] [Fast Refresh] done in 49ms @ http://localhost:3001/_next/static/chunks/node_modules_next_dist_1e8vcs8._.js:776
[  209745ms] [LOG] [Fast Refresh] done in 49ms @ http://localhost:3001/_next/static/chunks/node_modules_next_dist_1e8vcs8._.js:776
[  209782ms] [LOG] [Fast Refresh] done in 49ms @ http://localhost:3001/_next/static/chunks/node_modules_next_dist_1e8vcs8._.js:776
[  209818ms] [LOG] [Fast Refresh] done in 49ms @ http://localhost:3001/_next/static/chunks/node_modules_next_dist_1e8vcs8._.js:776
[  209853ms] [LOG] [Fast Refresh] done in 49ms @ http://localhost:3001/_next/static/chunks/node_modules_next_dist_1e8vcs8._.js:776
[  209890ms] [LOG] [Fast Refresh] done in 49ms @ http://localhost:3001/_next/static/chunks/node_modules_next_dist_1e8vcs8._.js:776
[  209928ms] [LOG] [Fast Refresh] done in 49ms @ http://localhost:3001/_next/static/chunks/node_modules_next_dist_1e8vcs8._.js:776
[  209963ms] [LOG] [Fast Refresh] done in 49ms @ http://localhost:3001/_next/static/chunks/node_modules_next_dist_1e8vcs8._.js:776
[  210000ms] [LOG] [Fast Refresh] done in 49ms @ http://localhost:3001/_next/static/chunks/node_modules_next_dist_1e8vcs8._.js:776
[  210036ms] [LOG] [Fast Refresh] done in 49ms @ http://localhost:3001/_next/static/chunks/node_modules_next_dist_1e8vcs8._.js:776
[  210073ms] [LOG] [Fast Refresh] done in 49ms @ http://localhost:3001/_next/static/chunks/node_modules_next_dist_1e8vcs8._.js:776
[  210112ms] [LOG] [Fast Refresh] done in 49ms @ http://localhost:3001/_next/static/chunks/node_modules_next_dist_1e8vcs8._.js:776
[  210148ms] [LOG] [Fast Refresh] done in 49ms @ http://localhost:3001/_next/static/chunks/node_modules_next_dist_1e8vcs8._.js:776
[  210185ms] [LOG] [Fast Refresh] done in 49ms @ http://localhost:3001/_next/static/chunks/node_modules_next_dist_1e8vcs8._.js:776
[  210221ms] [LOG] [Fast Refresh] done in 49ms @ http://localhost:3001/_next/static/chunks/node_modules_next_dist_1e8vcs8._.js:776
[  210258ms] [LOG] [Fast Refresh] done in 49ms @ http://localhost:3001/_next/static/chunks/node_modules_next_dist_1e8vcs8._.js:776
[  210296ms] [LOG] [Fast Refresh] done in 49ms @ http://localhost:3001/_next/static/chunks/node_modules_next_dist_1e8vcs8._.js:776
[  210332ms] [LOG] [Fast Refresh] done in 49ms @ http://localhost:3001/_next/static/chunks/node_modules_next_dist_1e8vcs8._.js:776
[  210369ms] [LOG] [Fast Refresh] done in 49ms @ http://localhost:3001/_next/static/chunks/node_modules_next_dist_1e8vcs8._.js:776
[  210405ms] [LOG] [Fast Refresh] done in 49ms @ http://localhost:3001/_next/static/chunks/node_modules_next_dist_1e8vcs8._.js:776
[  210442ms] [LOG] [Fast Refresh] done in 49ms @ http://localhost:3001/_next/static/chunks/node_modules_next_dist_1e8vcs8._.js:776
[  210478ms] [LOG] [Fast Refresh] done in 49ms @ http://localhost:3001/_next/static/chunks/node_modules_next_dist_1e8vcs8._.js:776
[  210515ms] [LOG] [Fast Refresh] done in 49ms @ http://localhost:3001/_next/static/chunks/node_modules_next_dist_1e8vcs8._.js:776
[  210551ms] [LOG] [Fast Refresh] done in 49ms @ http://localhost:3001/_next/static/chunks/node_modules_next_dist_1e8vcs8._.js:776
[  210587ms] [LOG] [Fast Refresh] done in 49ms @ http://localhost:3001/_next/static/chunks/node_modules_next_dist_1e8vcs8._.js:776
[  210623ms] [LOG] [Fast Refresh] done in 49ms @ http://localhost:3001/_next/static/chunks/node_modules_next_dist_1e8vcs8._.js:776
[  210659ms] [LOG] [Fast Refresh] done in 49ms @ http://localhost:3001/_next/static/chunks/node_modules_next_dist_1e8vcs8._.js:776
[  210696ms] [LOG] [Fast Refresh] done in 49ms @ http://localhost:3001/_next/static/chunks/node_modules_next_dist_1e8vcs8._.js:776
[  210733ms] [LOG] [Fast Refresh] done in 49ms @ http://localhost:3001/_next/static/chunks/node_modules_next_dist_1e8vcs8._.js:776
[  210770ms] [LOG] [Fast Refresh] done in 49ms @ http://localhost:3001/_next/static/chunks/node_modules_next_dist_1e8vcs8._.js:776
[  210808ms] [LOG] [Fast Refresh] done in 49ms @ http://localhost:3001/_next/static/chunks/node_modules_next_dist_1e8vcs8._.js:776
[  210845ms] [LOG] [Fast Refresh] done in 49ms @ http://localhost:3001/_next/static/chunks/node_modules_next_dist_1e8vcs8._.js:776
[  210881ms] [LOG] [Fast Refresh] done in 49ms @ http://localhost:3001/_next/static/chunks/node_modules_next_dist_1e8vcs8._.js:776
[  210918ms] [LOG] [Fast Refresh] done in 49ms @ http://localhost:3001/_next/static/chunks/node_modules_next_dist_1e8vcs8._.js:776
[  210956ms] [LOG] [Fast Refresh] done in 49ms @ http://localhost:3001/_next/static/chunks/node_modules_next_dist_1e8vcs8._.js:776
[  210991ms] [LOG] [Fast Refresh] done in 49ms @ http://localhost:3001/_next/static/chunks/node_modules_next_dist_1e8vcs8._.js:776
[  211027ms] [LOG] [Fast Refresh] done in 49ms @ http://localhost:3001/_next/static/chunks/node_modules_next_dist_1e8vcs8._.js:776
[  211064ms] [LOG] [Fast Refresh] done in 49ms @ http://localhost:3001/_next/static/chunks/node_modules_next_dist_1e8vcs8._.js:776
[  211099ms] [LOG] [Fast Refresh] done in 49ms @ http://localhost:3001/_next/static/chunks/node_modules_next_dist_1e8vcs8._.js:776
[  211136ms] [LOG] [Fast Refresh] done in 49ms @ http://localhost:3001/_next/static/chunks/node_modules_next_dist_1e8vcs8._.js:776
[  211173ms] [LOG] [Fast Refresh] done in 49ms @ http://localhost:3001/_next/static/chunks/node_modules_next_dist_1e8vcs8._.js:776
[  211211ms] [LOG] [Fast Refresh] done in 49ms @ http://localhost:3001/_next/static/chunks/node_modules_next_dist_1e8vcs8._.js:776
[  211249ms] [LOG] [Fast Refresh] done in 49ms @ http://localhost:3001/_next/static/chunks/node_modules_next_dist_1e8vcs8._.js:776
[  211285ms] [LOG] [Fast Refresh] done in 49ms @ http://localhost:3001/_next/static/chunks/node_modules_next_dist_1e8vcs8._.js:776
[  211321ms] [LOG] [Fast Refresh] done in 49ms @ http://localhost:3001/_next/static/chunks/node_modules_next_dist_1e8vcs8._.js:776
[  211358ms] [LOG] [Fast Refresh] done in 49ms @ http://localhost:3001/_next/static/chunks/node_modules_next_dist_1e8vcs8._.js:776
[  211396ms] [LOG] [Fast Refresh] done in 49ms @ http://localhost:3001/_next/static/chunks/node_modules_next_dist_1e8vcs8._.js:776
[  211431ms] [LOG] [Fast Refresh] done in 49ms @ http://localhost:3001/_next/static/chunks/node_modules_next_dist_1e8vcs8._.js:776
[  211467ms] [LOG] [Fast Refresh] done in 49ms @ http://localhost:3001/_next/static/chunks/node_modules_next_dist_1e8vcs8._.js:776
[  211504ms] [LOG] [Fast Refresh] done in 49ms @ http://localhost:3001/_next/static/chunks/node_modules_next_dist_1e8vcs8._.js:776
[  211541ms] [LOG] [Fast Refresh] done in 49ms @ http://localhost:3001/_next/static/chunks/node_modules_next_dist_1e8vcs8._.js:776
[  211578ms] [LOG] [Fast Refresh] done in 49ms @ http://localhost:3001/_next/static/chunks/node_modules_next_dist_1e8vcs8._.js:776
[  211616ms] [LOG] [Fast Refresh] done in 49ms @ http://localhost:3001/_next/static/chunks/node_modules_next_dist_1e8vcs8._.js:776
[  211651ms] [LOG] [Fast Refresh] done in 49ms @ http://localhost:3001/_next/static/chunks/node_modules_next_dist_1e8vcs8._.js:776
[  211687ms] [LOG] [Fast Refresh] done in 49ms @ http://localhost:3001/_next/static/chunks/node_modules_next_dist_1e8vcs8._.js:776
[  211724ms] [LOG] [Fast Refresh] done in 49ms @ http://localhost:3001/_next/static/chunks/node_modules_next_dist_1e8vcs8._.js:776
[  211761ms] [LOG] [Fast Refresh] done in 49ms @ http://localhost:3001/_next/static/chunks/node_modules_next_dist_1e8vcs8._.js:776
[  211797ms] [LOG] [Fast Refresh] done in 49ms @ http://localhost:3001/_next/static/chunks/node_modules_next_dist_1e8vcs8._.js:776
[  211833ms] [LOG] [Fast Refresh] done in 49ms @ http://localhost:3001/_next/static/chunks/node_modules_next_dist_1e8vcs8._.js:776
[  211869ms] [LOG] [Fast Refresh] done in 49ms @ http://localhost:3001/_next/static/chunks/node_modules_next_dist_1e8vcs8._.js:776
[  211905ms] [LOG] [Fast Refresh] done in 49ms @ http://localhost:3001/_next/static/chunks/node_modules_next_dist_1e8vcs8._.js:776
[  211942ms] [LOG] [Fast Refresh] done in 49ms @ http://localhost:3001/_next/static/chunks/node_modules_next_dist_1e8vcs8._.js:776
[  211979ms] [LOG] [Fast Refresh] done in 49ms @ http://localhost:3001/_next/static/chunks/node_modules_next_dist_1e8vcs8._.js:776
[  212016ms] [LOG] [Fast Refresh] done in 49ms @ http://localhost:3001/_next/static/chunks/node_modules_next_dist_1e8vcs8._.js:776
[  212054ms] [LOG] [Fast Refresh] done in 49ms @ http://localhost:3001/_next/static/chunks/node_modules_next_dist_1e8vcs8._.js:776
[  212089ms] [LOG] [Fast Refresh] done in 49ms @ http://localhost:3001/_next/static/chunks/node_modules_next_dist_1e8vcs8._.js:776
[  212124ms] [LOG] [Fast Refresh] done in 49ms @ http://localhost:3001/_next/static/chunks/node_modules_next_dist_1e8vcs8._.js:776
[  212160ms] [LOG] [Fast Refresh] done in 49ms @ http://localhost:3001/_next/static/chunks/node_modules_next_dist_1e8vcs8._.js:776
[  212198ms] [LOG] [Fast Refresh] done in 49ms @ http://localhost:3001/_next/static/chunks/node_modules_next_dist_1e8vcs8._.js:776
[  212235ms] [LOG] [Fast Refresh] done in 49ms @ http://localhost:3001/_next/static/chunks/node_modules_next_dist_1e8vcs8._.js:776
[  212271ms] [LOG] [Fast Refresh] done in 49ms @ http://localhost:3001/_next/static/chunks/node_modules_next_dist_1e8vcs8._.js:776
[  212307ms] [LOG] [Fast Refresh] done in 49ms @ http://localhost:3001/_next/static/chunks/node_modules_next_dist_1e8vcs8._.js:776
[  212345ms] [LOG] [Fast Refresh] done in 49ms @ http://localhost:3001/_next/static/chunks/node_modules_next_dist_1e8vcs8._.js:776
[  212382ms] [LOG] [Fast Refresh] done in 49ms @ http://localhost:3001/_next/static/chunks/node_modules_next_dist_1e8vcs8._.js:776
[  212419ms] [LOG] [Fast Refresh] done in 49ms @ http://localhost:3001/_next/static/chunks/node_modules_next_dist_1e8vcs8._.js:776
[  212455ms] [LOG] [Fast Refresh] done in 49ms @ http://localhost:3001/_next/static/chunks/node_modules_next_dist_1e8vcs8._.js:776
[  212492ms] [LOG] [Fast Refresh] done in 49ms @ http://localhost:3001/_next/static/chunks/node_modules_next_dist_1e8vcs8._.js:776
[  212528ms] [LOG] [Fast Refresh] done in 49ms @ http://localhost:3001/_next/static/chunks/node_modules_next_dist_1e8vcs8._.js:776
[  212564ms] [LOG] [Fast Refresh] done in 49ms @ http://localhost:3001/_next/static/chunks/node_modules_next_dist_1e8vcs8._.js:776
[  212601ms] [LOG] [Fast Refresh] done in 49ms @ http://localhost:3001/_next/static/chunks/node_modules_next_dist_1e8vcs8._.js:776
[  212637ms] [LOG] [Fast Refresh] done in 49ms @ http://localhost:3001/_next/static/chunks/node_modules_next_dist_1e8vcs8._.js:776
[  212674ms] [LOG] [Fast Refresh] done in 49ms @ http://localhost:3001/_next/static/chunks/node_modules_next_dist_1e8vcs8._.js:776
[  212709ms] [LOG] [Fast Refresh] done in 49ms @ http://localhost:3001/_next/static/chunks/node_modules_next_dist_1e8vcs8._.js:776
[  212745ms] [LOG] [Fast Refresh] done in 49ms @ http://localhost:3001/_next/static/chunks/node_modules_next_dist_1e8vcs8._.js:776
[  212782ms] [LOG] [Fast Refresh] done in 49ms @ http://localhost:3001/_next/static/chunks/node_modules_next_dist_1e8vcs8._.js:776
[  212818ms] [LOG] [Fast Refresh] done in 49ms @ http://localhost:3001/_next/static/chunks/node_modules_next_dist_1e8vcs8._.js:776
[  212855ms] [LOG] [Fast Refresh] done in 49ms @ http://localhost:3001/_next/static/chunks/node_modules_next_dist_1e8vcs8._.js:776
[  212893ms] [LOG] [Fast Refresh] done in 49ms @ http://localhost:3001/_next/static/chunks/node_modules_next_dist_1e8vcs8._.js:776
[  212930ms] [LOG] [Fast Refresh] done in 49ms @ http://localhost:3001/_next/static/chunks/node_modules_next_dist_1e8vcs8._.js:776
[  212966ms] [LOG] [Fast Refresh] done in 49ms @ http://localhost:3001/_next/static/chunks/node_modules_next_dist_1e8vcs8._.js:776
[  213004ms] [LOG] [Fast Refresh] done in 49ms @ http://localhost:3001/_next/static/chunks/node_modules_next_dist_1e8vcs8._.js:776
[  213040ms] [LOG] [Fast Refresh] done in 49ms @ http://localhost:3001/_next/static/chunks/node_modules_next_dist_1e8vcs8._.js:776
[  213078ms] [LOG] [Fast Refresh] done in 49ms @ http://localhost:3001/_next/static/chunks/node_modules_next_dist_1e8vcs8._.js:776
[  213115ms] [LOG] [Fast Refresh] done in 49ms @ http://localhost:3001/_next/static/chunks/node_modules_next_dist_1e8vcs8._.js:776
[  213152ms] [LOG] [Fast Refresh] done in 49ms @ http://localhost:3001/_next/static/chunks/node_modules_next_dist_1e8vcs8._.js:776
[  213189ms] [LOG] [Fast Refresh] done in 49ms @ http://localhost:3001/_next/static/chunks/node_modules_next_dist_1e8vcs8._.js:776
[  213226ms] [LOG] [Fast Refresh] done in 49ms @ http://localhost:3001/_next/static/chunks/node_modules_next_dist_1e8vcs8._.js:776
[  213262ms] [LOG] [Fast Refresh] done in 49ms @ http://localhost:3001/_next/static/chunks/node_modules_next_dist_1e8vcs8._.js:776
[  213306ms] [LOG] [Fast Refresh] done in 49ms @ http://localhost:3001/_next/static/chunks/node_modules_next_dist_1e8vcs8._.js:776
[  213485ms] [ERROR] ./app/not-found.jsx:45:1
Error: Unexpected token. Did you mean `{'}'}` or `&rbrace;`?
  43 |     </div>
  44 |   );
> 45 | }
     | ^
  46 |

Parsing ecmascript source code failed

Import traces:
  Client Component Browser:
    ./app/not-found.jsx [Client Component Browser]
    ./app/not-found.jsx [Server Component]

  Client Component SSR:
    ./app/not-found.jsx [Client Component SSR]
    ./app/not-found.jsx [Server Component] @ http://localhost:3001/_next/static/chunks/node_modules_next_dist_1e8vcs8._.js:1052
[  213508ms] [LOG] [Fast Refresh] rebuilding @ http://localhost:3001/_next/static/chunks/node_modules_next_dist_1e8vcs8._.js:776
[  213544ms] [ERROR] ./app/not-found.jsx:45:1
Error: Unexpected token. Did you mean `{'}'}` or `&rbrace;`?
  43 |     </div>
  44 |   );
> 45 | }
     | ^
  46 |

Parsing ecmascript source code failed

Import traces:
  Client Component Browser:
    ./app/not-found.jsx [Client Component Browser]
    ./app/not-found.jsx [Server Component]

  Client Component SSR:
    ./app/not-found.jsx [Client Component SSR]
    ./app/not-found.jsx [Server Component] @ http://localhost:3001/_next/static/chunks/node_modules_next_dist_1e8vcs8._.js:1052
[  213581ms] [ERROR] ./app/not-found.jsx:45:1
Error: Unexpected token. Did you mean `{'}'}` or `&rbrace;`?
  43 |     </div>
  44 |   );
> 45 | }
     | ^
  46 |

Parsing ecmascript source code failed

Import traces:
  Client Component Browser:
    ./app/not-found.jsx [Client Component Browser]
    ./app/not-found.jsx [Server Component]

  Client Component SSR:
    ./app/not-found.jsx [Client Component SSR]
    ./app/not-found.jsx [Server Component] @ http://localhost:3001/_next/static/chunks/node_modules_next_dist_1e8vcs8._.js:1052
[  213618ms] [ERROR] ./app/not-found.jsx:45:1
Error: Unexpected token. Did you mean `{'}'}` or `&rbrace;`?
  43 |     </div>
  44 |   );
> 45 | }
     | ^
  46 |

Parsing ecmascript source code failed

Import traces:
  Client Component Browser:
    ./app/not-found.jsx [Client Component Browser]
    ./app/not-found.jsx [Server Component]

  Client Component SSR:
    ./app/not-found.jsx [Client Component SSR]
    ./app/not-found.jsx [Server Component] @ http://localhost:3001/_next/static/chunks/node_modules_next_dist_1e8vcs8._.js:1052
[  213657ms] [ERROR] ./app/not-found.jsx:45:1
Error: Unexpected token. Did you mean `{'}'}` or `&rbrace;`?
  43 |     </div>
  44 |   );
> 45 | }
     | ^
  46 |

Parsing ecmascript source code failed

Import traces:
  Client Component Browser:
    ./app/not-found.jsx [Client Component Browser]
    ./app/not-found.jsx [Server Component]

  Client Component SSR:
    ./app/not-found.jsx [Client Component SSR]
    ./app/not-found.jsx [Server Component] @ http://localhost:3001/_next/static/chunks/node_modules_next_dist_1e8vcs8._.js:1052
[  213694ms] [ERROR] ./app/not-found.jsx:45:1
Error: Unexpected token. Did you mean `{'}'}` or `&rbrace;`?
  43 |     </div>
  44 |   );
> 45 | }
     | ^
  46 |

Parsing ecmascript source code failed

Import traces:
  Client Component Browser:
    ./app/not-found.jsx [Client Component Browser]
    ./app/not-found.jsx [Server Component]

  Client Component SSR:
    ./app/not-found.jsx [Client Component SSR]
    ./app/not-found.jsx [Server Component] @ http://localhost:3001/_next/static/chunks/node_modules_next_dist_1e8vcs8._.js:1052
[  213731ms] [ERROR] ./app/not-found.jsx:45:1
Error: Unexpected token. Did you mean `{'}'}` or `&rbrace;`?
  43 |     </div>
  44 |   );
> 45 | }
     | ^
  46 |

Parsing ecmascript source code failed

Import traces:
  Client Component Browser:
    ./app/not-found.jsx [Client Component Browser]
    ./app/not-found.jsx [Server Component]

  Client Component SSR:
    ./app/not-found.jsx [Client Component SSR]
    ./app/not-found.jsx [Server Component] @ http://localhost:3001/_next/static/chunks/node_modules_next_dist_1e8vcs8._.js:1052
[  213768ms] [ERROR] ./app/not-found.jsx:45:1
Error: Unexpected token. Did you mean `{'}'}` or `&rbrace;`?
  43 |     </div>
  44 |   );
> 45 | }
     | ^
  46 |

Parsing ecmascript source code failed

Import traces:
  Client Component Browser:
    ./app/not-found.jsx [Client Component Browser]
    ./app/not-found.jsx [Server Component]

  Client Component SSR:
    ./app/not-found.jsx [Client Component SSR]
    ./app/not-found.jsx [Server Component] @ http://localhost:3001/_next/static/chunks/node_modules_next_dist_1e8vcs8._.js:1052
[  213804ms] [ERROR] ./app/not-found.jsx:45:1
Error: Unexpected token. Did you mean `{'}'}` or `&rbrace;`?
  43 |     </div>
  44 |   );
> 45 | }
     | ^
  46 |

Parsing ecmascript source code failed

Import traces:
  Client Component Browser:
    ./app/not-found.jsx [Client Component Browser]
    ./app/not-found.jsx [Server Component]

  Client Component SSR:
    ./app/not-found.jsx [Client Component SSR]
    ./app/not-found.jsx [Server Component] @ http://localhost:3001/_next/static/chunks/node_modules_next_dist_1e8vcs8._.js:1052
[  213840ms] [ERROR] ./app/not-found.jsx:45:1
Error: Unexpected token. Did you mean `{'}'}` or `&rbrace;`?
  43 |     </div>
  44 |   );
> 45 | }
     | ^
  46 |

Parsing ecmascript source code failed

Import traces:
  Client Component Browser:
    ./app/not-found.jsx [Client Component Browser]
    ./app/not-found.jsx [Server Component]

  Client Component SSR:
    ./app/not-found.jsx [Client Component SSR]
    ./app/not-found.jsx [Server Component] @ http://localhost:3001/_next/static/chunks/node_modules_next_dist_1e8vcs8._.js:1052
[  213877ms] [ERROR] ./app/not-found.jsx:45:1
Error: Unexpected token. Did you mean `{'}'}` or `&rbrace;`?
  43 |     </div>
  44 |   );
> 45 | }
     | ^
  46 |

Parsing ecmascript source code failed

Import traces:
  Client Component Browser:
    ./app/not-found.jsx [Client Component Browser]
    ./app/not-found.jsx [Server Component]

  Client Component SSR:
    ./app/not-found.jsx [Client Component SSR]
    ./app/not-found.jsx [Server Component] @ http://localhost:3001/_next/static/chunks/node_modules_next_dist_1e8vcs8._.js:1052
[  213914ms] [ERROR] ./app/not-found.jsx:45:1
Error: Unexpected token. Did you mean `{'}'}` or `&rbrace;`?
  43 |     </div>
  44 |   );
> 45 | }
     | ^
  46 |

Parsing ecmascript source code failed

Import traces:
  Client Component Browser:
    ./app/not-found.jsx [Client Component Browser]
    ./app/not-found.jsx [Server Component]

  Client Component SSR:
    ./app/not-found.jsx [Client Component SSR]
    ./app/not-found.jsx [Server Component] @ http://localhost:3001/_next/static/chunks/node_modules_next_dist_1e8vcs8._.js:1052
[  213950ms] [ERROR] ./app/not-found.jsx:45:1
Error: Unexpected token. Did you mean `{'}'}` or `&rbrace;`?
  43 |     </div>
  44 |   );
> 45 | }
     | ^
  46 |

Parsing ecmascript source code failed

Import traces:
  Client Component Browser:
    ./app/not-found.jsx [Client Component Browser]
    ./app/not-found.jsx [Server Component]

  Client Component SSR:
    ./app/not-found.jsx [Client Component SSR]
    ./app/not-found.jsx [Server Component] @ http://localhost:3001/_next/static/chunks/node_modules_next_dist_1e8vcs8._.js:1052
[  213986ms] [ERROR] ./app/not-found.jsx:45:1
Error: Unexpected token. Did you mean `{'}'}` or `&rbrace;`?
  43 |     </div>
  44 |   );
> 45 | }
     | ^
  46 |

Parsing ecmascript source code failed

Import traces:
  Client Component Browser:
    ./app/not-found.jsx [Client Component Browser]
    ./app/not-found.jsx [Server Component]

  Client Component SSR:
    ./app/not-found.jsx [Client Component SSR]
    ./app/not-found.jsx [Server Component] @ http://localhost:3001/_next/static/chunks/node_modules_next_dist_1e8vcs8._.js:1052
[  214023ms] [ERROR] ./app/not-found.jsx:45:1
Error: Unexpected token. Did you mean `{'}'}` or `&rbrace;`?
  43 |     </div>
  44 |   );
> 45 | }
     | ^
  46 |

Parsing ecmascript source code failed

Import traces:
  Client Component Browser:
    ./app/not-found.jsx [Client Component Browser]
    ./app/not-found.jsx [Server Component]

  Client Component SSR:
    ./app/not-found.jsx [Client Component SSR]
    ./app/not-found.jsx [Server Component] @ http://localhost:3001/_next/static/chunks/node_modules_next_dist_1e8vcs8._.js:1052
[  214060ms] [ERROR] ./app/not-found.jsx:45:1
Error: Unexpected token. Did you mean `{'}'}` or `&rbrace;`?
  43 |     </div>
  44 |   );
> 45 | }
     | ^
  46 |

Parsing ecmascript source code failed

Import traces:
  Client Component Browser:
    ./app/not-found.jsx [Client Component Browser]
    ./app/not-found.jsx [Server Component]

  Client Component SSR:
    ./app/not-found.jsx [Client Component SSR]
    ./app/not-found.jsx [Server Component] @ http://localhost:3001/_next/static/chunks/node_modules_next_dist_1e8vcs8._.js:1052
[  214097ms] [ERROR] ./app/not-found.jsx:45:1
Error: Unexpected token. Did you mean `{'}'}` or `&rbrace;`?
  43 |     </div>
  44 |   );
> 45 | }
     | ^
  46 |

Parsing ecmascript source code failed

Import traces:
  Client Component Browser:
    ./app/not-found.jsx [Client Component Browser]
    ./app/not-found.jsx [Server Component]

  Client Component SSR:
    ./app/not-found.jsx [Client Component SSR]
    ./app/not-found.jsx [Server Component] @ http://localhost:3001/_next/static/chunks/node_modules_next_dist_1e8vcs8._.js:1052
[  214134ms] [ERROR] ./app/not-found.jsx:45:1
Error: Unexpected token. Did you mean `{'}'}` or `&rbrace;`?
  43 |     </div>
  44 |   );
> 45 | }
     | ^
  46 |

Parsing ecmascript source code failed

Import traces:
  Client Component Browser:
    ./app/not-found.jsx [Client Component Browser]
    ./app/not-found.jsx [Server Component]

  Client Component SSR:
    ./app/not-found.jsx [Client Component SSR]
    ./app/not-found.jsx [Server Component] @ http://localhost:3001/_next/static/chunks/node_modules_next_dist_1e8vcs8._.js:1052
[  214171ms] [ERROR] ./app/not-found.jsx:45:1
Error: Unexpected token. Did you mean `{'}'}` or `&rbrace;`?
  43 |     </div>
  44 |   );
> 45 | }
     | ^
  46 |

Parsing ecmascript source code failed

Import traces:
  Client Component Browser:
    ./app/not-found.jsx [Client Component Browser]
    ./app/not-found.jsx [Server Component]

  Client Component SSR:
    ./app/not-found.jsx [Client Component SSR]
    ./app/not-found.jsx [Server Component] @ http://localhost:3001/_next/static/chunks/node_modules_next_dist_1e8vcs8._.js:1052
[  214207ms] [ERROR] ./app/not-found.jsx:45:1
Error: Unexpected token. Did you mean `{'}'}` or `&rbrace;`?
  43 |     </div>
  44 |   );
> 45 | }
     | ^
  46 |

Parsing ecmascript source code failed

Import traces:
  Client Component Browser:
    ./app/not-found.jsx [Client Component Browser]
    ./app/not-found.jsx [Server Component]

  Client Component SSR:
    ./app/not-found.jsx [Client Component SSR]
    ./app/not-found.jsx [Server Component] @ http://localhost:3001/_next/static/chunks/node_modules_next_dist_1e8vcs8._.js:1052
[  214245ms] [ERROR] ./app/not-found.jsx:45:1
Error: Unexpected token. Did you mean `{'}'}` or `&rbrace;`?
  43 |     </div>
  44 |   );
> 45 | }
     | ^
  46 |

Parsing ecmascript source code failed

Import traces:
  Client Component Browser:
    ./app/not-found.jsx [Client Component Browser]
    ./app/not-found.jsx [Server Component]

  Client Component SSR:
    ./app/not-found.jsx [Client Component SSR]
    ./app/not-found.jsx [Server Component] @ http://localhost:3001/_next/static/chunks/node_modules_next_dist_1e8vcs8._.js:1052
[  214283ms] [ERROR] ./app/not-found.jsx:45:1
Error: Unexpected token. Did you mean `{'}'}` or `&rbrace;`?
  43 |     </div>
  44 |   );
> 45 | }
     | ^
  46 |

Parsing ecmascript source code failed

Import traces:
  Client Component Browser:
    ./app/not-found.jsx [Client Component Browser]
    ./app/not-found.jsx [Server Component]

  Client Component SSR:
    ./app/not-found.jsx [Client Component SSR]
    ./app/not-found.jsx [Server Component] @ http://localhost:3001/_next/static/chunks/node_modules_next_dist_1e8vcs8._.js:1052
[  214321ms] [ERROR] ./app/not-found.jsx:45:1
Error: Unexpected token. Did you mean `{'}'}` or `&rbrace;`?
  43 |     </div>
  44 |   );
> 45 | }
     | ^
  46 |

Parsing ecmascript source code failed

Import traces:
  Client Component Browser:
    ./app/not-found.jsx [Client Component Browser]
    ./app/not-found.jsx [Server Component]

  Client Component SSR:
    ./app/not-found.jsx [Client Component SSR]
    ./app/not-found.jsx [Server Component] @ http://localhost:3001/_next/static/chunks/node_modules_next_dist_1e8vcs8._.js:1052
[  214358ms] [ERROR] ./app/not-found.jsx:45:1
Error: Unexpected token. Did you mean `{'}'}` or `&rbrace;`?
  43 |     </div>
  44 |   );
> 45 | }
     | ^
  46 |

Parsing ecmascript source code failed

Import traces:
  Client Component Browser:
    ./app/not-found.jsx [Client Component Browser]
    ./app/not-found.jsx [Server Component]

  Client Component SSR:
    ./app/not-found.jsx [Client Component SSR]
    ./app/not-found.jsx [Server Component] @ http://localhost:3001/_next/static/chunks/node_modules_next_dist_1e8vcs8._.js:1052
[  214394ms] [ERROR] ./app/not-found.jsx:45:1
Error: Unexpected token. Did you mean `{'}'}` or `&rbrace;`?
  43 |     </div>
  44 |   );
> 45 | }
     | ^
  46 |

Parsing ecmascript source code failed

Import traces:
  Client Component Browser:
    ./app/not-found.jsx [Client Component Browser]
    ./app/not-found.jsx [Server Component]

  Client Component SSR:
    ./app/not-found.jsx [Client Component SSR]
    ./app/not-found.jsx [Server Component] @ http://localhost:3001/_next/static/chunks/node_modules_next_dist_1e8vcs8._.js:1052
[  214431ms] [ERROR] ./app/not-found.jsx:45:1
Error: Unexpected token. Did you mean `{'}'}` or `&rbrace;`?
  43 |     </div>
  44 |   );
> 45 | }
     | ^
  46 |

Parsing ecmascript source code failed

Import traces:
  Client Component Browser:
    ./app/not-found.jsx [Client Component Browser]
    ./app/not-found.jsx [Server Component]

  Client Component SSR:
    ./app/not-found.jsx [Client Component SSR]
    ./app/not-found.jsx [Server Component] @ http://localhost:3001/_next/static/chunks/node_modules_next_dist_1e8vcs8._.js:1052
[  214467ms] [ERROR] ./app/not-found.jsx:45:1
Error: Unexpected token. Did you mean `{'}'}` or `&rbrace;`?
  43 |     </div>
  44 |   );
> 45 | }
     | ^
  46 |

Parsing ecmascript source code failed

Import traces:
  Client Component Browser:
    ./app/not-found.jsx [Client Component Browser]
    ./app/not-found.jsx [Server Component]

  Client Component SSR:
    ./app/not-found.jsx [Client Component SSR]
    ./app/not-found.jsx [Server Component] @ http://localhost:3001/_next/static/chunks/node_modules_next_dist_1e8vcs8._.js:1052
[  214504ms] [ERROR] ./app/not-found.jsx:45:1
Error: Unexpected token. Did you mean `{'}'}` or `&rbrace;`?
  43 |     </div>
  44 |   );
> 45 | }
     | ^
  46 |

Parsing ecmascript source code failed

Import traces:
  Client Component Browser:
    ./app/not-found.jsx [Client Component Browser]
    ./app/not-found.jsx [Server Component]

  Client Component SSR:
    ./app/not-found.jsx [Client Component SSR]
    ./app/not-found.jsx [Server Component] @ http://localhost:3001/_next/static/chunks/node_modules_next_dist_1e8vcs8._.js:1052
[  214541ms] [ERROR] ./app/not-found.jsx:45:1
Error: Unexpected token. Did you mean `{'}'}` or `&rbrace;`?
  43 |     </div>
  44 |   );
> 45 | }
     | ^
  46 |

Parsing ecmascript source code failed

Import traces:
  Client Component Browser:
    ./app/not-found.jsx [Client Component Browser]
    ./app/not-found.jsx [Server Component]

  Client Component SSR:
    ./app/not-found.jsx [Client Component SSR]
    ./app/not-found.jsx [Server Component] @ http://localhost:3001/_next/static/chunks/node_modules_next_dist_1e8vcs8._.js:1052
[  214577ms] [ERROR] ./app/not-found.jsx:45:1
Error: Unexpected token. Did you mean `{'}'}` or `&rbrace;`?
  43 |     </div>
  44 |   );
> 45 | }
     | ^
  46 |

Parsing ecmascript source code failed

Import traces:
  Client Component Browser:
    ./app/not-found.jsx [Client Component Browser]
    ./app/not-found.jsx [Server Component]

  Client Component SSR:
    ./app/not-found.jsx [Client Component SSR]
    ./app/not-found.jsx [Server Component] @ http://localhost:3001/_next/static/chunks/node_modules_next_dist_1e8vcs8._.js:1052
[  214615ms] [ERROR] ./app/not-found.jsx:45:1
Error: Unexpected token. Did you mean `{'}'}` or `&rbrace;`?
  43 |     </div>
  44 |   );
> 45 | }
     | ^
  46 |

Parsing ecmascript source code failed

Import traces:
  Client Component Browser:
    ./app/not-found.jsx [Client Component Browser]
    ./app/not-found.jsx [Server Component]

  Client Component SSR:
    ./app/not-found.jsx [Client Component SSR]
    ./app/not-found.jsx [Server Component] @ http://localhost:3001/_next/static/chunks/node_modules_next_dist_1e8vcs8._.js:1052
[  214652ms] [ERROR] ./app/not-found.jsx:45:1
Error: Unexpected token. Did you mean `{'}'}` or `&rbrace;`?
  43 |     </div>
  44 |   );
> 45 | }
     | ^
  46 |

Parsing ecmascript source code failed

Import traces:
  Client Component Browser:
    ./app/not-found.jsx [Client Component Browser]
    ./app/not-found.jsx [Server Component]

  Client Component SSR:
    ./app/not-found.jsx [Client Component SSR]
    ./app/not-found.jsx [Server Component] @ http://localhost:3001/_next/static/chunks/node_modules_next_dist_1e8vcs8._.js:1052
[  214688ms] [ERROR] ./app/not-found.jsx:45:1
Error: Unexpected token. Did you mean `{'}'}` or `&rbrace;`?
  43 |     </div>
  44 |   );
> 45 | }
     | ^
  46 |

Parsing ecmascript source code failed

Import traces:
  Client Component Browser:
    ./app/not-found.jsx [Client Component Browser]
    ./app/not-found.jsx [Server Component]

  Client Component SSR:
    ./app/not-found.jsx [Client Component SSR]
    ./app/not-found.jsx [Server Component] @ http://localhost:3001/_next/static/chunks/node_modules_next_dist_1e8vcs8._.js:1052
[  214726ms] [ERROR] ./app/not-found.jsx:45:1
Error: Unexpected token. Did you mean `{'}'}` or `&rbrace;`?
  43 |     </div>
  44 |   );
> 45 | }
     | ^
  46 |

Parsing ecmascript source code failed

Import traces:
  Client Component Browser:
    ./app/not-found.jsx [Client Component Browser]
    ./app/not-found.jsx [Server Component]

  Client Component SSR:
    ./app/not-found.jsx [Client Component SSR]
    ./app/not-found.jsx [Server Component] @ http://localhost:3001/_next/static/chunks/node_modules_next_dist_1e8vcs8._.js:1052
[  214762ms] [ERROR] ./app/not-found.jsx:45:1
Error: Unexpected token. Did you mean `{'}'}` or `&rbrace;`?
  43 |     </div>
  44 |   );
> 45 | }
     | ^
  46 |

Parsing ecmascript source code failed

Import traces:
  Client Component Browser:
    ./app/not-found.jsx [Client Component Browser]
    ./app/not-found.jsx [Server Component]

  Client Component SSR:
    ./app/not-found.jsx [Client Component SSR]
    ./app/not-found.jsx [Server Component] @ http://localhost:3001/_next/static/chunks/node_modules_next_dist_1e8vcs8._.js:1052
[  214799ms] [ERROR] ./app/not-found.jsx:45:1
Error: Unexpected token. Did you mean `{'}'}` or `&rbrace;`?
  43 |     </div>
  44 |   );
> 45 | }
     | ^
  46 |

Parsing ecmascript source code failed

Import traces:
  Client Component Browser:
    ./app/not-found.jsx [Client Component Browser]
    ./app/not-found.jsx [Server Component]

  Client Component SSR:
    ./app/not-found.jsx [Client Component SSR]
    ./app/not-found.jsx [Server Component] @ http://localhost:3001/_next/static/chunks/node_modules_next_dist_1e8vcs8._.js:1052
[  214834ms] [ERROR] ./app/not-found.jsx:45:1
Error: Unexpected token. Did you mean `{'}'}` or `&rbrace;`?
  43 |     </div>
  44 |   );
> 45 | }
     | ^
  46 |

Parsing ecmascript source code failed

Import traces:
  Client Component Browser:
    ./app/not-found.jsx [Client Component Browser]
    ./app/not-found.jsx [Server Component]

  Client Component SSR:
    ./app/not-found.jsx [Client Component SSR]
    ./app/not-found.jsx [Server Component] @ http://localhost:3001/_next/static/chunks/node_modules_next_dist_1e8vcs8._.js:1052
[  214872ms] [ERROR] ./app/not-found.jsx:45:1
Error: Unexpected token. Did you mean `{'}'}` or `&rbrace;`?
  43 |     </div>
  44 |   );
> 45 | }
     | ^
  46 |

Parsing ecmascript source code failed

Import traces:
  Client Component Browser:
    ./app/not-found.jsx [Client Component Browser]
    ./app/not-found.jsx [Server Component]

  Client Component SSR:
    ./app/not-found.jsx [Client Component SSR]
    ./app/not-found.jsx [Server Component] @ http://localhost:3001/_next/static/chunks/node_modules_next_dist_1e8vcs8._.js:1052
[  214910ms] [ERROR] ./app/not-found.jsx:45:1
Error: Unexpected token. Did you mean `{'}'}` or `&rbrace;`?
  43 |     </div>
  44 |   );
> 45 | }
     | ^
  46 |

Parsing ecmascript source code failed

Import traces:
  Client Component Browser:
    ./app/not-found.jsx [Client Component Browser]
    ./app/not-found.jsx [Server Component]

  Client Component SSR:
    ./app/not-found.jsx [Client Component SSR]
    ./app/not-found.jsx [Server Component] @ http://localhost:3001/_next/static/chunks/node_modules_next_dist_1e8vcs8._.js:1052
[  214947ms] [ERROR] ./app/not-found.jsx:45:1
Error: Unexpected token. Did you mean `{'}'}` or `&rbrace;`?
  43 |     </div>
  44 |   );
> 45 | }
     | ^
  46 |

Parsing ecmascript source code failed

Import traces:
  Client Component Browser:
    ./app/not-found.jsx [Client Component Browser]
    ./app/not-found.jsx [Server Component]

  Client Component SSR:
    ./app/not-found.jsx [Client Component SSR]
    ./app/not-found.jsx [Server Component] @ http://localhost:3001/_next/static/chunks/node_modules_next_dist_1e8vcs8._.js:1052
[  214983ms] [ERROR] ./app/not-found.jsx:45:1
Error: Unexpected token. Did you mean `{'}'}` or `&rbrace;`?
  43 |     </div>
  44 |   );
> 45 | }
     | ^
  46 |

Parsing ecmascript source code failed

Import traces:
  Client Component Browser:
    ./app/not-found.jsx [Client Component Browser]
    ./app/not-found.jsx [Server Component]

  Client Component SSR:
    ./app/not-found.jsx [Client Component SSR]
    ./app/not-found.jsx [Server Component] @ http://localhost:3001/_next/static/chunks/node_modules_next_dist_1e8vcs8._.js:1052
[  215020ms] [ERROR] ./app/not-found.jsx:45:1
Error: Unexpected token. Did you mean `{'}'}` or `&rbrace;`?
  43 |     </div>
  44 |   );
> 45 | }
     | ^
  46 |

Parsing ecmascript source code failed

Import traces:
  Client Component Browser:
    ./app/not-found.jsx [Client Component Browser]
    ./app/not-found.jsx [Server Component]

  Client Component SSR:
    ./app/not-found.jsx [Client Component SSR]
    ./app/not-found.jsx [Server Component] @ http://localhost:3001/_next/static/chunks/node_modules_next_dist_1e8vcs8._.js:1052
[  215058ms] [ERROR] ./app/not-found.jsx:45:1
Error: Unexpected token. Did you mean `{'}'}` or `&rbrace;`?
  43 |     </div>
  44 |   );
> 45 | }
     | ^
  46 |

Parsing ecmascript source code failed

Import traces:
  Client Component Browser:
    ./app/not-found.jsx [Client Component Browser]
    ./app/not-found.jsx [Server Component]

  Client Component SSR:
    ./app/not-found.jsx [Client Component SSR]
    ./app/not-found.jsx [Server Component] @ http://localhost:3001/_next/static/chunks/node_modules_next_dist_1e8vcs8._.js:1052
[  215094ms] [ERROR] ./app/not-found.jsx:45:1
Error: Unexpected token. Did you mean `{'}'}` or `&rbrace;`?
  43 |     </div>
  44 |   );
> 45 | }
     | ^
  46 |

Parsing ecmascript source code failed

Import traces:
  Client Component Browser:
    ./app/not-found.jsx [Client Component Browser]
    ./app/not-found.jsx [Server Component]

  Client Component SSR:
    ./app/not-found.jsx [Client Component SSR]
    ./app/not-found.jsx [Server Component] @ http://localhost:3001/_next/static/chunks/node_modules_next_dist_1e8vcs8._.js:1052
[  215132ms] [ERROR] ./app/not-found.jsx:45:1
Error: Unexpected token. Did you mean `{'}'}` or `&rbrace;`?
  43 |     </div>
  44 |   );
> 45 | }
     | ^
  46 |

Parsing ecmascript source code failed

Import traces:
  Client Component Browser:
    ./app/not-found.jsx [Client Component Browser]
    ./app/not-found.jsx [Server Component]

  Client Component SSR:
    ./app/not-found.jsx [Client Component SSR]
    ./app/not-found.jsx [Server Component] @ http://localhost:3001/_next/static/chunks/node_modules_next_dist_1e8vcs8._.js:1052
[  215169ms] [ERROR] ./app/not-found.jsx:45:1
Error: Unexpected token. Did you mean `{'}'}` or `&rbrace;`?
  43 |     </div>
  44 |   );
> 45 | }
     | ^
  46 |

Parsing ecmascript source code failed

Import traces:
  Client Component Browser:
    ./app/not-found.jsx [Client Component Browser]
    ./app/not-found.jsx [Server Component]

  Client Component SSR:
    ./app/not-found.jsx [Client Component SSR]
    ./app/not-found.jsx [Server Component] @ http://localhost:3001/_next/static/chunks/node_modules_next_dist_1e8vcs8._.js:1052
[  215206ms] [ERROR] ./app/not-found.jsx:45:1
Error: Unexpected token. Did you mean `{'}'}` or `&rbrace;`?
  43 |     </div>
  44 |   );
> 45 | }
     | ^
  46 |

Parsing ecmascript source code failed

Import traces:
  Client Component Browser:
    ./app/not-found.jsx [Client Component Browser]
    ./app/not-found.jsx [Server Component]

  Client Component SSR:
    ./app/not-found.jsx [Client Component SSR]
    ./app/not-found.jsx [Server Component] @ http://localhost:3001/_next/static/chunks/node_modules_next_dist_1e8vcs8._.js:1052
[  215243ms] [ERROR] ./app/not-found.jsx:45:1
Error: Unexpected token. Did you mean `{'}'}` or `&rbrace;`?
  43 |     </div>
  44 |   );
> 45 | }
     | ^
  46 |

Parsing ecmascript source code failed

Import traces:
  Client Component Browser:
    ./app/not-found.jsx [Client Component Browser]
    ./app/not-found.jsx [Server Component]

  Client Component SSR:
    ./app/not-found.jsx [Client Component SSR]
    ./app/not-found.jsx [Server Component] @ http://localhost:3001/_next/static/chunks/node_modules_next_dist_1e8vcs8._.js:1052
[  215279ms] [ERROR] ./app/not-found.jsx:45:1
Error: Unexpected token. Did you mean `{'}'}` or `&rbrace;`?
  43 |     </div>
  44 |   );
> 45 | }
     | ^
  46 |

Parsing ecmascript source code failed

Import traces:
  Client Component Browser:
    ./app/not-found.jsx [Client Component Browser]
    ./app/not-found.jsx [Server Component]

  Client Component SSR:
    ./app/not-found.jsx [Client Component SSR]
    ./app/not-found.jsx [Server Component] @ http://localhost:3001/_next/static/chunks/node_modules_next_dist_1e8vcs8._.js:1052
[  215317ms] [ERROR] ./app/not-found.jsx:45:1
Error: Unexpected token. Did you mean `{'}'}` or `&rbrace;`?
  43 |     </div>
  44 |   );
> 45 | }
     | ^
  46 |

Parsing ecmascript source code failed

Import traces:
  Client Component Browser:
    ./app/not-found.jsx [Client Component Browser]
    ./app/not-found.jsx [Server Component]

  Client Component SSR:
    ./app/not-found.jsx [Client Component SSR]
    ./app/not-found.jsx [Server Component] @ http://localhost:3001/_next/static/chunks/node_modules_next_dist_1e8vcs8._.js:1052
[  215352ms] [ERROR] ./app/not-found.jsx:45:1
Error: Unexpected token. Did you mean `{'}'}` or `&rbrace;`?
  43 |     </div>
  44 |   );
> 45 | }
     | ^
  46 |

Parsing ecmascript source code failed

Import traces:
  Client Component Browser:
    ./app/not-found.jsx [Client Component Browser]
    ./app/not-found.jsx [Server Component]

  Client Component SSR:
    ./app/not-found.jsx [Client Component SSR]
    ./app/not-found.jsx [Server Component] @ http://localhost:3001/_next/static/chunks/node_modules_next_dist_1e8vcs8._.js:1052
[  215398ms] [ERROR] ./app/not-found.jsx:45:1
Error: Unexpected token. Did you mean `{'}'}` or `&rbrace;`?
  43 |     </div>
  44 |   );
> 45 | }
     | ^
  46 |

Parsing ecmascript source code failed

Import traces:
  Client Component Browser:
    ./app/not-found.jsx [Client Component Browser]
    ./app/not-found.jsx [Server Component]

  Client Component SSR:
    ./app/not-found.jsx [Client Component SSR]
    ./app/not-found.jsx [Server Component] @ http://localhost:3001/_next/static/chunks/node_modules_next_dist_1e8vcs8._.js:1052
[  215435ms] [ERROR] ./app/not-found.jsx:45:1
Error: Unexpected token. Did you mean `{'}'}` or `&rbrace;`?
  43 |     </div>
  44 |   );
> 45 | }
     | ^
  46 |

Parsing ecmascript source code failed

Import traces:
  Client Component Browser:
    ./app/not-found.jsx [Client Component Browser]
    ./app/not-found.jsx [Server Component]

  Client Component SSR:
    ./app/not-found.jsx [Client Component SSR]
    ./app/not-found.jsx [Server Component] @ http://localhost:3001/_next/static/chunks/node_modules_next_dist_1e8vcs8._.js:1052
[  215472ms] [ERROR] ./app/not-found.jsx:45:1
Error: Unexpected token. Did you mean `{'}'}` or `&rbrace;`?
  43 |     </div>
  44 |   );
> 45 | }
     | ^
  46 |

Parsing ecmascript source code failed

Import traces:
  Client Component Browser:
    ./app/not-found.jsx [Client Component Browser]
    ./app/not-found.jsx [Server Component]

  Client Component SSR:
    ./app/not-found.jsx [Client Component SSR]
    ./app/not-found.jsx [Server Component] @ http://localhost:3001/_next/static/chunks/node_modules_next_dist_1e8vcs8._.js:1052
[  215507ms] [ERROR] ./app/not-found.jsx:45:1
Error: Unexpected token. Did you mean `{'}'}` or `&rbrace;`?
  43 |     </div>
  44 |   );
> 45 | }
     | ^
  46 |

Parsing ecmascript source code failed

Import traces:
  Client Component Browser:
    ./app/not-found.jsx [Client Component Browser]
    ./app/not-found.jsx [Server Component]

  Client Component SSR:
    ./app/not-found.jsx [Client Component SSR]
    ./app/not-found.jsx [Server Component] @ http://localhost:3001/_next/static/chunks/node_modules_next_dist_1e8vcs8._.js:1052
[  215574ms] [ERROR] ./app/not-found.jsx:45:1
Error: Unexpected token. Did you mean `{'}'}` or `&rbrace;`?
  43 |     </div>
  44 |   );
> 45 | }
     | ^
  46 |

Parsing ecmascript source code failed

Import traces:
  Client Component Browser:
    ./app/not-found.jsx [Client Component Browser]
    ./app/not-found.jsx [Server Component]

  Client Component SSR:
    ./app/not-found.jsx [Client Component SSR]
    ./app/not-found.jsx [Server Component] @ http://localhost:3001/_next/static/chunks/node_modules_next_dist_1e8vcs8._.js:1052
[  215731ms] [LOG] [Fast Refresh] rebuilding @ http://localhost:3001/_next/static/chunks/node_modules_next_dist_1e8vcs8._.js:776
[  215786ms] [LOG] [Fast Refresh] done in 61ms @ http://localhost:3001/_next/static/chunks/node_modules_next_dist_1e8vcs8._.js:776
[  215829ms] [LOG] [Fast Refresh] done in 61ms @ http://localhost:3001/_next/static/chunks/node_modules_next_dist_1e8vcs8._.js:776
[  215866ms] [LOG] [Fast Refresh] done in 61ms @ http://localhost:3001/_next/static/chunks/node_modules_next_dist_1e8vcs8._.js:776
[  215902ms] [LOG] [Fast Refresh] done in 61ms @ http://localhost:3001/_next/static/chunks/node_modules_next_dist_1e8vcs8._.js:776
[  215939ms] [LOG] [Fast Refresh] done in 61ms @ http://localhost:3001/_next/static/chunks/node_modules_next_dist_1e8vcs8._.js:776
[  215976ms] [LOG] [Fast Refresh] done in 61ms @ http://localhost:3001/_next/static/chunks/node_modules_next_dist_1e8vcs8._.js:776
[  216013ms] [LOG] [Fast Refresh] done in 61ms @ http://localhost:3001/_next/static/chunks/node_modules_next_dist_1e8vcs8._.js:776
[  216048ms] [LOG] [Fast Refresh] done in 61ms @ http://localhost:3001/_next/static/chunks/node_modules_next_dist_1e8vcs8._.js:776
[  216087ms] [LOG] [Fast Refresh] done in 61ms @ http://localhost:3001/_next/static/chunks/node_modules_next_dist_1e8vcs8._.js:776
[  216123ms] [LOG] [Fast Refresh] done in 61ms @ http://localhost:3001/_next/static/chunks/node_modules_next_dist_1e8vcs8._.js:776
[  216160ms] [LOG] [Fast Refresh] done in 61ms @ http://localhost:3001/_next/static/chunks/node_modules_next_dist_1e8vcs8._.js:776
[  216196ms] [LOG] [Fast Refresh] done in 61ms @ http://localhost:3001/_next/static/chunks/node_modules_next_dist_1e8vcs8._.js:776
[  216233ms] [LOG] [Fast Refresh] done in 61ms @ http://localhost:3001/_next/static/chunks/node_modules_next_dist_1e8vcs8._.js:776
[  216269ms] [LOG] [Fast Refresh] done in 61ms @ http://localhost:3001/_next/static/chunks/node_modules_next_dist_1e8vcs8._.js:776
[  216306ms] [LOG] [Fast Refresh] done in 61ms @ http://localhost:3001/_next/static/chunks/node_modules_next_dist_1e8vcs8._.js:776
[  216343ms] [LOG] [Fast Refresh] done in 61ms @ http://localhost:3001/_next/static/chunks/node_modules_next_dist_1e8vcs8._.js:776
[  216381ms] [LOG] [Fast Refresh] done in 61ms @ http://localhost:3001/_next/static/chunks/node_modules_next_dist_1e8vcs8._.js:776
[  216417ms] [LOG] [Fast Refresh] done in 61ms @ http://localhost:3001/_next/static/chunks/node_modules_next_dist_1e8vcs8._.js:776
[  216453ms] [LOG] [Fast Refresh] done in 61ms @ http://localhost:3001/_next/static/chunks/node_modules_next_dist_1e8vcs8._.js:776
[  216490ms] [LOG] [Fast Refresh] done in 61ms @ http://localhost:3001/_next/static/chunks/node_modules_next_dist_1e8vcs8._.js:776
[  216527ms] [LOG] [Fast Refresh] done in 61ms @ http://localhost:3001/_next/static/chunks/node_modules_next_dist_1e8vcs8._.js:776
[  216563ms] [LOG] [Fast Refresh] done in 61ms @ http://localhost:3001/_next/static/chunks/node_modules_next_dist_1e8vcs8._.js:776
[  216601ms] [LOG] [Fast Refresh] done in 61ms @ http://localhost:3001/_next/static/chunks/node_modules_next_dist_1e8vcs8._.js:776
[  216636ms] [LOG] [Fast Refresh] done in 61ms @ http://localhost:3001/_next/static/chunks/node_modules_next_dist_1e8vcs8._.js:776
[  216671ms] [LOG] [Fast Refresh] done in 61ms @ http://localhost:3001/_next/static/chunks/node_modules_next_dist_1e8vcs8._.js:776
[  216709ms] [LOG] [Fast Refresh] done in 61ms @ http://localhost:3001/_next/static/chunks/node_modules_next_dist_1e8vcs8._.js:776
[  216745ms] [LOG] [Fast Refresh] done in 61ms @ http://localhost:3001/_next/static/chunks/node_modules_next_dist_1e8vcs8._.js:776
[  216782ms] [LOG] [Fast Refresh] done in 61ms @ http://localhost:3001/_next/static/chunks/node_modules_next_dist_1e8vcs8._.js:776
[  216818ms] [LOG] [Fast Refresh] done in 61ms @ http://localhost:3001/_next/static/chunks/node_modules_next_dist_1e8vcs8._.js:776
[  216855ms] [LOG] [Fast Refresh] done in 61ms @ http://localhost:3001/_next/static/chunks/node_modules_next_dist_1e8vcs8._.js:776
[  216891ms] [LOG] [Fast Refresh] done in 61ms @ http://localhost:3001/_next/static/chunks/node_modules_next_dist_1e8vcs8._.js:776
[  216928ms] [LOG] [Fast Refresh] done in 61ms @ http://localhost:3001/_next/static/chunks/node_modules_next_dist_1e8vcs8._.js:776
[  216964ms] [LOG] [Fast Refresh] done in 61ms @ http://localhost:3001/_next/static/chunks/node_modules_next_dist_1e8vcs8._.js:776
[  216999ms] [LOG] [Fast Refresh] done in 61ms @ http://localhost:3001/_next/static/chunks/node_modules_next_dist_1e8vcs8._.js:776
[  217035ms] [LOG] [Fast Refresh] done in 61ms @ http://localhost:3001/_next/static/chunks/node_modules_next_dist_1e8vcs8._.js:776
[  217071ms] [LOG] [Fast Refresh] done in 61ms @ http://localhost:3001/_next/static/chunks/node_modules_next_dist_1e8vcs8._.js:776
[  217108ms] [LOG] [Fast Refresh] done in 61ms @ http://localhost:3001/_next/static/chunks/node_modules_next_dist_1e8vcs8._.js:776
[  217144ms] [LOG] [Fast Refresh] done in 61ms @ http://localhost:3001/_next/static/chunks/node_modules_next_dist_1e8vcs8._.js:776
[  217182ms] [LOG] [Fast Refresh] done in 61ms @ http://localhost:3001/_next/static/chunks/node_modules_next_dist_1e8vcs8._.js:776
[  217219ms] [LOG] [Fast Refresh] done in 61ms @ http://localhost:3001/_next/static/chunks/node_modules_next_dist_1e8vcs8._.js:776
[  217257ms] [LOG] [Fast Refresh] done in 61ms @ http://localhost:3001/_next/static/chunks/node_modules_next_dist_1e8vcs8._.js:776
[  217295ms] [LOG] [Fast Refresh] done in 61ms @ http://localhost:3001/_next/static/chunks/node_modules_next_dist_1e8vcs8._.js:776
[  217332ms] [LOG] [Fast Refresh] done in 61ms @ http://localhost:3001/_next/static/chunks/node_modules_next_dist_1e8vcs8._.js:776
[  217369ms] [LOG] [Fast Refresh] done in 61ms @ http://localhost:3001/_next/static/chunks/node_modules_next_dist_1e8vcs8._.js:776
[  217405ms] [LOG] [Fast Refresh] done in 61ms @ http://localhost:3001/_next/static/chunks/node_modules_next_dist_1e8vcs8._.js:776
[  217441ms] [LOG] [Fast Refresh] done in 61ms @ http://localhost:3001/_next/static/chunks/node_modules_next_dist_1e8vcs8._.js:776
[  217478ms] [LOG] [Fast Refresh] done in 61ms @ http://localhost:3001/_next/static/chunks/node_modules_next_dist_1e8vcs8._.js:776
[  217515ms] [LOG] [Fast Refresh] done in 61ms @ http://localhost:3001/_next/static/chunks/node_modules_next_dist_1e8vcs8._.js:776
[  217551ms] [LOG] [Fast Refresh] done in 61ms @ http://localhost:3001/_next/static/chunks/node_modules_next_dist_1e8vcs8._.js:776
[  217587ms] [LOG] [Fast Refresh] done in 61ms @ http://localhost:3001/_next/static/chunks/node_modules_next_dist_1e8vcs8._.js:776
[  217624ms] [LOG] [Fast Refresh] done in 61ms @ http://localhost:3001/_next/static/chunks/node_modules_next_dist_1e8vcs8._.js:776
[  217662ms] [LOG] [Fast Refresh] done in 61ms @ http://localhost:3001/_next/static/chunks/node_modules_next_dist_1e8vcs8._.js:776
[  217700ms] [LOG] [Fast Refresh] done in 61ms @ http://localhost:3001/_next/static/chunks/node_modules_next_dist_1e8vcs8._.js:776
[  217736ms] [LOG] [Fast Refresh] done in 61ms @ http://localhost:3001/_next/static/chunks/node_modules_next_dist_1e8vcs8._.js:776
[  217773ms] [LOG] [Fast Refresh] done in 61ms @ http://localhost:3001/_next/static/chunks/node_modules_next_dist_1e8vcs8._.js:776
[  217809ms] [LOG] [Fast Refresh] done in 61ms @ http://localhost:3001/_next/static/chunks/node_modules_next_dist_1e8vcs8._.js:776
[  217846ms] [LOG] [Fast Refresh] done in 61ms @ http://localhost:3001/_next/static/chunks/node_modules_next_dist_1e8vcs8._.js:776
[  217883ms] [LOG] [Fast Refresh] done in 61ms @ http://localhost:3001/_next/static/chunks/node_modules_next_dist_1e8vcs8._.js:776
[  217918ms] [LOG] [Fast Refresh] done in 61ms @ http://localhost:3001/_next/static/chunks/node_modules_next_dist_1e8vcs8._.js:776
[  217956ms] [LOG] [Fast Refresh] done in 61ms @ http://localhost:3001/_next/static/chunks/node_modules_next_dist_1e8vcs8._.js:776
[  217991ms] [LOG] [Fast Refresh] done in 61ms @ http://localhost:3001/_next/static/chunks/node_modules_next_dist_1e8vcs8._.js:776
[  218027ms] [LOG] [Fast Refresh] done in 61ms @ http://localhost:3001/_next/static/chunks/node_modules_next_dist_1e8vcs8._.js:776
[  218062ms] [LOG] [Fast Refresh] done in 61ms @ http://localhost:3001/_next/static/chunks/node_modules_next_dist_1e8vcs8._.js:776
[  218099ms] [LOG] [Fast Refresh] done in 61ms @ http://localhost:3001/_next/static/chunks/node_modules_next_dist_1e8vcs8._.js:776
[  218136ms] [LOG] [Fast Refresh] done in 61ms @ http://localhost:3001/_next/static/chunks/node_modules_next_dist_1e8vcs8._.js:776
[  218173ms] [LOG] [Fast Refresh] done in 61ms @ http://localhost:3001/_next/static/chunks/node_modules_next_dist_1e8vcs8._.js:776
[  218209ms] [LOG] [Fast Refresh] done in 61ms @ http://localhost:3001/_next/static/chunks/node_modules_next_dist_1e8vcs8._.js:776
[  218246ms] [LOG] [Fast Refresh] done in 61ms @ http://localhost:3001/_next/static/chunks/node_modules_next_dist_1e8vcs8._.js:776
[  218283ms] [LOG] [Fast Refresh] done in 61ms @ http://localhost:3001/_next/static/chunks/node_modules_next_dist_1e8vcs8._.js:776
[  218319ms] [LOG] [Fast Refresh] done in 61ms @ http://localhost:3001/_next/static/chunks/node_modules_next_dist_1e8vcs8._.js:776
[  218355ms] [LOG] [Fast Refresh] done in 61ms @ http://localhost:3001/_next/static/chunks/node_modules_next_dist_1e8vcs8._.js:776
[  218393ms] [LOG] [Fast Refresh] done in 61ms @ http://localhost:3001/_next/static/chunks/node_modules_next_dist_1e8vcs8._.js:776
[  218429ms] [LOG] [Fast Refresh] done in 61ms @ http://localhost:3001/_next/static/chunks/node_modules_next_dist_1e8vcs8._.js:776
[  218464ms] [LOG] [Fast Refresh] done in 61ms @ http://localhost:3001/_next/static/chunks/node_modules_next_dist_1e8vcs8._.js:776
[  218500ms] [LOG] [Fast Refresh] done in 61ms @ http://localhost:3001/_next/static/chunks/node_modules_next_dist_1e8vcs8._.js:776
[  218539ms] [LOG] [Fast Refresh] done in 61ms @ http://localhost:3001/_next/static/chunks/node_modules_next_dist_1e8vcs8._.js:776
[  218575ms] [LOG] [Fast Refresh] done in 61ms @ http://localhost:3001/_next/static/chunks/node_modules_next_dist_1e8vcs8._.js:776
[  218612ms] [LOG] [Fast Refresh] done in 61ms @ http://localhost:3001/_next/static/chunks/node_modules_next_dist_1e8vcs8._.js:776
[  218650ms] [LOG] [Fast Refresh] done in 61ms @ http://localhost:3001/_next/static/chunks/node_modules_next_dist_1e8vcs8._.js:776
[  218686ms] [LOG] [Fast Refresh] done in 61ms @ http://localhost:3001/_next/static/chunks/node_modules_next_dist_1e8vcs8._.js:776
[  218722ms] [LOG] [Fast Refresh] done in 61ms @ http://localhost:3001/_next/static/chunks/node_modules_next_dist_1e8vcs8._.js:776
[  218759ms] [LOG] [Fast Refresh] done in 61ms @ http://localhost:3001/_next/static/chunks/node_modules_next_dist_1e8vcs8._.js:776
[  218793ms] [WARNING] The resource http://localhost:3001/_next/static/chunks/app_0rb983j._.css was preloaded using link preload but not used within a few seconds from the window's load event. Please make sure it has an appropriate `as` value and it is preloaded intentionally. @ http://localhost:3001/:0
[  218795ms] [LOG] [Fast Refresh] done in 61ms @ http://localhost:3001/_next/static/chunks/node_modules_next_dist_1e8vcs8._.js:776
[  218832ms] [LOG] [Fast Refresh] done in 61ms @ http://localhost:3001/_next/static/chunks/node_modules_next_dist_1e8vcs8._.js:776
[  218869ms] [LOG] [Fast Refresh] done in 61ms @ http://localhost:3001/_next/static/chunks/node_modules_next_dist_1e8vcs8._.js:776
[  218907ms] [LOG] [Fast Refresh] done in 61ms @ http://localhost:3001/_next/static/chunks/node_modules_next_dist_1e8vcs8._.js:776
[  218943ms] [LOG] [Fast Refresh] done in 61ms @ http://localhost:3001/_next/static/chunks/node_modules_next_dist_1e8vcs8._.js:776
[  218979ms] [LOG] [Fast Refresh] done in 61ms @ http://localhost:3001/_next/static/chunks/node_modules_next_dist_1e8vcs8._.js:776
[  219016ms] [LOG] [Fast Refresh] done in 61ms @ http://localhost:3001/_next/static/chunks/node_modules_next_dist_1e8vcs8._.js:776
[  219054ms] [LOG] [Fast Refresh] done in 61ms @ http://localhost:3001/_next/static/chunks/node_modules_next_dist_1e8vcs8._.js:776
[  219089ms] [LOG] [Fast Refresh] done in 61ms @ http://localhost:3001/_next/static/chunks/node_modules_next_dist_1e8vcs8._.js:776
[  219125ms] [LOG] [Fast Refresh] done in 61ms @ http://localhost:3001/_next/static/chunks/node_modules_next_dist_1e8vcs8._.js:776
[  219161ms] [LOG] [Fast Refresh] done in 61ms @ http://localhost:3001/_next/static/chunks/node_modules_next_dist_1e8vcs8._.js:776
[  219198ms] [LOG] [Fast Refresh] done in 61ms @ http://localhost:3001/_next/static/chunks/node_modules_next_dist_1e8vcs8._.js:776
[  219235ms] [LOG] [Fast Refresh] done in 61ms @ http://localhost:3001/_next/static/chunks/node_modules_next_dist_1e8vcs8._.js:776
[  219273ms] [LOG] [Fast Refresh] done in 61ms @ http://localhost:3001/_next/static/chunks/node_modules_next_dist_1e8vcs8._.js:776
[  219310ms] [LOG] [Fast Refresh] done in 61ms @ http://localhost:3001/_next/static/chunks/node_modules_next_dist_1e8vcs8._.js:776
[  219346ms] [LOG] [Fast Refresh] done in 61ms @ http://localhost:3001/_next/static/chunks/node_modules_next_dist_1e8vcs8._.js:776
[  219382ms] [LOG] [Fast Refresh] done in 61ms @ http://localhost:3001/_next/static/chunks/node_modules_next_dist_1e8vcs8._.js:776
[  219418ms] [LOG] [Fast Refresh] done in 61ms @ http://localhost:3001/_next/static/chunks/node_modules_next_dist_1e8vcs8._.js:776
[  219453ms] [LOG] [Fast Refresh] done in 61ms @ http://localhost:3001/_next/static/chunks/node_modules_next_dist_1e8vcs8._.js:776
[  219490ms] [LOG] [Fast Refresh] done in 61ms @ http://localhost:3001/_next/static/chunks/node_modules_next_dist_1e8vcs8._.js:776
[  219527ms] [LOG] [Fast Refresh] done in 61ms @ http://localhost:3001/_next/static/chunks/node_modules_next_dist_1e8vcs8._.js:776
[  219563ms] [LOG] [Fast Refresh] done in 61ms @ http://localhost:3001/_next/static/chunks/node_modules_next_dist_1e8vcs8._.js:776
[  219601ms] [LOG] [Fast Refresh] done in 61ms @ http://localhost:3001/_next/static/chunks/node_modules_next_dist_1e8vcs8._.js:776
[  219637ms] [LOG] [Fast Refresh] done in 61ms @ http://localhost:3001/_next/static/chunks/node_modules_next_dist_1e8vcs8._.js:776
[  219673ms] [LOG] [Fast Refresh] done in 61ms @ http://localhost:3001/_next/static/chunks/node_modules_next_dist_1e8vcs8._.js:776
[  219712ms] [LOG] [Fast Refresh] done in 61ms @ http://localhost:3001/_next/static/chunks/node_modules_next_dist_1e8vcs8._.js:776
[  219748ms] [LOG] [Fast Refresh] done in 61ms @ http://localhost:3001/_next/static/chunks/node_modules_next_dist_1e8vcs8._.js:776
[  219785ms] [LOG] [Fast Refresh] done in 61ms @ http://localhost:3001/_next/static/chunks/node_modules_next_dist_1e8vcs8._.js:776
[  219823ms] [LOG] [Fast Refresh] done in 61ms @ http://localhost:3001/_next/static/chunks/node_modules_next_dist_1e8vcs8._.js:776
[  219860ms] [LOG] [Fast Refresh] done in 61ms @ http://localhost:3001/_next/static/chunks/node_modules_next_dist_1e8vcs8._.js:776
[  219897ms] [LOG] [Fast Refresh] done in 61ms @ http://localhost:3001/_next/static/chunks/node_modules_next_dist_1e8vcs8._.js:776
[  219935ms] [LOG] [Fast Refresh] done in 61ms @ http://localhost:3001/_next/static/chunks/node_modules_next_dist_1e8vcs8._.js:776
[  219971ms] [LOG] [Fast Refresh] done in 61ms @ http://localhost:3001/_next/static/chunks/node_modules_next_dist_1e8vcs8._.js:776
[  220007ms] [LOG] [Fast Refresh] done in 61ms @ http://localhost:3001/_next/static/chunks/node_modules_next_dist_1e8vcs8._.js:776
[  220042ms] [LOG] [Fast Refresh] done in 61ms @ http://localhost:3001/_next/static/chunks/node_modules_next_dist_1e8vcs8._.js:776
[  220080ms] [LOG] [Fast Refresh] done in 61ms @ http://localhost:3001/_next/static/chunks/node_modules_next_dist_1e8vcs8._.js:776
[  220118ms] [LOG] [Fast Refresh] done in 61ms @ http://localhost:3001/_next/static/chunks/node_modules_next_dist_1e8vcs8._.js:776
[  220155ms] [LOG] [Fast Refresh] done in 61ms @ http://localhost:3001/_next/static/chunks/node_modules_next_dist_1e8vcs8._.js:776
[  220191ms] [LOG] [Fast Refresh] done in 61ms @ http://localhost:3001/_next/static/chunks/node_modules_next_dist_1e8vcs8._.js:776
[  220227ms] [LOG] [Fast Refresh] done in 61ms @ http://localhost:3001/_next/static/chunks/node_modules_next_dist_1e8vcs8._.js:776
[  220263ms] [LOG] [Fast Refresh] done in 61ms @ http://localhost:3001/_next/static/chunks/node_modules_next_dist_1e8vcs8._.js:776
[  220301ms] [LOG] [Fast Refresh] done in 61ms @ http://localhost:3001/_next/static/chunks/node_modules_next_dist_1e8vcs8._.js:776
[  220338ms] [LOG] [Fast Refresh] done in 61ms @ http://localhost:3001/_next/static/chunks/node_modules_next_dist_1e8vcs8._.js:776
[  220375ms] [LOG] [Fast Refresh] done in 61ms @ http://localhost:3001/_next/static/chunks/node_modules_next_dist_1e8vcs8._.js:776
[  220414ms] [LOG] [Fast Refresh] done in 61ms @ http://localhost:3001/_next/static/chunks/node_modules_next_dist_1e8vcs8._.js:776
[  220448ms] [LOG] [Fast Refresh] done in 61ms @ http://localhost:3001/_next/static/chunks/node_modules_next_dist_1e8vcs8._.js:776
[  220486ms] [LOG] [Fast Refresh] done in 61ms @ http://localhost:3001/_next/static/chunks/node_modules_next_dist_1e8vcs8._.js:776
[  220524ms] [LOG] [Fast Refresh] done in 61ms @ http://localhost:3001/_next/static/chunks/node_modules_next_dist_1e8vcs8._.js:776
[  220561ms] [LOG] [Fast Refresh] done in 61ms @ http://localhost:3001/_next/static/chunks/node_modules_next_dist_1e8vcs8._.js:776
[  220599ms] [LOG] [Fast Refresh] done in 61ms @ http://localhost:3001/_next/static/chunks/node_modules_next_dist_1e8vcs8._.js:776
[  220636ms] [LOG] [Fast Refresh] done in 61ms @ http://localhost:3001/_next/static/chunks/node_modules_next_dist_1e8vcs8._.js:776
[  220673ms] [LOG] [Fast Refresh] done in 61ms @ http://localhost:3001/_next/static/chunks/node_modules_next_dist_1e8vcs8._.js:776
[  220710ms] [LOG] [Fast Refresh] done in 61ms @ http://localhost:3001/_next/static/chunks/node_modules_next_dist_1e8vcs8._.js:776
[  220748ms] [LOG] [Fast Refresh] done in 61ms @ http://localhost:3001/_next/static/chunks/node_modules_next_dist_1e8vcs8._.js:776
[  220785ms] [LOG] [Fast Refresh] done in 61ms @ http://localhost:3001/_next/static/chunks/node_modules_next_dist_1e8vcs8._.js:776
[  220823ms] [LOG] [Fast Refresh] done in 61ms @ http://localhost:3001/_next/static/chunks/node_modules_next_dist_1e8vcs8._.js:776
[  220859ms] [LOG] [Fast Refresh] done in 61ms @ http://localhost:3001/_next/static/chunks/node_modules_next_dist_1e8vcs8._.js:776
[  220894ms] [LOG] [Fast Refresh] done in 61ms @ http://localhost:3001/_next/static/chunks/node_modules_next_dist_1e8vcs8._.js:776
[  220932ms] [LOG] [Fast Refresh] done in 61ms @ http://localhost:3001/_next/static/chunks/node_modules_next_dist_1e8vcs8._.js:776
[  220969ms] [LOG] [Fast Refresh] done in 61ms @ http://localhost:3001/_next/static/chunks/node_modules_next_dist_1e8vcs8._.js:776
[  221006ms] [LOG] [Fast Refresh] done in 61ms @ http://localhost:3001/_next/static/chunks/node_modules_next_dist_1e8vcs8._.js:776
[  221042ms] [LOG] [Fast Refresh] done in 61ms @ http://localhost:3001/_next/static/chunks/node_modules_next_dist_1e8vcs8._.js:776
[  221078ms] [LOG] [Fast Refresh] done in 61ms @ http://localhost:3001/_next/static/chunks/node_modules_next_dist_1e8vcs8._.js:776
[  221116ms] [LOG] [Fast Refresh] done in 61ms @ http://localhost:3001/_next/static/chunks/node_modules_next_dist_1e8vcs8._.js:776
[  221153ms] [LOG] [Fast Refresh] done in 61ms @ http://localhost:3001/_next/static/chunks/node_modules_next_dist_1e8vcs8._.js:776
[  221191ms] [LOG] [Fast Refresh] done in 61ms @ http://localhost:3001/_next/static/chunks/node_modules_next_dist_1e8vcs8._.js:776
[  221227ms] [LOG] [Fast Refresh] done in 61ms @ http://localhost:3001/_next/static/chunks/node_modules_next_dist_1e8vcs8._.js:776
[  221265ms] [LOG] [Fast Refresh] done in 61ms @ http://localhost:3001/_next/static/chunks/node_modules_next_dist_1e8vcs8._.js:776
[  221302ms] [LOG] [Fast Refresh] done in 61ms @ http://localhost:3001/_next/static/chunks/node_modules_next_dist_1e8vcs8._.js:776
[  221339ms] [LOG] [Fast Refresh] done in 61ms @ http://localhost:3001/_next/static/chunks/node_modules_next_dist_1e8vcs8._.js:776
[  221377ms] [LOG] [Fast Refresh] done in 61ms @ http://localhost:3001/_next/static/chunks/node_modules_next_dist_1e8vcs8._.js:776
[  221413ms] [LOG] [Fast Refresh] done in 61ms @ http://localhost:3001/_next/static/chunks/node_modules_next_dist_1e8vcs8._.js:776
[  221451ms] [LOG] [Fast Refresh] done in 61ms @ http://localhost:3001/_next/static/chunks/node_modules_next_dist_1e8vcs8._.js:776
[  221488ms] [LOG] [Fast Refresh] done in 61ms @ http://localhost:3001/_next/static/chunks/node_modules_next_dist_1e8vcs8._.js:776
[  221524ms] [LOG] [Fast Refresh] done in 61ms @ http://localhost:3001/_next/static/chunks/node_modules_next_dist_1e8vcs8._.js:776
[  221560ms] [LOG] [Fast Refresh] done in 61ms @ http://localhost:3001/_next/static/chunks/node_modules_next_dist_1e8vcs8._.js:776
[  221597ms] [LOG] [Fast Refresh] done in 61ms @ http://localhost:3001/_next/static/chunks/node_modules_next_dist_1e8vcs8._.js:776
[  221635ms] [LOG] [Fast Refresh] done in 61ms @ http://localhost:3001/_next/static/chunks/node_modules_next_dist_1e8vcs8._.js:776
[  221672ms] [LOG] [Fast Refresh] done in 61ms @ http://localhost:3001/_next/static/chunks/node_modules_next_dist_1e8vcs8._.js:776
[  221708ms] [LOG] [Fast Refresh] done in 61ms @ http://localhost:3001/_next/static/chunks/node_modules_next_dist_1e8vcs8._.js:776
[  221745ms] [LOG] [Fast Refresh] done in 61ms @ http://localhost:3001/_next/static/chunks/node_modules_next_dist_1e8vcs8._.js:776
[  221783ms] [LOG] [Fast Refresh] done in 61ms @ http://localhost:3001/_next/static/chunks/node_modules_next_dist_1e8vcs8._.js:776
[  221820ms] [LOG] [Fast Refresh] done in 61ms @ http://localhost:3001/_next/static/chunks/node_modules_next_dist_1e8vcs8._.js:776
[  221856ms] [LOG] [Fast Refresh] done in 61ms @ http://localhost:3001/_next/static/chunks/node_modules_next_dist_1e8vcs8._.js:776
[  221892ms] [LOG] [Fast Refresh] done in 61ms @ http://localhost:3001/_next/static/chunks/node_modules_next_dist_1e8vcs8._.js:776
[  221928ms] [LOG] [Fast Refresh] done in 61ms @ http://localhost:3001/_next/static/chunks/node_modules_next_dist_1e8vcs8._.js:776
[  221964ms] [LOG] [Fast Refresh] done in 61ms @ http://localhost:3001/_next/static/chunks/node_modules_next_dist_1e8vcs8._.js:776
[  221999ms] [LOG] [Fast Refresh] done in 61ms @ http://localhost:3001/_next/static/chunks/node_modules_next_dist_1e8vcs8._.js:776
[  222035ms] [LOG] [Fast Refresh] done in 61ms @ http://localhost:3001/_next/static/chunks/node_modules_next_dist_1e8vcs8._.js:776
[  222071ms] [LOG] [Fast Refresh] done in 61ms @ http://localhost:3001/_next/static/chunks/node_modules_next_dist_1e8vcs8._.js:776
[  222108ms] [LOG] [Fast Refresh] done in 61ms @ http://localhost:3001/_next/static/chunks/node_modules_next_dist_1e8vcs8._.js:776
[  222145ms] [LOG] [Fast Refresh] done in 61ms @ http://localhost:3001/_next/static/chunks/node_modules_next_dist_1e8vcs8._.js:776
[  222180ms] [LOG] [Fast Refresh] done in 61ms @ http://localhost:3001/_next/static/chunks/node_modules_next_dist_1e8vcs8._.js:776
[  222217ms] [LOG] [Fast Refresh] done in 61ms @ http://localhost:3001/_next/static/chunks/node_modules_next_dist_1e8vcs8._.js:776
[  222252ms] [LOG] [Fast Refresh] done in 61ms @ http://localhost:3001/_next/static/chunks/node_modules_next_dist_1e8vcs8._.js:776
[  222288ms] [LOG] [Fast Refresh] done in 61ms @ http://localhost:3001/_next/static/chunks/node_modules_next_dist_1e8vcs8._.js:776
[  222325ms] [LOG] [Fast Refresh] done in 61ms @ http://localhost:3001/_next/static/chunks/node_modules_next_dist_1e8vcs8._.js:776
[  222361ms] [LOG] [Fast Refresh] done in 61ms @ http://localhost:3001/_next/static/chunks/node_modules_next_dist_1e8vcs8._.js:776
[  222397ms] [LOG] [Fast Refresh] done in 61ms @ http://localhost:3001/_next/static/chunks/node_modules_next_dist_1e8vcs8._.js:776
[  222435ms] [LOG] [Fast Refresh] done in 61ms @ http://localhost:3001/_next/static/chunks/node_modules_next_dist_1e8vcs8._.js:776
[  222472ms] [LOG] [Fast Refresh] done in 61ms @ http://localhost:3001/_next/static/chunks/node_modules_next_dist_1e8vcs8._.js:776
[  222507ms] [LOG] [Fast Refresh] done in 61ms @ http://localhost:3001/_next/static/chunks/node_modules_next_dist_1e8vcs8._.js:776
[  222543ms] [LOG] [Fast Refresh] done in 61ms @ http://localhost:3001/_next/static/chunks/node_modules_next_dist_1e8vcs8._.js:776
[  222578ms] [LOG] [Fast Refresh] done in 61ms @ http://localhost:3001/_next/static/chunks/node_modules_next_dist_1e8vcs8._.js:776
[  222615ms] [LOG] [Fast Refresh] done in 61ms @ http://localhost:3001/_next/static/chunks/node_modules_next_dist_1e8vcs8._.js:776
[  222651ms] [LOG] [Fast Refresh] done in 61ms @ http://localhost:3001/_next/static/chunks/node_modules_next_dist_1e8vcs8._.js:776
[  222687ms] [LOG] [Fast Refresh] done in 61ms @ http://localhost:3001/_next/static/chunks/node_modules_next_dist_1e8vcs8._.js:776
[  222726ms] [LOG] [Fast Refresh] done in 61ms @ http://localhost:3001/_next/static/chunks/node_modules_next_dist_1e8vcs8._.js:776
[  222762ms] [LOG] [Fast Refresh] done in 61ms @ http://localhost:3001/_next/static/chunks/node_modules_next_dist_1e8vcs8._.js:776
[  222798ms] [LOG] [Fast Refresh] done in 61ms @ http://localhost:3001/_next/static/chunks/node_modules_next_dist_1e8vcs8._.js:776
[  222834ms] [LOG] [Fast Refresh] done in 61ms @ http://localhost:3001/_next/static/chunks/node_modules_next_dist_1e8vcs8._.js:776
[  222871ms] [LOG] [Fast Refresh] done in 61ms @ http://localhost:3001/_next/static/chunks/node_modules_next_dist_1e8vcs8._.js:776
[  222908ms] [LOG] [Fast Refresh] done in 61ms @ http://localhost:3001/_next/static/chunks/node_modules_next_dist_1e8vcs8._.js:776
[  222943ms] [LOG] [Fast Refresh] done in 61ms @ http://localhost:3001/_next/static/chunks/node_modules_next_dist_1e8vcs8._.js:776
[  222980ms] [LOG] [Fast Refresh] done in 61ms @ http://localhost:3001/_next/static/chunks/node_modules_next_dist_1e8vcs8._.js:776
[  223015ms] [LOG] [Fast Refresh] done in 61ms @ http://localhost:3001/_next/static/chunks/node_modules_next_dist_1e8vcs8._.js:776
[  223052ms] [LOG] [Fast Refresh] done in 61ms @ http://localhost:3001/_next/static/chunks/node_modules_next_dist_1e8vcs8._.js:776
[  223088ms] [LOG] [Fast Refresh] done in 61ms @ http://localhost:3001/_next/static/chunks/node_modules_next_dist_1e8vcs8._.js:776
[  223124ms] [LOG] [Fast Refresh] done in 61ms @ http://localhost:3001/_next/static/chunks/node_modules_next_dist_1e8vcs8._.js:776
[  223161ms] [LOG] [Fast Refresh] done in 61ms @ http://localhost:3001/_next/static/chunks/node_modules_next_dist_1e8vcs8._.js:776
[  223198ms] [LOG] [Fast Refresh] done in 61ms @ http://localhost:3001/_next/static/chunks/node_modules_next_dist_1e8vcs8._.js:776
[  223235ms] [LOG] [Fast Refresh] done in 61ms @ http://localhost:3001/_next/static/chunks/node_modules_next_dist_1e8vcs8._.js:776
[  223271ms] [LOG] [Fast Refresh] done in 61ms @ http://localhost:3001/_next/static/chunks/node_modules_next_dist_1e8vcs8._.js:776
[  223307ms] [LOG] [Fast Refresh] done in 61ms @ http://localhost:3001/_next/static/chunks/node_modules_next_dist_1e8vcs8._.js:776
[  223344ms] [LOG] [Fast Refresh] done in 61ms @ http://localhost:3001/_next/static/chunks/node_modules_next_dist_1e8vcs8._.js:776
[  223381ms] [LOG] [Fast Refresh] done in 61ms @ http://localhost:3001/_next/static/chunks/node_modules_next_dist_1e8vcs8._.js:776
[  223417ms] [LOG] [Fast Refresh] done in 61ms @ http://localhost:3001/_next/static/chunks/node_modules_next_dist_1e8vcs8._.js:776
[  223453ms] [LOG] [Fast Refresh] done in 61ms @ http://localhost:3001/_next/static/chunks/node_modules_next_dist_1e8vcs8._.js:776
[  223489ms] [LOG] [Fast Refresh] done in 61ms @ http://localhost:3001/_next/static/chunks/node_modules_next_dist_1e8vcs8._.js:776
[  223526ms] [LOG] [Fast Refresh] done in 61ms @ http://localhost:3001/_next/static/chunks/node_modules_next_dist_1e8vcs8._.js:776
[  223562ms] [LOG] [Fast Refresh] done in 61ms @ http://localhost:3001/_next/static/chunks/node_modules_next_dist_1e8vcs8._.js:776
[  223598ms] [LOG] [Fast Refresh] done in 61ms @ http://localhost:3001/_next/static/chunks/node_modules_next_dist_1e8vcs8._.js:776
[  223636ms] [LOG] [Fast Refresh] done in 61ms @ http://localhost:3001/_next/static/chunks/node_modules_next_dist_1e8vcs8._.js:776
[  223671ms] [LOG] [Fast Refresh] done in 61ms @ http://localhost:3001/_next/static/chunks/node_modules_next_dist_1e8vcs8._.js:776
[  223708ms] [LOG] [Fast Refresh] done in 61ms @ http://localhost:3001/_next/static/chunks/node_modules_next_dist_1e8vcs8._.js:776
[  223747ms] [LOG] [Fast Refresh] done in 61ms @ http://localhost:3001/_next/static/chunks/node_modules_next_dist_1e8vcs8._.js:776
[  223783ms] [LOG] [Fast Refresh] done in 61ms @ http://localhost:3001/_next/static/chunks/node_modules_next_dist_1e8vcs8._.js:776
[  223818ms] [LOG] [Fast Refresh] done in 61ms @ http://localhost:3001/_next/static/chunks/node_modules_next_dist_1e8vcs8._.js:776
[  223855ms] [LOG] [Fast Refresh] done in 61ms @ http://localhost:3001/_next/static/chunks/node_modules_next_dist_1e8vcs8._.js:776
[  223893ms] [LOG] [Fast Refresh] done in 61ms @ http://localhost:3001/_next/static/chunks/node_modules_next_dist_1e8vcs8._.js:776
[  223931ms] [LOG] [Fast Refresh] done in 61ms @ http://localhost:3001/_next/static/chunks/node_modules_next_dist_1e8vcs8._.js:776
[  223969ms] [LOG] [Fast Refresh] done in 61ms @ http://localhost:3001/_next/static/chunks/node_modules_next_dist_1e8vcs8._.js:776
[  224004ms] [LOG] [Fast Refresh] done in 61ms @ http://localhost:3001/_next/static/chunks/node_modules_next_dist_1e8vcs8._.js:776
[  224040ms] [LOG] [Fast Refresh] done in 61ms @ http://localhost:3001/_next/static/chunks/node_modules_next_dist_1e8vcs8._.js:776
[  224076ms] [LOG] [Fast Refresh] done in 61ms @ http://localhost:3001/_next/static/chunks/node_modules_next_dist_1e8vcs8._.js:776
[  224112ms] [LOG] [Fast Refresh] done in 61ms @ http://localhost:3001/_next/static/chunks/node_modules_next_dist_1e8vcs8._.js:776
[  224149ms] [LOG] [Fast Refresh] done in 61ms @ http://localhost:3001/_next/static/chunks/node_modules_next_dist_1e8vcs8._.js:776
[  224185ms] [LOG] [Fast Refresh] done in 61ms @ http://localhost:3001/_next/static/chunks/node_modules_next_dist_1e8vcs8._.js:776
[  224223ms] [LOG] [Fast Refresh] done in 61ms @ http://localhost:3001/_next/static/chunks/node_modules_next_dist_1e8vcs8._.js:776
[  224262ms] [LOG] [Fast Refresh] done in 61ms @ http://localhost:3001/_next/static/chunks/node_modules_next_dist_1e8vcs8._.js:776
[  224297ms] [LOG] [Fast Refresh] done in 61ms @ http://localhost:3001/_next/static/chunks/node_modules_next_dist_1e8vcs8._.js:776
[  224334ms] [LOG] [Fast Refresh] done in 61ms @ http://localhost:3001/_next/static/chunks/node_modules_next_dist_1e8vcs8._.js:776
[  224369ms] [LOG] [Fast Refresh] done in 61ms @ http://localhost:3001/_next/static/chunks/node_modules_next_dist_1e8vcs8._.js:776
[  224407ms] [LOG] [Fast Refresh] done in 61ms @ http://localhost:3001/_next/static/chunks/node_modules_next_dist_1e8vcs8._.js:776
[  224445ms] [LOG] [Fast Refresh] done in 61ms @ http://localhost:3001/_next/static/chunks/node_modules_next_dist_1e8vcs8._.js:776
[  224483ms] [LOG] [Fast Refresh] done in 61ms @ http://localhost:3001/_next/static/chunks/node_modules_next_dist_1e8vcs8._.js:776
[  224520ms] [LOG] [Fast Refresh] done in 61ms @ http://localhost:3001/_next/static/chunks/node_modules_next_dist_1e8vcs8._.js:776
[  224557ms] [LOG] [Fast Refresh] done in 61ms @ http://localhost:3001/_next/static/chunks/node_modules_next_dist_1e8vcs8._.js:776
[  224595ms] [LOG] [Fast Refresh] done in 61ms @ http://localhost:3001/_next/static/chunks/node_modules_next_dist_1e8vcs8._.js:776
[  224632ms] [LOG] [Fast Refresh] done in 61ms @ http://localhost:3001/_next/static/chunks/node_modules_next_dist_1e8vcs8._.js:776
[  224668ms] [LOG] [Fast Refresh] done in 61ms @ http://localhost:3001/_next/static/chunks/node_modules_next_dist_1e8vcs8._.js:776
[  224703ms] [LOG] [Fast Refresh] done in 61ms @ http://localhost:3001/_next/static/chunks/node_modules_next_dist_1e8vcs8._.js:776
